The argument `trust_remote_code` is to be used with Auto classes. It has no effect here and is ignored.
`Qwen2VLRotaryEmbedding` can now be fully parameterized by passing the model config through the `config` argument. All other arguments will be removed in v4.46
Loading checkpoint shards:   0%|          | 0/5 [00:00<?, ?it/s]Loading checkpoint shards:  20%|██        | 1/5 [00:01<00:04,  1.19s/it]Loading checkpoint shards:  40%|████      | 2/5 [00:02<00:03,  1.12s/it]Loading checkpoint shards:  60%|██████    | 3/5 [00:03<00:02,  1.10s/it]Loading checkpoint shards:  80%|████████  | 4/5 [00:04<00:01,  1.10s/it]Loading checkpoint shards: 100%|██████████| 5/5 [00:04<00:00,  1.21it/s]Loading checkpoint shards: 100%|██████████| 5/5 [00:04<00:00,  1.05it/s]
== p1 attack c000 (1/35) ==
p1 c000 1/40 L=-0.269 Lq=-0.0524 Le=-0.220 rA=0.474 rB=0.526 a_out=0 b_in=0 mem=20.575722694396973
p1 c000 2/40 L=-0.330 Lq=-0.0667 Le=-0.266 rA=0.467 rB=0.533 a_out=1 b_in=26 mem=20.593081951141357
p1 c000 3/40 L=-0.378 Lq=-0.0732 Le=-0.309 rA=0.463 rB=0.537 a_out=2 b_in=31 mem=20.593081951141357
p1 c000 4/40 L=-0.389 Lq=-0.0810 Le=-0.312 rA=0.460 rB=0.540 a_out=2 b_in=29 mem=20.593081951141357
p1 c000 5/40 L=-0.425 Lq=-0.0910 Le=-0.338 rA=0.455 rB=0.545 a_out=3 b_in=33 mem=20.593081951141357
p1 c000 6/40 L=-0.435 Lq=-0.0926 Le=-0.346 rA=0.454 rB=0.546 a_out=3 b_in=32 mem=20.593081951141357
p1 c000 7/40 L=-0.409 Lq=-0.0867 Le=-0.327 rA=0.457 rB=0.543 a_out=3 b_in=34 mem=20.593081951141357
p1 c000 8/40 L=-0.425 Lq=-0.0918 Le=-0.337 rA=0.454 rB=0.546 a_out=3 b_in=28 mem=20.593081951141357
p1 c000 9/40 L=-0.412 Lq=-0.0866 Le=-0.330 rA=0.457 rB=0.543 a_out=3 b_in=28 mem=20.593081951141357
p1 c000 10/40 L=-0.424 Lq=-0.0927 Le=-0.336 rA=0.454 rB=0.546 a_out=3 b_in=32 mem=20.593081951141357
p1 c000 11/40 L=-0.442 Lq=-0.0965 Le=-0.349 rA=0.452 rB=0.548 a_out=3 b_in=36 mem=20.593081951141357
p1 c000 12/40 L=-0.454 Lq=-0.1001 Le=-0.358 rA=0.450 rB=0.550 a_out=4 b_in=33 mem=20.593081951141357
p1 c000 13/40 L=-0.484 Lq=-0.1129 Le=-0.376 rA=0.444 rB=0.556 a_out=4 b_in=32 mem=20.593081951141357
p1 c000 14/40 L=-0.499 Lq=-0.1185 Le=-0.385 rA=0.441 rB=0.559 a_out=5 b_in=36 mem=20.593081951141357
p1 c000 15/40 L=-0.497 Lq=-0.1159 Le=-0.386 rA=0.442 rB=0.558 a_out=5 b_in=35 mem=20.593081951141357
p1 c000 16/40 L=-0.508 Lq=-0.1207 Le=-0.392 rA=0.440 rB=0.560 a_out=5 b_in=33 mem=20.593081951141357
p1 c000 17/40 L=-0.486 Lq=-0.1131 Le=-0.378 rA=0.443 rB=0.557 a_out=4 b_in=30 mem=20.593081951141357
p1 c000 18/40 L=-0.497 Lq=-0.1194 Le=-0.382 rA=0.440 rB=0.560 a_out=5 b_in=30 mem=20.593081951141357
p1 c000 19/40 L=-0.477 Lq=-0.1111 Le=-0.370 rA=0.444 rB=0.556 a_out=4 b_in=28 mem=20.593081951141357
p1 c000 20/40 L=-0.513 Lq=-0.1240 Le=-0.393 rA=0.438 rB=0.562 a_out=5 b_in=31 mem=20.593081951141357
p1 c000 21/40 L=-0.499 Lq=-0.1187 Le=-0.385 rA=0.441 rB=0.559 a_out=5 b_in=32 mem=20.593081951141357
p1 c000 22/40 L=-0.502 Lq=-0.1196 Le=-0.388 rA=0.440 rB=0.560 a_out=5 b_in=34 mem=20.593081951141357
p1 c000 23/40 L=-0.531 Lq=-0.1311 Le=-0.404 rA=0.434 rB=0.566 a_out=6 b_in=35 mem=20.593081951141357
p1 c000 24/40 L=-0.519 Lq=-0.1257 Le=-0.398 rA=0.437 rB=0.563 a_out=5 b_in=31 mem=20.593081951141357
p1 c000 25/40 L=-0.516 Lq=-0.1261 Le=-0.394 rA=0.437 rB=0.563 a_out=5 b_in=28 mem=20.593081951141357
p1 c000 26/40 L=-0.490 Lq=-0.1158 Le=-0.379 rA=0.442 rB=0.558 a_out=5 b_in=33 mem=20.593081951141357
p1 c000 27/40 L=-0.470 Lq=-0.1068 Le=-0.367 rA=0.447 rB=0.553 a_out=4 b_in=29 mem=20.593081951141357
p1 c000 28/40 L=-0.493 Lq=-0.1153 Le=-0.382 rA=0.442 rB=0.558 a_out=5 b_in=31 mem=20.593081951141357
p1 c000 29/40 L=-0.485 Lq=-0.1146 Le=-0.376 rA=0.443 rB=0.557 a_out=5 b_in=35 mem=20.593081951141357
p1 c000 30/40 L=-0.478 Lq=-0.1090 Le=-0.373 rA=0.445 rB=0.555 a_out=4 b_in=36 mem=20.593081951141357
p1 c000 31/40 L=-0.488 Lq=-0.1136 Le=-0.380 rA=0.443 rB=0.557 a_out=5 b_in=36 mem=20.593081951141357
p1 c000 32/40 L=-0.505 Lq=-0.1220 Le=-0.387 rA=0.439 rB=0.561 a_out=5 b_in=34 mem=20.593081951141357
p1 c000 33/40 L=-0.484 Lq=-0.1127 Le=-0.376 rA=0.444 rB=0.556 a_out=4 b_in=30 mem=20.593081951141357
p1 c000 34/40 L=-0.524 Lq=-0.1280 Le=-0.401 rA=0.436 rB=0.564 a_out=5 b_in=35 mem=20.593081951141357
p1 c000 35/40 L=-0.534 Lq=-0.1337 Le=-0.405 rA=0.433 rB=0.567 a_out=6 b_in=33 mem=20.593081951141357
p1 c000 36/40 L=-0.531 Lq=-0.1323 Le=-0.404 rA=0.434 rB=0.566 a_out=6 b_in=30 mem=20.593081951141357
p1 c000 37/40 L=-0.526 Lq=-0.1317 Le=-0.400 rA=0.434 rB=0.566 a_out=6 b_in=32 mem=20.593081951141357
p1 c000 38/40 L=-0.539 Lq=-0.1364 Le=-0.408 rA=0.432 rB=0.568 a_out=6 b_in=29 mem=20.593081951141357
p1 c000 39/40 L=-0.545 Lq=-0.1382 Le=-0.412 rA=0.431 rB=0.569 a_out=6 b_in=29 mem=20.593081951141357
p1 c000 40/40 L=-0.543 Lq=-0.1400 Le=-0.409 rA=0.430 rB=0.570 a_out=6 b_in=30 mem=20.593081951141357
== p1 attack c002 (2/35) ==
p1 c002 1/40 L=-0.240 Lq=-0.0541 Le=-0.189 rA=0.473 rB=0.527 a_out=0 b_in=0 mem=20.82783794403076
p1 c002 2/40 L=-0.208 Lq=-0.0512 Le=-0.159 rA=0.474 rB=0.526 a_out=0 b_in=19 mem=20.833792209625244
p1 c002 3/40 L=-0.277 Lq=-0.0614 Le=-0.219 rA=0.469 rB=0.531 a_out=0 b_in=24 mem=20.833792209625244
p1 c002 4/40 L=-0.239 Lq=-0.0580 Le=-0.184 rA=0.471 rB=0.529 a_out=0 b_in=21 mem=20.833792209625244
p1 c002 5/40 L=-0.233 Lq=-0.0552 Le=-0.182 rA=0.472 rB=0.528 a_out=0 b_in=31 mem=20.833792209625244
p1 c002 6/40 L=-0.314 Lq=-0.0714 Le=-0.247 rA=0.464 rB=0.536 a_out=1 b_in=34 mem=20.833792209625244
p1 c002 7/40 L=-0.290 Lq=-0.0669 Le=-0.228 rA=0.467 rB=0.533 a_out=0 b_in=36 mem=20.833792209625244
p1 c002 8/40 L=-0.295 Lq=-0.0621 Le=-0.237 rA=0.469 rB=0.531 a_out=0 b_in=28 mem=20.833792209625244
p1 c002 9/40 L=-0.342 Lq=-0.0765 Le=-0.271 rA=0.462 rB=0.538 a_out=1 b_in=33 mem=20.833792209625244
p1 c002 10/40 L=-0.308 Lq=-0.0619 Le=-0.252 rA=0.469 rB=0.531 a_out=0 b_in=32 mem=20.833792209625244
p1 c002 11/40 L=-0.302 Lq=-0.0671 Le=-0.241 rA=0.466 rB=0.534 a_out=0 b_in=36 mem=20.833792209625244
p1 c002 12/40 L=-0.291 Lq=-0.0637 Le=-0.232 rA=0.468 rB=0.532 a_out=0 b_in=36 mem=20.833792209625244
p1 c002 13/40 L=-0.288 Lq=-0.0617 Le=-0.230 rA=0.469 rB=0.531 a_out=0 b_in=35 mem=20.833792209625244
p1 c002 14/40 L=-0.332 Lq=-0.0726 Le=-0.267 rA=0.464 rB=0.536 a_out=1 b_in=33 mem=20.833792209625244
p1 c002 15/40 L=-0.312 Lq=-0.0669 Le=-0.252 rA=0.467 rB=0.533 a_out=0 b_in=32 mem=20.833792209625244
p1 c002 16/40 L=-0.359 Lq=-0.0798 Le=-0.286 rA=0.460 rB=0.540 a_out=1 b_in=33 mem=20.833792209625244
p1 c002 17/40 L=-0.373 Lq=-0.0860 Le=-0.295 rA=0.457 rB=0.543 a_out=2 b_in=30 mem=20.833792209625244
p1 c002 18/40 L=-0.324 Lq=-0.0686 Le=-0.262 rA=0.466 rB=0.534 a_out=0 b_in=32 mem=20.833792209625244
p1 c002 19/40 L=-0.329 Lq=-0.0645 Le=-0.273 rA=0.468 rB=0.532 a_out=0 b_in=33 mem=20.833792209625244
p1 c002 20/40 L=-0.323 Lq=-0.0673 Le=-0.262 rA=0.466 rB=0.534 a_out=0 b_in=33 mem=20.833792209625244
p1 c002 21/40 L=-0.346 Lq=-0.0731 Le=-0.280 rA=0.463 rB=0.537 a_out=1 b_in=34 mem=20.833792209625244
p1 c002 22/40 L=-0.318 Lq=-0.0643 Le=-0.261 rA=0.468 rB=0.532 a_out=0 b_in=33 mem=20.833792209625244
p1 c002 23/40 L=-0.311 Lq=-0.0634 Le=-0.253 rA=0.468 rB=0.532 a_out=0 b_in=30 mem=20.833792209625244
p1 c002 24/40 L=-0.301 Lq=-0.0623 Le=-0.245 rA=0.469 rB=0.531 a_out=0 b_in=32 mem=20.833792209625244
p1 c002 25/40 L=-0.267 Lq=-0.0479 Le=-0.226 rA=0.476 rB=0.524 a_out=0 b_in=28 mem=20.833792209625244
p1 c002 26/40 L=-0.371 Lq=-0.0846 Le=-0.294 rA=0.458 rB=0.542 a_out=2 b_in=33 mem=20.833792209625244
p1 c002 27/40 L=-0.379 Lq=-0.0848 Le=-0.300 rA=0.458 rB=0.542 a_out=2 b_in=31 mem=20.833792209625244
p1 c002 28/40 L=-0.387 Lq=-0.0897 Le=-0.302 rA=0.455 rB=0.545 a_out=2 b_in=33 mem=20.833792209625244
p1 c002 29/40 L=-0.362 Lq=-0.0797 Le=-0.288 rA=0.460 rB=0.540 a_out=1 b_in=35 mem=20.833792209625244
p1 c002 30/40 L=-0.370 Lq=-0.0809 Le=-0.295 rA=0.460 rB=0.540 a_out=1 b_in=29 mem=20.833792209625244
p1 c002 31/40 L=-0.357 Lq=-0.0790 Le=-0.284 rA=0.460 rB=0.540 a_out=1 b_in=34 mem=20.833792209625244
p1 c002 32/40 L=-0.343 Lq=-0.0727 Le=-0.276 rA=0.464 rB=0.536 a_out=1 b_in=33 mem=20.833792209625244
p1 c002 33/40 L=-0.343 Lq=-0.0741 Le=-0.274 rA=0.463 rB=0.537 a_out=1 b_in=30 mem=20.833792209625244
p1 c002 34/40 L=-0.378 Lq=-0.0823 Le=-0.300 rA=0.459 rB=0.541 a_out=1 b_in=24 mem=20.833792209625244
p1 c002 35/40 L=-0.413 Lq=-0.0964 Le=-0.323 rA=0.452 rB=0.548 a_out=2 b_in=32 mem=20.833792209625244
p1 c002 36/40 L=-0.396 Lq=-0.0828 Le=-0.318 rA=0.459 rB=0.541 a_out=1 b_in=32 mem=20.833792209625244
p1 c002 37/40 L=-0.400 Lq=-0.0896 Le=-0.316 rA=0.455 rB=0.545 a_out=2 b_in=32 mem=20.833792209625244
p1 c002 38/40 L=-0.393 Lq=-0.0881 Le=-0.310 rA=0.456 rB=0.544 a_out=2 b_in=29 mem=20.833792209625244
p1 c002 39/40 L=-0.403 Lq=-0.0892 Le=-0.319 rA=0.455 rB=0.545 a_out=2 b_in=31 mem=20.833792209625244
p1 c002 40/40 L=-0.402 Lq=-0.0901 Le=-0.318 rA=0.455 rB=0.545 a_out=2 b_in=29 mem=20.833792209625244
== p1 attack c003 (3/35) ==
p1 c003 1/40 L=-0.137 Lq=-0.0237 Le=-0.120 rA=0.488 rB=0.512 a_out=0 b_in=0 mem=20.833792209625244
p1 c003 2/40 L=-0.129 Lq=-0.0402 Le=-0.096 rA=0.480 rB=0.520 a_out=1 b_in=20 mem=20.833792209625244
p1 c003 3/40 L=-0.196 Lq=-0.0499 Le=-0.154 rA=0.475 rB=0.525 a_out=2 b_in=21 mem=20.833792209625244
p1 c003 4/40 L=-0.253 Lq=-0.0568 Le=-0.204 rA=0.472 rB=0.528 a_out=2 b_in=19 mem=20.833792209625244
p1 c003 5/40 L=-0.270 Lq=-0.0729 Le=-0.205 rA=0.464 rB=0.536 a_out=3 b_in=24 mem=20.833792209625244
p1 c003 6/40 L=-0.289 Lq=-0.0712 Le=-0.225 rA=0.464 rB=0.536 a_out=3 b_in=22 mem=20.833792209625244
p1 c003 7/40 L=-0.254 Lq=-0.0601 Le=-0.202 rA=0.470 rB=0.530 a_out=2 b_in=24 mem=20.833792209625244
p1 c003 8/40 L=-0.285 Lq=-0.0696 Le=-0.223 rA=0.465 rB=0.535 a_out=3 b_in=23 mem=20.833792209625244
p1 c003 9/40 L=-0.293 Lq=-0.0655 Le=-0.234 rA=0.467 rB=0.533 a_out=3 b_in=26 mem=20.833792209625244
p1 c003 10/40 L=-0.283 Lq=-0.0616 Le=-0.229 rA=0.469 rB=0.531 a_out=2 b_in=24 mem=20.833792209625244
p1 c003 11/40 L=-0.292 Lq=-0.0701 Le=-0.229 rA=0.465 rB=0.535 a_out=3 b_in=24 mem=20.833792209625244
p1 c003 12/40 L=-0.295 Lq=-0.0709 Le=-0.231 rA=0.465 rB=0.535 a_out=3 b_in=23 mem=20.833792209625244
p1 c003 13/40 L=-0.303 Lq=-0.0717 Le=-0.239 rA=0.464 rB=0.536 a_out=3 b_in=20 mem=20.833792209625244
p1 c003 14/40 L=-0.311 Lq=-0.0697 Le=-0.249 rA=0.465 rB=0.535 a_out=3 b_in=21 mem=20.833792209625244
p1 c003 15/40 L=-0.301 Lq=-0.0738 Le=-0.234 rA=0.463 rB=0.537 a_out=3 b_in=23 mem=20.833792209625244
p1 c003 16/40 L=-0.294 Lq=-0.0759 Le=-0.226 rA=0.462 rB=0.538 a_out=3 b_in=24 mem=20.833792209625244
p1 c003 17/40 L=-0.270 Lq=-0.0603 Le=-0.217 rA=0.470 rB=0.530 a_out=2 b_in=29 mem=20.833792209625244
p1 c003 18/40 L=-0.338 Lq=-0.0760 Le=-0.270 rA=0.462 rB=0.538 a_out=3 b_in=26 mem=20.833792209625244
p1 c003 19/40 L=-0.342 Lq=-0.0824 Le=-0.267 rA=0.459 rB=0.541 a_out=4 b_in=24 mem=20.833792209625244
p1 c003 20/40 L=-0.370 Lq=-0.0871 Le=-0.291 rA=0.456 rB=0.544 a_out=4 b_in=28 mem=20.833792209625244
p1 c003 21/40 L=-0.351 Lq=-0.0801 Le=-0.279 rA=0.460 rB=0.540 a_out=4 b_in=27 mem=20.833792209625244
p1 c003 22/40 L=-0.400 Lq=-0.0988 Le=-0.309 rA=0.451 rB=0.549 a_out=5 b_in=28 mem=20.833792209625244
p1 c003 23/40 L=-0.413 Lq=-0.1025 Le=-0.318 rA=0.449 rB=0.551 a_out=5 b_in=26 mem=20.833792209625244
p1 c003 24/40 L=-0.373 Lq=-0.0890 Le=-0.292 rA=0.456 rB=0.544 a_out=4 b_in=35 mem=20.833792209625244
p1 c003 25/40 L=-0.419 Lq=-0.1018 Le=-0.326 rA=0.449 rB=0.551 a_out=5 b_in=29 mem=20.833792209625244
p1 c003 26/40 L=-0.462 Lq=-0.1198 Le=-0.350 rA=0.440 rB=0.560 a_out=7 b_in=30 mem=20.833792209625244
p1 c003 27/40 L=-0.409 Lq=-0.0998 Le=-0.318 rA=0.450 rB=0.550 a_out=5 b_in=27 mem=20.833792209625244
p1 c003 28/40 L=-0.436 Lq=-0.1114 Le=-0.333 rA=0.444 rB=0.556 a_out=6 b_in=27 mem=20.833792209625244
p1 c003 29/40 L=-0.460 Lq=-0.1208 Le=-0.347 rA=0.440 rB=0.560 a_out=7 b_in=27 mem=20.833792209625244
p1 c003 30/40 L=-0.438 Lq=-0.1064 Le=-0.339 rA=0.447 rB=0.553 a_out=6 b_in=32 mem=20.833792209625244
p1 c003 31/40 L=-0.427 Lq=-0.1080 Le=-0.326 rA=0.446 rB=0.554 a_out=6 b_in=29 mem=20.833792209625244
p1 c003 32/40 L=-0.417 Lq=-0.1017 Le=-0.322 rA=0.449 rB=0.551 a_out=5 b_in=32 mem=20.833792209625244
p1 c003 33/40 L=-0.417 Lq=-0.1043 Le=-0.320 rA=0.448 rB=0.552 a_out=6 b_in=28 mem=20.833792209625244
p1 c003 34/40 L=-0.447 Lq=-0.1125 Le=-0.343 rA=0.444 rB=0.556 a_out=6 b_in=31 mem=20.833792209625244
p1 c003 35/40 L=-0.428 Lq=-0.1050 Le=-0.331 rA=0.447 rB=0.553 a_out=6 b_in=33 mem=20.833792209625244
p1 c003 36/40 L=-0.420 Lq=-0.1057 Le=-0.322 rA=0.447 rB=0.553 a_out=6 b_in=28 mem=20.833792209625244
p1 c003 37/40 L=-0.438 Lq=-0.1105 Le=-0.335 rA=0.445 rB=0.555 a_out=6 b_in=25 mem=20.833792209625244
p1 c003 38/40 L=-0.386 Lq=-0.0945 Le=-0.299 rA=0.453 rB=0.547 a_out=5 b_in=29 mem=20.833792209625244
p1 c003 39/40 L=-0.442 Lq=-0.1076 Le=-0.342 rA=0.446 rB=0.554 a_out=6 b_in=26 mem=20.833792209625244
p1 c003 40/40 L=-0.386 Lq=-0.0962 Le=-0.298 rA=0.452 rB=0.548 a_out=5 b_in=34 mem=20.833792209625244
== p1 attack c004 (4/35) ==
p1 c004 1/40 L=-0.091 Lq=+0.0016 Le=-0.097 rA=0.501 rB=0.499 a_out=0 b_in=0 mem=20.833792209625244
p1 c004 2/40 L=-0.138 Lq=+0.0003 Le=-0.143 rA=0.500 rB=0.500 a_out=0 b_in=15 mem=20.833792209625244
p1 c004 3/40 L=-0.175 Lq=-0.0037 Le=-0.176 rA=0.498 rB=0.502 a_out=0 b_in=15 mem=20.833792209625244
p1 c004 4/40 L=-0.214 Lq=-0.0175 Le=-0.201 rA=0.491 rB=0.509 a_out=1 b_in=24 mem=20.833792209625244
p1 c004 5/40 L=-0.214 Lq=-0.0092 Le=-0.211 rA=0.495 rB=0.505 a_out=1 b_in=29 mem=20.833792209625244
p1 c004 6/40 L=-0.222 Lq=-0.0188 Le=-0.209 rA=0.491 rB=0.509 a_out=1 b_in=28 mem=20.833792209625244
p1 c004 7/40 L=-0.179 Lq=-0.0075 Le=-0.178 rA=0.496 rB=0.504 a_out=0 b_in=31 mem=20.833792209625244
p1 c004 8/40 L=-0.168 Lq=-0.0074 Le=-0.167 rA=0.496 rB=0.504 a_out=0 b_in=23 mem=20.833792209625244
p1 c004 9/40 L=-0.223 Lq=-0.0219 Le=-0.207 rA=0.489 rB=0.511 a_out=1 b_in=23 mem=20.833792209625244
p1 c004 10/40 L=-0.244 Lq=-0.0321 Le=-0.218 rA=0.484 rB=0.516 a_out=2 b_in=28 mem=20.833792209625244
p1 c004 11/40 L=-0.218 Lq=-0.0255 Le=-0.199 rA=0.487 rB=0.513 a_out=2 b_in=27 mem=20.833792209625244
p1 c004 12/40 L=-0.237 Lq=-0.0263 Le=-0.218 rA=0.487 rB=0.513 a_out=2 b_in=29 mem=20.833792209625244
p1 c004 13/40 L=-0.286 Lq=-0.0314 Le=-0.262 rA=0.484 rB=0.516 a_out=2 b_in=31 mem=20.833792209625244
p1 c004 14/40 L=-0.336 Lq=-0.0498 Le=-0.293 rA=0.475 rB=0.525 a_out=3 b_in=28 mem=20.833792209625244
p1 c004 15/40 L=-0.356 Lq=-0.0493 Le=-0.313 rA=0.475 rB=0.525 a_out=3 b_in=28 mem=20.833792209625244
p1 c004 16/40 L=-0.384 Lq=-0.0643 Le=-0.327 rA=0.468 rB=0.532 a_out=4 b_in=31 mem=20.833792209625244
p1 c004 17/40 L=-0.413 Lq=-0.0718 Le=-0.348 rA=0.464 rB=0.536 a_out=5 b_in=31 mem=20.833792209625244
p1 c004 18/40 L=-0.397 Lq=-0.0642 Le=-0.340 rA=0.468 rB=0.532 a_out=4 b_in=32 mem=20.833792209625244
p1 c004 19/40 L=-0.371 Lq=-0.0601 Le=-0.318 rA=0.470 rB=0.530 a_out=4 b_in=36 mem=20.833792209625244
p1 c004 20/40 L=-0.415 Lq=-0.0661 Le=-0.356 rA=0.467 rB=0.533 a_out=4 b_in=32 mem=20.833792209625244
p1 c004 21/40 L=-0.422 Lq=-0.0778 Le=-0.352 rA=0.461 rB=0.539 a_out=5 b_in=33 mem=20.833792209625244
p1 c004 22/40 L=-0.410 Lq=-0.0751 Le=-0.343 rA=0.462 rB=0.538 a_out=5 b_in=34 mem=20.833792209625244
p1 c004 23/40 L=-0.438 Lq=-0.0883 Le=-0.359 rA=0.456 rB=0.544 a_out=6 b_in=34 mem=20.833792209625244
p1 c004 24/40 L=-0.443 Lq=-0.0856 Le=-0.366 rA=0.457 rB=0.543 a_out=6 b_in=31 mem=20.833792209625244
p1 c004 25/40 L=-0.403 Lq=-0.0727 Le=-0.338 rA=0.464 rB=0.536 a_out=5 b_in=31 mem=20.833792209625244
p1 c004 26/40 L=-0.399 Lq=-0.0718 Le=-0.335 rA=0.464 rB=0.536 a_out=5 b_in=35 mem=20.833792209625244
p1 c004 27/40 L=-0.427 Lq=-0.0840 Le=-0.352 rA=0.458 rB=0.542 a_out=5 b_in=30 mem=20.833792209625244
p1 c004 28/40 L=-0.393 Lq=-0.0719 Le=-0.330 rA=0.464 rB=0.536 a_out=5 b_in=28 mem=20.833792209625244
p1 c004 29/40 L=-0.445 Lq=-0.0900 Le=-0.364 rA=0.455 rB=0.545 a_out=6 b_in=36 mem=20.833792209625244
p1 c004 30/40 L=-0.437 Lq=-0.0851 Le=-0.361 rA=0.457 rB=0.543 a_out=6 b_in=33 mem=20.833792209625244
p1 c004 31/40 L=-0.425 Lq=-0.0803 Le=-0.353 rA=0.460 rB=0.540 a_out=5 b_in=34 mem=20.833792209625244
p1 c004 32/40 L=-0.430 Lq=-0.0813 Le=-0.358 rA=0.459 rB=0.541 a_out=5 b_in=31 mem=20.833792209625244
p1 c004 33/40 L=-0.422 Lq=-0.0782 Le=-0.352 rA=0.461 rB=0.539 a_out=5 b_in=30 mem=20.833792209625244
p1 c004 34/40 L=-0.413 Lq=-0.0740 Le=-0.348 rA=0.463 rB=0.537 a_out=5 b_in=35 mem=20.833792209625244
p1 c004 35/40 L=-0.442 Lq=-0.0841 Le=-0.366 rA=0.458 rB=0.542 a_out=5 b_in=33 mem=20.833792209625244
p1 c004 36/40 L=-0.448 Lq=-0.0889 Le=-0.369 rA=0.456 rB=0.544 a_out=6 b_in=31 mem=20.833792209625244
p1 c004 37/40 L=-0.451 Lq=-0.0884 Le=-0.371 rA=0.456 rB=0.544 a_out=6 b_in=34 mem=20.833792209625244
p1 c004 38/40 L=-0.441 Lq=-0.0819 Le=-0.367 rA=0.459 rB=0.541 a_out=5 b_in=31 mem=20.833792209625244
p1 c004 39/40 L=-0.447 Lq=-0.0858 Le=-0.370 rA=0.457 rB=0.543 a_out=6 b_in=27 mem=20.833792209625244
p1 c004 40/40 L=-0.493 Lq=-0.1065 Le=-0.395 rA=0.447 rB=0.553 a_out=7 b_in=30 mem=20.833792209625244
== p1 attack c005 (5/35) ==
p1 c005 1/40 L=-0.267 Lq=-0.0372 Le=-0.234 rA=0.481 rB=0.519 a_out=0 b_in=0 mem=20.833792209625244
p1 c005 2/40 L=-0.311 Lq=-0.0506 Le=-0.266 rA=0.475 rB=0.525 a_out=1 b_in=18 mem=20.833792209625244
p1 c005 3/40 L=-0.374 Lq=-0.0647 Le=-0.314 rA=0.468 rB=0.532 a_out=2 b_in=18 mem=20.833792209625244
p1 c005 4/40 L=-0.413 Lq=-0.0806 Le=-0.338 rA=0.460 rB=0.540 a_out=3 b_in=19 mem=20.833792209625244
p1 c005 5/40 L=-0.388 Lq=-0.0756 Le=-0.317 rA=0.462 rB=0.538 a_out=3 b_in=23 mem=20.833792209625244
p1 c005 6/40 L=-0.399 Lq=-0.0762 Le=-0.328 rA=0.462 rB=0.538 a_out=3 b_in=21 mem=20.833792209625244
p1 c005 7/40 L=-0.422 Lq=-0.0829 Le=-0.344 rA=0.459 rB=0.541 a_out=3 b_in=20 mem=20.833792209625244
p1 c005 8/40 L=-0.417 Lq=-0.0812 Le=-0.341 rA=0.459 rB=0.541 a_out=3 b_in=20 mem=20.833792209625244
p1 c005 9/40 L=-0.407 Lq=-0.0822 Le=-0.330 rA=0.459 rB=0.541 a_out=3 b_in=22 mem=20.833792209625244
p1 c005 10/40 L=-0.394 Lq=-0.0711 Le=-0.328 rA=0.464 rB=0.536 a_out=2 b_in=24 mem=20.833792209625244
p1 c005 11/40 L=-0.362 Lq=-0.0605 Le=-0.307 rA=0.470 rB=0.530 a_out=2 b_in=23 mem=20.833792209625244
p1 c005 12/40 L=-0.377 Lq=-0.0666 Le=-0.317 rA=0.467 rB=0.533 a_out=2 b_in=21 mem=20.833792209625244
p1 c005 13/40 L=-0.383 Lq=-0.0649 Le=-0.324 rA=0.468 rB=0.532 a_out=2 b_in=21 mem=20.833792209625244
p1 c005 14/40 L=-0.431 Lq=-0.0860 Le=-0.351 rA=0.457 rB=0.543 a_out=3 b_in=26 mem=20.833792209625244
p1 c005 15/40 L=-0.448 Lq=-0.0907 Le=-0.363 rA=0.455 rB=0.545 a_out=4 b_in=20 mem=20.833792209625244
p1 c005 16/40 L=-0.472 Lq=-0.1022 Le=-0.375 rA=0.449 rB=0.551 a_out=4 b_in=28 mem=20.833792209625244
p1 c005 17/40 L=-0.475 Lq=-0.1050 Le=-0.376 rA=0.448 rB=0.552 a_out=5 b_in=26 mem=20.833792209625244
p1 c005 18/40 L=-0.487 Lq=-0.1088 Le=-0.384 rA=0.446 rB=0.554 a_out=5 b_in=27 mem=20.833792209625244
p1 c005 19/40 L=-0.511 Lq=-0.1199 Le=-0.397 rA=0.440 rB=0.560 a_out=6 b_in=25 mem=20.833792209625244
p1 c005 20/40 L=-0.513 Lq=-0.1226 Le=-0.396 rA=0.439 rB=0.561 a_out=6 b_in=26 mem=20.833792209625244
p1 c005 21/40 L=-0.481 Lq=-0.1069 Le=-0.380 rA=0.447 rB=0.553 a_out=5 b_in=26 mem=20.833792209625244
p1 c005 22/40 L=-0.505 Lq=-0.1187 Le=-0.393 rA=0.441 rB=0.559 a_out=5 b_in=24 mem=20.833792209625244
p1 c005 23/40 L=-0.521 Lq=-0.1259 Le=-0.400 rA=0.437 rB=0.563 a_out=6 b_in=27 mem=20.833792209625244
p1 c005 24/40 L=-0.532 Lq=-0.1286 Le=-0.409 rA=0.436 rB=0.564 a_out=6 b_in=23 mem=20.833792209625244
p1 c005 25/40 L=-0.520 Lq=-0.1237 Le=-0.402 rA=0.438 rB=0.562 a_out=6 b_in=23 mem=20.833792209625244
p1 c005 26/40 L=-0.553 Lq=-0.1407 Le=-0.418 rA=0.430 rB=0.570 a_out=7 b_in=27 mem=20.833792209625244
p1 c005 27/40 L=-0.526 Lq=-0.1271 Le=-0.405 rA=0.436 rB=0.564 a_out=6 b_in=23 mem=20.833792209625244
p1 c005 28/40 L=-0.573 Lq=-0.1506 Le=-0.428 rA=0.425 rB=0.575 a_out=7 b_in=26 mem=20.833792209625244
p1 c005 29/40 L=-0.574 Lq=-0.1508 Le=-0.429 rA=0.425 rB=0.575 a_out=7 b_in=32 mem=20.833792209625244
p1 c005 30/40 L=-0.583 Lq=-0.1548 Le=-0.434 rA=0.423 rB=0.577 a_out=8 b_in=27 mem=20.833792209625244
p1 c005 31/40 L=-0.568 Lq=-0.1475 Le=-0.427 rA=0.426 rB=0.574 a_out=7 b_in=28 mem=20.833792209625244
p1 c005 32/40 L=-0.592 Lq=-0.1606 Le=-0.438 rA=0.420 rB=0.580 a_out=8 b_in=27 mem=20.833792209625244
p1 c005 33/40 L=-0.596 Lq=-0.1620 Le=-0.440 rA=0.419 rB=0.581 a_out=8 b_in=27 mem=20.833792209625244
p1 c005 34/40 L=-0.603 Lq=-0.1663 Le=-0.443 rA=0.417 rB=0.583 a_out=8 b_in=26 mem=20.833792209625244
p1 c005 35/40 L=-0.597 Lq=-0.1629 Le=-0.440 rA=0.419 rB=0.581 a_out=8 b_in=28 mem=20.833792209625244
p1 c005 36/40 L=-0.580 Lq=-0.1541 Le=-0.433 rA=0.423 rB=0.577 a_out=8 b_in=29 mem=20.833792209625244
p1 c005 37/40 L=-0.573 Lq=-0.1519 Le=-0.428 rA=0.424 rB=0.576 a_out=8 b_in=28 mem=20.833792209625244
p1 c005 38/40 L=-0.599 Lq=-0.1642 Le=-0.442 rA=0.418 rB=0.582 a_out=8 b_in=26 mem=20.833792209625244
p1 c005 39/40 L=-0.626 Lq=-0.1793 Le=-0.454 rA=0.410 rB=0.590 a_out=9 b_in=29 mem=20.833792209625244
p1 c005 40/40 L=-0.627 Lq=-0.1798 Le=-0.454 rA=0.410 rB=0.590 a_out=9 b_in=26 mem=20.833792209625244
== p1 attack c006 (6/35) ==
p1 c006 1/40 L=-0.047 Lq=-0.0163 Le=-0.034 rA=0.492 rB=0.508 a_out=0 b_in=0 mem=20.833792209625244
p1 c006 2/40 L=-0.110 Lq=-0.0266 Le=-0.088 rA=0.487 rB=0.513 a_out=1 b_in=28 mem=20.833792209625244
p1 c006 3/40 L=-0.183 Lq=-0.0376 Le=-0.150 rA=0.481 rB=0.519 a_out=1 b_in=25 mem=20.833792209625244
p1 c006 4/40 L=-0.198 Lq=-0.0358 Le=-0.167 rA=0.482 rB=0.518 a_out=1 b_in=24 mem=20.833792209625244
p1 c006 5/40 L=-0.254 Lq=-0.0372 Le=-0.222 rA=0.481 rB=0.519 a_out=1 b_in=26 mem=20.833792209625244
p1 c006 6/40 L=-0.240 Lq=-0.0309 Le=-0.213 rA=0.485 rB=0.515 a_out=1 b_in=29 mem=20.833792209625244
p1 c006 7/40 L=-0.248 Lq=-0.0370 Le=-0.215 rA=0.481 rB=0.519 a_out=1 b_in=29 mem=20.833792209625244
p1 c006 8/40 L=-0.283 Lq=-0.0485 Le=-0.239 rA=0.476 rB=0.524 a_out=2 b_in=28 mem=20.833792209625244
p1 c006 9/40 L=-0.297 Lq=-0.0535 Le=-0.248 rA=0.473 rB=0.527 a_out=2 b_in=30 mem=20.833792209625244
p1 c006 10/40 L=-0.321 Lq=-0.0580 Le=-0.267 rA=0.471 rB=0.529 a_out=3 b_in=24 mem=20.833792209625244
p1 c006 11/40 L=-0.314 Lq=-0.0565 Le=-0.262 rA=0.472 rB=0.528 a_out=3 b_in=29 mem=20.833792209625244
p1 c006 12/40 L=-0.327 Lq=-0.0604 Le=-0.271 rA=0.470 rB=0.530 a_out=3 b_in=31 mem=20.833792209625244
p1 c006 13/40 L=-0.273 Lq=-0.0508 Le=-0.227 rA=0.475 rB=0.525 a_out=2 b_in=29 mem=20.833792209625244
p1 c006 14/40 L=-0.277 Lq=-0.0447 Le=-0.237 rA=0.478 rB=0.522 a_out=2 b_in=28 mem=20.833792209625244
p1 c006 15/40 L=-0.217 Lq=-0.0542 Le=-0.167 rA=0.473 rB=0.527 a_out=3 b_in=27 mem=20.833792209625244
p1 c006 16/40 L=-0.307 Lq=-0.0608 Le=-0.251 rA=0.470 rB=0.530 a_out=3 b_in=31 mem=20.833792209625244
p1 c006 17/40 L=-0.285 Lq=-0.0602 Le=-0.229 rA=0.470 rB=0.530 a_out=3 b_in=26 mem=20.833792209625244
p1 c006 18/40 L=-0.332 Lq=-0.0669 Le=-0.270 rA=0.467 rB=0.533 a_out=3 b_in=29 mem=20.833792209625244
p1 c006 19/40 L=-0.346 Lq=-0.0708 Le=-0.280 rA=0.465 rB=0.535 a_out=4 b_in=29 mem=20.833792209625244
p1 c006 20/40 L=-0.336 Lq=-0.0663 Le=-0.274 rA=0.467 rB=0.533 a_out=3 b_in=31 mem=20.833792209625244
p1 c006 21/40 L=-0.361 Lq=-0.0750 Le=-0.291 rA=0.462 rB=0.538 a_out=4 b_in=32 mem=20.833792209625244
p1 c006 22/40 L=-0.328 Lq=-0.0639 Le=-0.269 rA=0.468 rB=0.532 a_out=3 b_in=32 mem=20.833792209625244
p1 c006 23/40 L=-0.310 Lq=-0.0561 Le=-0.258 rA=0.472 rB=0.528 a_out=3 b_in=30 mem=20.833792209625244
p1 c006 24/40 L=-0.296 Lq=-0.0562 Le=-0.245 rA=0.472 rB=0.528 a_out=3 b_in=30 mem=20.833792209625244
p1 c006 25/40 L=-0.363 Lq=-0.0739 Le=-0.294 rA=0.463 rB=0.537 a_out=4 b_in=34 mem=20.833792209625244
p1 c006 26/40 L=-0.337 Lq=-0.0679 Le=-0.274 rA=0.466 rB=0.534 a_out=3 b_in=32 mem=20.833792209625244
p1 c006 27/40 L=-0.324 Lq=-0.0647 Le=-0.264 rA=0.468 rB=0.532 a_out=3 b_in=31 mem=20.833792209625244
p1 c006 28/40 L=-0.365 Lq=-0.0799 Le=-0.289 rA=0.460 rB=0.540 a_out=4 b_in=32 mem=20.833792209625244
p1 c006 29/40 L=-0.377 Lq=-0.0740 Le=-0.309 rA=0.463 rB=0.537 a_out=4 b_in=29 mem=20.833792209625244
p1 c006 30/40 L=-0.380 Lq=-0.0815 Le=-0.304 rA=0.459 rB=0.541 a_out=4 b_in=33 mem=20.833792209625244
p1 c006 31/40 L=-0.400 Lq=-0.0842 Le=-0.321 rA=0.458 rB=0.542 a_out=4 b_in=35 mem=20.833792209625244
p1 c006 32/40 L=-0.399 Lq=-0.0861 Le=-0.317 rA=0.457 rB=0.543 a_out=5 b_in=32 mem=20.833792209625244
p1 c006 33/40 L=-0.406 Lq=-0.0885 Le=-0.323 rA=0.456 rB=0.544 a_out=5 b_in=32 mem=20.833792209625244
p1 c006 34/40 L=-0.403 Lq=-0.0869 Le=-0.321 rA=0.457 rB=0.543 a_out=5 b_in=30 mem=20.833792209625244
p1 c006 35/40 L=-0.452 Lq=-0.1012 Le=-0.355 rA=0.449 rB=0.551 a_out=6 b_in=30 mem=20.833792209625244
p1 c006 36/40 L=-0.430 Lq=-0.0943 Le=-0.341 rA=0.453 rB=0.547 a_out=5 b_in=33 mem=20.833792209625244
p1 c006 37/40 L=-0.424 Lq=-0.0931 Le=-0.336 rA=0.453 rB=0.547 a_out=5 b_in=32 mem=20.833792209625244
p1 c006 38/40 L=-0.422 Lq=-0.0925 Le=-0.334 rA=0.454 rB=0.546 a_out=5 b_in=31 mem=20.833792209625244
p1 c006 39/40 L=-0.412 Lq=-0.0912 Le=-0.325 rA=0.454 rB=0.546 a_out=5 b_in=30 mem=20.833792209625244
p1 c006 40/40 L=-0.407 Lq=-0.0821 Le=-0.329 rA=0.459 rB=0.541 a_out=4 b_in=27 mem=20.833792209625244
== p1 attack c007 (7/35) ==
p1 c007 1/40 L=-0.143 Lq=-0.0120 Le=-0.134 rA=0.494 rB=0.506 a_out=0 b_in=0 mem=20.833792209625244
p1 c007 2/40 L=-0.191 Lq=-0.0241 Le=-0.170 rA=0.488 rB=0.512 a_out=1 b_in=24 mem=20.833792209625244
p1 c007 3/40 L=-0.267 Lq=-0.0361 Le=-0.236 rA=0.482 rB=0.518 a_out=1 b_in=27 mem=20.833792209625244
p1 c007 4/40 L=-0.309 Lq=-0.0475 Le=-0.267 rA=0.476 rB=0.524 a_out=2 b_in=26 mem=20.833792209625244
p1 c007 5/40 L=-0.281 Lq=-0.0397 Le=-0.246 rA=0.480 rB=0.520 a_out=1 b_in=26 mem=20.833792209625244
p1 c007 6/40 L=-0.341 Lq=-0.0560 Le=-0.291 rA=0.472 rB=0.528 a_out=3 b_in=32 mem=20.833792209625244
p1 c007 7/40 L=-0.389 Lq=-0.0756 Le=-0.319 rA=0.462 rB=0.538 a_out=4 b_in=29 mem=20.833792209625244
p1 c007 8/40 L=-0.396 Lq=-0.0811 Le=-0.321 rA=0.459 rB=0.541 a_out=4 b_in=29 mem=20.833792209625244
p1 c007 9/40 L=-0.380 Lq=-0.0736 Le=-0.312 rA=0.463 rB=0.537 a_out=4 b_in=28 mem=20.833792209625244
p1 c007 10/40 L=-0.425 Lq=-0.0857 Le=-0.345 rA=0.457 rB=0.543 a_out=4 b_in=29 mem=20.833792209625244
p1 c007 11/40 L=-0.445 Lq=-0.0943 Le=-0.357 rA=0.453 rB=0.547 a_out=5 b_in=34 mem=20.833792209625244
p1 c007 12/40 L=-0.462 Lq=-0.1036 Le=-0.365 rA=0.448 rB=0.552 a_out=6 b_in=35 mem=20.833792209625244
p1 c007 13/40 L=-0.448 Lq=-0.0953 Le=-0.358 rA=0.452 rB=0.548 a_out=5 b_in=33 mem=20.833792209625244
p1 c007 14/40 L=-0.457 Lq=-0.1026 Le=-0.360 rA=0.449 rB=0.551 a_out=5 b_in=32 mem=20.833792209625244
p1 c007 15/40 L=-0.450 Lq=-0.0967 Le=-0.359 rA=0.452 rB=0.548 a_out=5 b_in=30 mem=20.833792209625244
p1 c007 16/40 L=-0.455 Lq=-0.0961 Le=-0.365 rA=0.452 rB=0.548 a_out=5 b_in=38 mem=20.833792209625244
p1 c007 17/40 L=-0.457 Lq=-0.1009 Le=-0.362 rA=0.450 rB=0.550 a_out=5 b_in=33 mem=20.833792209625244
p1 c007 18/40 L=-0.485 Lq=-0.1138 Le=-0.377 rA=0.443 rB=0.557 a_out=6 b_in=33 mem=20.833792209625244
p1 c007 19/40 L=-0.485 Lq=-0.1148 Le=-0.377 rA=0.443 rB=0.557 a_out=6 b_in=31 mem=20.833792209625244
p1 c007 20/40 L=-0.483 Lq=-0.1159 Le=-0.373 rA=0.442 rB=0.558 a_out=6 b_in=36 mem=20.833792209625244
p1 c007 21/40 L=-0.505 Lq=-0.1228 Le=-0.389 rA=0.439 rB=0.561 a_out=7 b_in=36 mem=20.833792209625244
p1 c007 22/40 L=-0.514 Lq=-0.1263 Le=-0.394 rA=0.437 rB=0.563 a_out=7 b_in=31 mem=20.833792209625244
p1 c007 23/40 L=-0.523 Lq=-0.1322 Le=-0.397 rA=0.434 rB=0.566 a_out=7 b_in=33 mem=20.833792209625244
p1 c007 24/40 L=-0.529 Lq=-0.1339 Le=-0.401 rA=0.433 rB=0.567 a_out=7 b_in=32 mem=20.833792209625244
p1 c007 25/40 L=-0.539 Lq=-0.1389 Le=-0.406 rA=0.431 rB=0.569 a_out=8 b_in=30 mem=20.833792209625244
p1 c007 26/40 L=-0.560 Lq=-0.1498 Le=-0.416 rA=0.425 rB=0.575 a_out=8 b_in=34 mem=20.833792209625244
p1 c007 27/40 L=-0.551 Lq=-0.1445 Le=-0.413 rA=0.428 rB=0.572 a_out=8 b_in=37 mem=20.833792209625244
p1 c007 28/40 L=-0.565 Lq=-0.1518 Le=-0.419 rA=0.424 rB=0.576 a_out=9 b_in=32 mem=20.833792209625244
p1 c007 29/40 L=-0.563 Lq=-0.1492 Le=-0.420 rA=0.425 rB=0.575 a_out=8 b_in=35 mem=20.833792209625244
p1 c007 30/40 L=-0.572 Lq=-0.1554 Le=-0.423 rA=0.422 rB=0.578 a_out=9 b_in=34 mem=20.833792209625244
p1 c007 31/40 L=-0.565 Lq=-0.1522 Le=-0.419 rA=0.424 rB=0.576 a_out=9 b_in=35 mem=20.833792209625244
p1 c007 32/40 L=-0.557 Lq=-0.1475 Le=-0.416 rA=0.426 rB=0.574 a_out=8 b_in=33 mem=20.833792209625244
p1 c007 33/40 L=-0.559 Lq=-0.1472 Le=-0.418 rA=0.426 rB=0.574 a_out=8 b_in=34 mem=20.833792209625244
p1 c007 34/40 L=-0.568 Lq=-0.1526 Le=-0.422 rA=0.424 rB=0.576 a_out=9 b_in=37 mem=20.833792209625244
p1 c007 35/40 L=-0.555 Lq=-0.1480 Le=-0.414 rA=0.426 rB=0.574 a_out=8 b_in=33 mem=20.833792209625244
p1 c007 36/40 L=-0.557 Lq=-0.1479 Le=-0.415 rA=0.426 rB=0.574 a_out=8 b_in=35 mem=20.833792209625244
p1 c007 37/40 L=-0.553 Lq=-0.1454 Le=-0.414 rA=0.427 rB=0.573 a_out=8 b_in=36 mem=20.833792209625244
p1 c007 38/40 L=-0.570 Lq=-0.1546 Le=-0.421 rA=0.423 rB=0.577 a_out=9 b_in=35 mem=20.833792209625244
p1 c007 39/40 L=-0.560 Lq=-0.1498 Le=-0.417 rA=0.425 rB=0.575 a_out=8 b_in=33 mem=20.833792209625244
p1 c007 40/40 L=-0.571 Lq=-0.1546 Le=-0.423 rA=0.423 rB=0.577 a_out=9 b_in=34 mem=20.833792209625244
== p1 attack c008 (8/35) ==
p1 c008 1/40 L=-0.423 Lq=-0.1012 Le=-0.324 rA=0.449 rB=0.551 a_out=0 b_in=0 mem=20.833792209625244
p1 c008 2/40 L=-0.475 Lq=-0.1221 Le=-0.356 rA=0.439 rB=0.561 a_out=2 b_in=24 mem=20.833792209625244
p1 c008 3/40 L=-0.488 Lq=-0.1253 Le=-0.366 rA=0.437 rB=0.563 a_out=2 b_in=27 mem=20.833792209625244
p1 c008 4/40 L=-0.503 Lq=-0.1319 Le=-0.374 rA=0.434 rB=0.566 a_out=2 b_in=25 mem=20.833792209625244
p1 c008 5/40 L=-0.512 Lq=-0.1349 Le=-0.380 rA=0.433 rB=0.567 a_out=2 b_in=25 mem=20.833792209625244
p1 c008 6/40 L=-0.498 Lq=-0.1304 Le=-0.371 rA=0.435 rB=0.565 a_out=2 b_in=31 mem=20.833792209625244
p1 c008 7/40 L=-0.491 Lq=-0.1275 Le=-0.367 rA=0.436 rB=0.564 a_out=2 b_in=26 mem=20.833792209625244
p1 c008 8/40 L=-0.519 Lq=-0.1377 Le=-0.384 rA=0.431 rB=0.569 a_out=3 b_in=28 mem=20.833792209625244
p1 c008 9/40 L=-0.494 Lq=-0.1284 Le=-0.368 rA=0.436 rB=0.564 a_out=2 b_in=31 mem=20.833792209625244
p1 c008 10/40 L=-0.528 Lq=-0.1418 Le=-0.390 rA=0.429 rB=0.571 a_out=3 b_in=29 mem=20.833792209625244
p1 c008 11/40 L=-0.533 Lq=-0.1461 Le=-0.390 rA=0.427 rB=0.573 a_out=3 b_in=32 mem=20.833792209625244
p1 c008 12/40 L=-0.517 Lq=-0.1408 Le=-0.379 rA=0.430 rB=0.570 a_out=3 b_in=29 mem=20.833792209625244
p1 c008 13/40 L=-0.545 Lq=-0.1529 Le=-0.396 rA=0.424 rB=0.576 a_out=4 b_in=31 mem=20.833792209625244
p1 c008 14/40 L=-0.528 Lq=-0.1452 Le=-0.386 rA=0.427 rB=0.573 a_out=3 b_in=28 mem=20.833792209625244
p1 c008 15/40 L=-0.533 Lq=-0.1445 Le=-0.392 rA=0.428 rB=0.572 a_out=3 b_in=28 mem=20.833792209625244
p1 c008 16/40 L=-0.527 Lq=-0.1421 Le=-0.388 rA=0.429 rB=0.571 a_out=3 b_in=32 mem=20.833792209625244
p1 c008 17/40 L=-0.516 Lq=-0.1357 Le=-0.384 rA=0.432 rB=0.568 a_out=3 b_in=30 mem=20.833792209625244
p1 c008 18/40 L=-0.562 Lq=-0.1564 Le=-0.409 rA=0.422 rB=0.578 a_out=4 b_in=32 mem=20.833792209625244
p1 c008 19/40 L=-0.562 Lq=-0.1563 Le=-0.409 rA=0.422 rB=0.578 a_out=4 b_in=28 mem=20.833792209625244
p1 c008 20/40 L=-0.560 Lq=-0.1578 Le=-0.406 rA=0.421 rB=0.579 a_out=4 b_in=26 mem=20.833792209625244
p1 c008 21/40 L=-0.552 Lq=-0.1537 Le=-0.401 rA=0.423 rB=0.577 a_out=4 b_in=29 mem=20.833792209625244
p1 c008 22/40 L=-0.530 Lq=-0.1418 Le=-0.391 rA=0.429 rB=0.571 a_out=3 b_in=25 mem=20.833792209625244
p1 c008 23/40 L=-0.544 Lq=-0.1487 Le=-0.399 rA=0.426 rB=0.574 a_out=3 b_in=27 mem=20.833792209625244
p1 c008 24/40 L=-0.558 Lq=-0.1560 Le=-0.406 rA=0.422 rB=0.578 a_out=4 b_in=32 mem=20.833792209625244
p1 c008 25/40 L=-0.544 Lq=-0.1471 Le=-0.401 rA=0.426 rB=0.574 a_out=3 b_in=30 mem=20.833792209625244
p1 c008 26/40 L=-0.548 Lq=-0.1513 Le=-0.399 rA=0.424 rB=0.576 a_out=4 b_in=30 mem=20.833792209625244
p1 c008 27/40 L=-0.556 Lq=-0.1533 Le=-0.406 rA=0.423 rB=0.577 a_out=4 b_in=31 mem=20.833792209625244
p1 c008 28/40 L=-0.560 Lq=-0.1539 Le=-0.410 rA=0.423 rB=0.577 a_out=4 b_in=33 mem=20.833792209625244
p1 c008 29/40 L=-0.531 Lq=-0.1399 Le=-0.394 rA=0.430 rB=0.570 a_out=3 b_in=27 mem=20.833792209625244
p1 c008 30/40 L=-0.534 Lq=-0.1430 Le=-0.394 rA=0.428 rB=0.572 a_out=3 b_in=34 mem=20.833792209625244
p1 c008 31/40 L=-0.527 Lq=-0.1380 Le=-0.392 rA=0.431 rB=0.569 a_out=3 b_in=31 mem=20.833792209625244
p1 c008 32/40 L=-0.551 Lq=-0.1492 Le=-0.405 rA=0.425 rB=0.575 a_out=3 b_in=30 mem=20.833792209625244
p1 c008 33/40 L=-0.550 Lq=-0.1485 Le=-0.404 rA=0.426 rB=0.574 a_out=3 b_in=32 mem=20.833792209625244
p1 c008 34/40 L=-0.552 Lq=-0.1497 Le=-0.406 rA=0.425 rB=0.575 a_out=3 b_in=29 mem=20.833792209625244
p1 c008 35/40 L=-0.571 Lq=-0.1594 Le=-0.415 rA=0.420 rB=0.580 a_out=4 b_in=28 mem=20.833792209625244
p1 c008 36/40 L=-0.547 Lq=-0.1485 Le=-0.402 rA=0.426 rB=0.574 a_out=3 b_in=30 mem=20.833792209625244
p1 c008 37/40 L=-0.541 Lq=-0.1451 Le=-0.399 rA=0.427 rB=0.573 a_out=3 b_in=34 mem=20.833792209625244
p1 c008 38/40 L=-0.536 Lq=-0.1442 Le=-0.394 rA=0.428 rB=0.572 a_out=3 b_in=29 mem=20.833792209625244
p1 c008 39/40 L=-0.526 Lq=-0.1397 Le=-0.389 rA=0.430 rB=0.570 a_out=3 b_in=29 mem=20.833792209625244
p1 c008 40/40 L=-0.525 Lq=-0.1354 Le=-0.392 rA=0.432 rB=0.568 a_out=3 b_in=30 mem=20.833792209625244
== p1 attack c009 (9/35) ==
p1 c009 1/40 L=-0.206 Lq=-0.0147 Le=-0.197 rA=0.493 rB=0.507 a_out=0 b_in=0 mem=20.833792209625244
p1 c009 2/40 L=-0.160 Lq=-0.0130 Le=-0.153 rA=0.493 rB=0.507 a_out=0 b_in=18 mem=20.833792209625244
p1 c009 3/40 L=-0.236 Lq=-0.0253 Le=-0.217 rA=0.487 rB=0.513 a_out=1 b_in=21 mem=20.833792209625244
p1 c009 4/40 L=-0.243 Lq=-0.0326 Le=-0.217 rA=0.484 rB=0.516 a_out=1 b_in=22 mem=20.833792209625244
p1 c009 5/40 L=-0.279 Lq=-0.0357 Le=-0.249 rA=0.482 rB=0.518 a_out=1 b_in=19 mem=20.833792209625244
p1 c009 6/40 L=-0.291 Lq=-0.0431 Le=-0.254 rA=0.478 rB=0.522 a_out=2 b_in=24 mem=20.833792209625244
p1 c009 7/40 L=-0.255 Lq=-0.0309 Le=-0.230 rA=0.485 rB=0.515 a_out=1 b_in=22 mem=20.833792209625244
p1 c009 8/40 L=-0.290 Lq=-0.0376 Le=-0.258 rA=0.481 rB=0.519 a_out=1 b_in=21 mem=20.833792209625244
p1 c009 9/40 L=-0.333 Lq=-0.0520 Le=-0.288 rA=0.474 rB=0.526 a_out=2 b_in=21 mem=20.833792209625244
p1 c009 10/40 L=-0.316 Lq=-0.0449 Le=-0.278 rA=0.478 rB=0.522 a_out=2 b_in=24 mem=20.833792209625244
p1 c009 11/40 L=-0.362 Lq=-0.0618 Le=-0.307 rA=0.469 rB=0.531 a_out=3 b_in=23 mem=20.833792209625244
p1 c009 12/40 L=-0.337 Lq=-0.0532 Le=-0.290 rA=0.473 rB=0.527 a_out=2 b_in=22 mem=20.833792209625244
p1 c009 13/40 L=-0.329 Lq=-0.0576 Le=-0.278 rA=0.471 rB=0.529 a_out=3 b_in=23 mem=20.833792209625244
p1 c009 14/40 L=-0.371 Lq=-0.0666 Le=-0.311 rA=0.467 rB=0.533 a_out=3 b_in=26 mem=20.833792209625244
p1 c009 15/40 L=-0.403 Lq=-0.0783 Le=-0.331 rA=0.461 rB=0.539 a_out=4 b_in=22 mem=20.833792209625244
p1 c009 16/40 L=-0.394 Lq=-0.0763 Le=-0.324 rA=0.462 rB=0.538 a_out=4 b_in=27 mem=20.833792209625244
p1 c009 17/40 L=-0.319 Lq=-0.0570 Le=-0.268 rA=0.472 rB=0.528 a_out=3 b_in=22 mem=20.833792209625244
p1 c009 18/40 L=-0.366 Lq=-0.0626 Le=-0.309 rA=0.469 rB=0.531 a_out=3 b_in=25 mem=20.833792209625244
p1 c009 19/40 L=-0.352 Lq=-0.0601 Le=-0.298 rA=0.470 rB=0.530 a_out=3 b_in=26 mem=20.833792209625244
p1 c009 20/40 L=-0.380 Lq=-0.0680 Le=-0.318 rA=0.466 rB=0.534 a_out=3 b_in=26 mem=20.833792209625244
p1 c009 21/40 L=-0.332 Lq=-0.0507 Le=-0.288 rA=0.475 rB=0.525 a_out=2 b_in=26 mem=20.833792209625244
p1 c009 22/40 L=-0.339 Lq=-0.0560 Le=-0.290 rA=0.472 rB=0.528 a_out=3 b_in=25 mem=20.833792209625244
p1 c009 23/40 L=-0.372 Lq=-0.0625 Le=-0.316 rA=0.469 rB=0.531 a_out=3 b_in=23 mem=20.833792209625244
p1 c009 24/40 L=-0.341 Lq=-0.0571 Le=-0.290 rA=0.471 rB=0.529 a_out=3 b_in=19 mem=20.833792209625244
p1 c009 25/40 L=-0.371 Lq=-0.0664 Le=-0.311 rA=0.467 rB=0.533 a_out=3 b_in=20 mem=20.833792209625244
p1 c009 26/40 L=-0.407 Lq=-0.0817 Le=-0.333 rA=0.459 rB=0.541 a_out=4 b_in=25 mem=20.833792209625244
p1 c009 27/40 L=-0.421 Lq=-0.0855 Le=-0.343 rA=0.457 rB=0.543 a_out=5 b_in=22 mem=20.833792209625244
p1 c009 28/40 L=-0.435 Lq=-0.0936 Le=-0.348 rA=0.453 rB=0.547 a_out=5 b_in=25 mem=20.833792209625244
p1 c009 29/40 L=-0.473 Lq=-0.1069 Le=-0.373 rA=0.447 rB=0.553 a_out=6 b_in=24 mem=20.833792209625244
p1 c009 30/40 L=-0.472 Lq=-0.1080 Le=-0.371 rA=0.446 rB=0.554 a_out=6 b_in=22 mem=20.833792209625244
p1 c009 31/40 L=-0.457 Lq=-0.1017 Le=-0.362 rA=0.449 rB=0.551 a_out=6 b_in=26 mem=20.833792209625244
p1 c009 32/40 L=-0.484 Lq=-0.1125 Le=-0.378 rA=0.444 rB=0.556 a_out=6 b_in=24 mem=20.833792209625244
p1 c009 33/40 L=-0.498 Lq=-0.1182 Le=-0.387 rA=0.441 rB=0.559 a_out=7 b_in=26 mem=20.833792209625244
p1 c009 34/40 L=-0.492 Lq=-0.1160 Le=-0.383 rA=0.442 rB=0.558 a_out=7 b_in=30 mem=20.833792209625244
p1 c009 35/40 L=-0.493 Lq=-0.1150 Le=-0.385 rA=0.442 rB=0.558 a_out=6 b_in=28 mem=20.833792209625244
p1 c009 36/40 L=-0.517 Lq=-0.1282 Le=-0.396 rA=0.436 rB=0.564 a_out=7 b_in=30 mem=20.833792209625244
p1 c009 37/40 L=-0.499 Lq=-0.1199 Le=-0.386 rA=0.440 rB=0.560 a_out=7 b_in=32 mem=20.833792209625244
p1 c009 38/40 L=-0.500 Lq=-0.1191 Le=-0.388 rA=0.440 rB=0.560 a_out=7 b_in=29 mem=20.833792209625244
p1 c009 39/40 L=-0.515 Lq=-0.1237 Le=-0.398 rA=0.438 rB=0.562 a_out=7 b_in=31 mem=20.833792209625244
p1 c009 40/40 L=-0.527 Lq=-0.1315 Le=-0.403 rA=0.434 rB=0.566 a_out=8 b_in=31 mem=20.833792209625244
== p1 attack c010 (10/35) ==
p1 c010 1/40 L=-0.299 Lq=-0.0587 Le=-0.244 rA=0.471 rB=0.529 a_out=0 b_in=0 mem=20.833792209625244
p1 c010 2/40 L=-0.313 Lq=-0.0579 Le=-0.259 rA=0.471 rB=0.529 a_out=0 b_in=15 mem=20.833792209625244
p1 c010 3/40 L=-0.360 Lq=-0.0670 Le=-0.298 rA=0.466 rB=0.534 a_out=1 b_in=14 mem=20.833792209625244
p1 c010 4/40 L=-0.398 Lq=-0.0769 Le=-0.326 rA=0.462 rB=0.538 a_out=2 b_in=16 mem=20.833792209625244
p1 c010 5/40 L=-0.283 Lq=-0.0543 Le=-0.235 rA=0.473 rB=0.527 a_out=0 b_in=21 mem=20.833792209625244
p1 c010 6/40 L=-0.368 Lq=-0.0712 Le=-0.303 rA=0.464 rB=0.536 a_out=1 b_in=18 mem=20.833792209625244
p1 c010 7/40 L=-0.407 Lq=-0.0852 Le=-0.328 rA=0.457 rB=0.543 a_out=2 b_in=18 mem=20.833792209625244
p1 c010 8/40 L=-0.390 Lq=-0.0817 Le=-0.314 rA=0.459 rB=0.541 a_out=2 b_in=17 mem=20.833792209625244
p1 c010 9/40 L=-0.448 Lq=-0.0977 Le=-0.357 rA=0.451 rB=0.549 a_out=3 b_in=16 mem=20.833792209625244
p1 c010 10/40 L=-0.468 Lq=-0.1033 Le=-0.371 rA=0.448 rB=0.552 a_out=3 b_in=18 mem=20.833792209625244
p1 c010 11/40 L=-0.505 Lq=-0.1177 Le=-0.393 rA=0.441 rB=0.559 a_out=4 b_in=20 mem=20.833792209625244
p1 c010 12/40 L=-0.506 Lq=-0.1201 Le=-0.391 rA=0.440 rB=0.560 a_out=5 b_in=21 mem=20.833792209625244
p1 c010 13/40 L=-0.519 Lq=-0.1248 Le=-0.400 rA=0.438 rB=0.562 a_out=5 b_in=19 mem=20.833792209625244
p1 c010 14/40 L=-0.524 Lq=-0.1275 Le=-0.402 rA=0.436 rB=0.564 a_out=5 b_in=18 mem=20.833792209625244
p1 c010 15/40 L=-0.531 Lq=-0.1317 Le=-0.406 rA=0.434 rB=0.566 a_out=5 b_in=19 mem=20.833792209625244
p1 c010 16/40 L=-0.531 Lq=-0.1314 Le=-0.406 rA=0.434 rB=0.566 a_out=5 b_in=20 mem=20.833792209625244
p1 c010 17/40 L=-0.541 Lq=-0.1358 Le=-0.412 rA=0.432 rB=0.568 a_out=6 b_in=19 mem=20.833792209625244
p1 c010 18/40 L=-0.550 Lq=-0.1394 Le=-0.417 rA=0.430 rB=0.570 a_out=6 b_in=20 mem=20.833792209625244
p1 c010 19/40 L=-0.558 Lq=-0.1427 Le=-0.422 rA=0.429 rB=0.571 a_out=6 b_in=17 mem=20.833792209625244
p1 c010 20/40 L=-0.566 Lq=-0.1475 Le=-0.425 rA=0.426 rB=0.574 a_out=6 b_in=24 mem=20.833792209625244
p1 c010 21/40 L=-0.587 Lq=-0.1595 Le=-0.434 rA=0.420 rB=0.580 a_out=7 b_in=22 mem=20.833792209625244
p1 c010 22/40 L=-0.590 Lq=-0.1605 Le=-0.436 rA=0.420 rB=0.580 a_out=7 b_in=20 mem=20.833792209625244
p1 c010 23/40 L=-0.583 Lq=-0.1575 Le=-0.431 rA=0.421 rB=0.579 a_out=7 b_in=24 mem=20.833792209625244
p1 c010 24/40 L=-0.601 Lq=-0.1658 Le=-0.441 rA=0.417 rB=0.583 a_out=8 b_in=25 mem=20.833792209625244
p1 c010 25/40 L=-0.607 Lq=-0.1697 Le=-0.443 rA=0.415 rB=0.585 a_out=8 b_in=23 mem=20.833792209625244
p1 c010 26/40 L=-0.620 Lq=-0.1773 Le=-0.450 rA=0.411 rB=0.589 a_out=8 b_in=25 mem=20.833792209625244
p1 c010 27/40 L=-0.625 Lq=-0.1799 Le=-0.452 rA=0.410 rB=0.590 a_out=9 b_in=24 mem=20.833792209625244
p1 c010 28/40 L=-0.625 Lq=-0.1795 Le=-0.453 rA=0.410 rB=0.590 a_out=9 b_in=24 mem=20.833792209625244
p1 c010 29/40 L=-0.633 Lq=-0.1852 Le=-0.454 rA=0.407 rB=0.593 a_out=9 b_in=23 mem=20.833792209625244
p1 c010 30/40 L=-0.652 Lq=-0.1963 Le=-0.463 rA=0.402 rB=0.598 a_out=10 b_in=24 mem=20.833792209625244
p1 c010 31/40 L=-0.658 Lq=-0.1997 Le=-0.466 rA=0.400 rB=0.600 a_out=10 b_in=25 mem=20.833792209625244
p1 c010 32/40 L=-0.662 Lq=-0.2019 Le=-0.467 rA=0.399 rB=0.601 a_out=10 b_in=26 mem=20.833792209625244
p1 c010 33/40 L=-0.658 Lq=-0.1999 Le=-0.465 rA=0.400 rB=0.600 a_out=10 b_in=23 mem=20.833792209625244
p1 c010 34/40 L=-0.680 Lq=-0.2146 Le=-0.473 rA=0.393 rB=0.607 a_out=11 b_in=27 mem=20.833792209625244
p1 c010 35/40 L=-0.674 Lq=-0.2103 Le=-0.471 rA=0.395 rB=0.605 a_out=11 b_in=28 mem=20.833792209625244
p1 c010 36/40 L=-0.679 Lq=-0.2137 Le=-0.473 rA=0.393 rB=0.607 a_out=11 b_in=26 mem=20.833792209625244
p1 c010 37/40 L=-0.690 Lq=-0.2197 Le=-0.477 rA=0.390 rB=0.610 a_out=11 b_in=29 mem=20.833792209625244
p1 c010 38/40 L=-0.694 Lq=-0.2226 Le=-0.478 rA=0.389 rB=0.611 a_out=12 b_in=29 mem=20.833792209625244
p1 c010 39/40 L=-0.698 Lq=-0.2245 Le=-0.480 rA=0.388 rB=0.612 a_out=12 b_in=26 mem=20.833792209625244
p1 c010 40/40 L=-0.700 Lq=-0.2267 Le=-0.481 rA=0.387 rB=0.613 a_out=12 b_in=27 mem=20.833792209625244
== p1 attack c011 (11/35) ==
p1 c011 1/40 L=-0.266 Lq=-0.0304 Le=-0.239 rA=0.485 rB=0.515 a_out=0 b_in=0 mem=21.003233432769775
p1 c011 2/40 L=-0.255 Lq=-0.0344 Le=-0.225 rA=0.483 rB=0.517 a_out=0 b_in=19 mem=21.008591175079346
p1 c011 3/40 L=-0.258 Lq=-0.0321 Le=-0.232 rA=0.484 rB=0.516 a_out=0 b_in=19 mem=21.008591175079346
p1 c011 4/40 L=-0.266 Lq=-0.0329 Le=-0.237 rA=0.484 rB=0.516 a_out=0 b_in=17 mem=21.008591175079346
p1 c011 5/40 L=-0.350 Lq=-0.0596 Le=-0.295 rA=0.470 rB=0.530 a_out=2 b_in=26 mem=21.008591175079346
p1 c011 6/40 L=-0.324 Lq=-0.0498 Le=-0.281 rA=0.475 rB=0.525 a_out=2 b_in=26 mem=21.008591175079346
p1 c011 7/40 L=-0.369 Lq=-0.0594 Le=-0.316 rA=0.470 rB=0.530 a_out=2 b_in=25 mem=21.008591175079346
p1 c011 8/40 L=-0.379 Lq=-0.0729 Le=-0.313 rA=0.464 rB=0.536 a_out=3 b_in=27 mem=21.008591175079346
p1 c011 9/40 L=-0.343 Lq=-0.0583 Le=-0.291 rA=0.471 rB=0.529 a_out=2 b_in=25 mem=21.008591175079346
p1 c011 10/40 L=-0.349 Lq=-0.0601 Le=-0.295 rA=0.470 rB=0.530 a_out=2 b_in=28 mem=21.008591175079346
p1 c011 11/40 L=-0.384 Lq=-0.0671 Le=-0.324 rA=0.466 rB=0.534 a_out=3 b_in=31 mem=21.008591175079346
p1 c011 12/40 L=-0.325 Lq=-0.0518 Le=-0.281 rA=0.474 rB=0.526 a_out=2 b_in=28 mem=21.008591175079346
p1 c011 13/40 L=-0.395 Lq=-0.0705 Le=-0.332 rA=0.465 rB=0.535 a_out=3 b_in=28 mem=21.008591175079346
p1 c011 14/40 L=-0.395 Lq=-0.0716 Le=-0.330 rA=0.464 rB=0.536 a_out=3 b_in=25 mem=21.008591175079346
p1 c011 15/40 L=-0.399 Lq=-0.0754 Le=-0.331 rA=0.462 rB=0.538 a_out=3 b_in=26 mem=21.008591175079346
p1 c011 16/40 L=-0.411 Lq=-0.0780 Le=-0.340 rA=0.461 rB=0.539 a_out=4 b_in=34 mem=21.008591175079346
p1 c011 17/40 L=-0.418 Lq=-0.0792 Le=-0.347 rA=0.460 rB=0.540 a_out=4 b_in=31 mem=21.008591175079346
p1 c011 18/40 L=-0.430 Lq=-0.0802 Le=-0.358 rA=0.460 rB=0.540 a_out=4 b_in=30 mem=21.008591175079346
p1 c011 19/40 L=-0.445 Lq=-0.0876 Le=-0.365 rA=0.456 rB=0.544 a_out=4 b_in=29 mem=21.008591175079346
p1 c011 20/40 L=-0.440 Lq=-0.0886 Le=-0.359 rA=0.456 rB=0.544 a_out=4 b_in=29 mem=21.008591175079346
p1 c011 21/40 L=-0.460 Lq=-0.0956 Le=-0.373 rA=0.452 rB=0.548 a_out=5 b_in=34 mem=21.008591175079346
p1 c011 22/40 L=-0.468 Lq=-0.0963 Le=-0.381 rA=0.452 rB=0.548 a_out=5 b_in=35 mem=21.008591175079346
p1 c011 23/40 L=-0.451 Lq=-0.0921 Le=-0.369 rA=0.454 rB=0.546 a_out=5 b_in=28 mem=21.008591175079346
p1 c011 24/40 L=-0.465 Lq=-0.0966 Le=-0.377 rA=0.452 rB=0.548 a_out=5 b_in=30 mem=21.008591175079346
p1 c011 25/40 L=-0.480 Lq=-0.1023 Le=-0.386 rA=0.449 rB=0.551 a_out=5 b_in=30 mem=21.008591175079346
p1 c011 26/40 L=-0.446 Lq=-0.0897 Le=-0.365 rA=0.455 rB=0.545 a_out=4 b_in=34 mem=21.008591175079346
p1 c011 27/40 L=-0.448 Lq=-0.0907 Le=-0.365 rA=0.455 rB=0.545 a_out=5 b_in=30 mem=21.008591175079346
p1 c011 28/40 L=-0.497 Lq=-0.1097 Le=-0.397 rA=0.445 rB=0.555 a_out=6 b_in=33 mem=21.008591175079346
p1 c011 29/40 L=-0.504 Lq=-0.1125 Le=-0.401 rA=0.444 rB=0.556 a_out=6 b_in=32 mem=21.008591175079346
p1 c011 30/40 L=-0.489 Lq=-0.1061 Le=-0.392 rA=0.447 rB=0.553 a_out=6 b_in=28 mem=21.008591175079346
p1 c011 31/40 L=-0.521 Lq=-0.1207 Le=-0.410 rA=0.440 rB=0.560 a_out=7 b_in=32 mem=21.008591175079346
p1 c011 32/40 L=-0.505 Lq=-0.1128 Le=-0.402 rA=0.444 rB=0.556 a_out=6 b_in=29 mem=21.008591175079346
p1 c011 33/40 L=-0.504 Lq=-0.1156 Le=-0.400 rA=0.442 rB=0.558 a_out=6 b_in=31 mem=21.008591175079346
p1 c011 34/40 L=-0.443 Lq=-0.0889 Le=-0.363 rA=0.456 rB=0.544 a_out=4 b_in=24 mem=21.008591175079346
p1 c011 35/40 L=-0.529 Lq=-0.1272 Le=-0.412 rA=0.436 rB=0.564 a_out=7 b_in=27 mem=21.008591175079346
p1 c011 36/40 L=-0.533 Lq=-0.1264 Le=-0.416 rA=0.437 rB=0.563 a_out=7 b_in=34 mem=21.008591175079346
p1 c011 37/40 L=-0.525 Lq=-0.1240 Le=-0.411 rA=0.438 rB=0.562 a_out=7 b_in=31 mem=21.008591175079346
p1 c011 38/40 L=-0.521 Lq=-0.1228 Le=-0.408 rA=0.439 rB=0.561 a_out=7 b_in=28 mem=21.008591175079346
p1 c011 39/40 L=-0.504 Lq=-0.1138 Le=-0.401 rA=0.443 rB=0.557 a_out=6 b_in=29 mem=21.008591175079346
p1 c011 40/40 L=-0.511 Lq=-0.1166 Le=-0.405 rA=0.442 rB=0.558 a_out=6 b_in=28 mem=21.008591175079346
== p1 attack c012 (12/35) ==
p1 c012 1/40 L=-0.060 Lq=-0.0037 Le=-0.060 rA=0.498 rB=0.502 a_out=0 b_in=0 mem=21.008591175079346
p1 c012 2/40 L=-0.154 Lq=-0.0109 Le=-0.148 rA=0.495 rB=0.505 a_out=0 b_in=23 mem=21.008591175079346
p1 c012 3/40 L=-0.194 Lq=-0.0234 Le=-0.176 rA=0.488 rB=0.512 a_out=1 b_in=22 mem=21.008591175079346
p1 c012 4/40 L=-0.202 Lq=-0.0238 Le=-0.183 rA=0.488 rB=0.512 a_out=1 b_in=26 mem=21.008591175079346
p1 c012 5/40 L=-0.270 Lq=-0.0377 Le=-0.238 rA=0.481 rB=0.519 a_out=2 b_in=23 mem=21.008591175079346
p1 c012 6/40 L=-0.258 Lq=-0.0380 Le=-0.226 rA=0.481 rB=0.519 a_out=2 b_in=24 mem=21.008591175079346
p1 c012 7/40 L=-0.287 Lq=-0.0454 Le=-0.246 rA=0.477 rB=0.523 a_out=3 b_in=22 mem=21.008591175079346
p1 c012 8/40 L=-0.150 Lq=-0.0210 Le=-0.134 rA=0.490 rB=0.510 a_out=1 b_in=21 mem=21.008591175079346
p1 c012 9/40 L=-0.208 Lq=-0.0287 Le=-0.184 rA=0.486 rB=0.514 a_out=1 b_in=24 mem=21.008591175079346
p1 c012 10/40 L=-0.262 Lq=-0.0326 Le=-0.234 rA=0.484 rB=0.516 a_out=2 b_in=24 mem=21.008591175079346
p1 c012 11/40 L=-0.267 Lq=-0.0332 Le=-0.239 rA=0.483 rB=0.517 a_out=2 b_in=26 mem=21.008591175079346
p1 c012 12/40 L=-0.157 Lq=-0.0172 Le=-0.145 rA=0.491 rB=0.509 a_out=1 b_in=21 mem=21.008591175079346
p1 c012 13/40 L=-0.213 Lq=-0.0177 Le=-0.201 rA=0.491 rB=0.509 a_out=1 b_in=25 mem=21.008591175079346
p1 c012 14/40 L=-0.255 Lq=-0.0315 Le=-0.229 rA=0.484 rB=0.516 a_out=2 b_in=21 mem=21.008591175079346
p1 c012 15/40 L=-0.199 Lq=-0.0264 Le=-0.178 rA=0.487 rB=0.513 a_out=1 b_in=18 mem=21.008591175079346
p1 c012 16/40 L=-0.234 Lq=-0.0282 Le=-0.212 rA=0.486 rB=0.514 a_out=1 b_in=28 mem=21.008591175079346
p1 c012 17/40 L=-0.269 Lq=-0.0322 Le=-0.243 rA=0.484 rB=0.516 a_out=2 b_in=27 mem=21.008591175079346
p1 c012 18/40 L=-0.291 Lq=-0.0415 Le=-0.254 rA=0.479 rB=0.521 a_out=2 b_in=21 mem=21.008591175079346
p1 c012 19/40 L=-0.302 Lq=-0.0421 Le=-0.266 rA=0.479 rB=0.521 a_out=2 b_in=25 mem=21.008591175079346
p1 c012 20/40 L=-0.316 Lq=-0.0548 Le=-0.268 rA=0.473 rB=0.527 a_out=3 b_in=26 mem=21.008591175079346
p1 c012 21/40 L=-0.328 Lq=-0.0473 Le=-0.288 rA=0.476 rB=0.524 a_out=3 b_in=28 mem=21.008591175079346
p1 c012 22/40 L=-0.369 Lq=-0.0617 Le=-0.314 rA=0.469 rB=0.531 a_out=4 b_in=25 mem=21.008591175079346
p1 c012 23/40 L=-0.383 Lq=-0.0629 Le=-0.327 rA=0.469 rB=0.531 a_out=4 b_in=26 mem=21.008591175079346
p1 c012 24/40 L=-0.405 Lq=-0.0769 Le=-0.335 rA=0.462 rB=0.538 a_out=5 b_in=27 mem=21.008591175079346
p1 c012 25/40 L=-0.406 Lq=-0.0741 Le=-0.339 rA=0.463 rB=0.537 a_out=4 b_in=25 mem=21.008591175079346
p1 c012 26/40 L=-0.439 Lq=-0.0865 Le=-0.360 rA=0.457 rB=0.543 a_out=5 b_in=26 mem=21.008591175079346
p1 c012 27/40 L=-0.444 Lq=-0.0913 Le=-0.360 rA=0.454 rB=0.546 a_out=6 b_in=30 mem=21.008591175079346
p1 c012 28/40 L=-0.413 Lq=-0.0778 Le=-0.343 rA=0.461 rB=0.539 a_out=5 b_in=26 mem=21.008591175079346
p1 c012 29/40 L=-0.447 Lq=-0.0931 Le=-0.361 rA=0.453 rB=0.547 a_out=6 b_in=24 mem=21.008591175079346
p1 c012 30/40 L=-0.445 Lq=-0.0891 Le=-0.363 rA=0.455 rB=0.545 a_out=6 b_in=23 mem=21.008591175079346
p1 c012 31/40 L=-0.425 Lq=-0.0818 Le=-0.351 rA=0.459 rB=0.541 a_out=5 b_in=26 mem=21.008591175079346
p1 c012 32/40 L=-0.431 Lq=-0.0820 Le=-0.356 rA=0.459 rB=0.541 a_out=5 b_in=23 mem=21.008591175079346
p1 c012 33/40 L=-0.438 Lq=-0.0824 Le=-0.363 rA=0.459 rB=0.541 a_out=5 b_in=22 mem=21.008591175079346
p1 c012 34/40 L=-0.457 Lq=-0.0950 Le=-0.369 rA=0.453 rB=0.547 a_out=6 b_in=27 mem=21.008591175079346
p1 c012 35/40 L=-0.467 Lq=-0.0969 Le=-0.377 rA=0.452 rB=0.548 a_out=6 b_in=26 mem=21.008591175079346
p1 c012 36/40 L=-0.479 Lq=-0.1045 Le=-0.381 rA=0.448 rB=0.552 a_out=7 b_in=27 mem=21.008591175079346
p1 c012 37/40 L=-0.482 Lq=-0.1057 Le=-0.383 rA=0.447 rB=0.553 a_out=7 b_in=25 mem=21.008591175079346
p1 c012 38/40 L=-0.472 Lq=-0.0990 Le=-0.379 rA=0.450 rB=0.550 a_out=6 b_in=25 mem=21.008591175079346
p1 c012 39/40 L=-0.488 Lq=-0.1094 Le=-0.386 rA=0.445 rB=0.555 a_out=7 b_in=24 mem=21.008591175079346
p1 c012 40/40 L=-0.481 Lq=-0.1034 Le=-0.385 rA=0.448 rB=0.552 a_out=6 b_in=27 mem=21.008591175079346
== p1 attack c013 (13/35) ==
p1 c013 1/40 L=-0.254 Lq=-0.0394 Le=-0.218 rA=0.480 rB=0.520 a_out=0 b_in=0 mem=21.008591175079346
p1 c013 2/40 L=-0.280 Lq=-0.0493 Le=-0.234 rA=0.475 rB=0.525 a_out=0 b_in=12 mem=21.008591175079346
p1 c013 3/40 L=-0.277 Lq=-0.0470 Le=-0.234 rA=0.477 rB=0.523 a_out=0 b_in=15 mem=21.008591175079346
p1 c013 4/40 L=-0.343 Lq=-0.0694 Le=-0.277 rA=0.465 rB=0.535 a_out=2 b_in=17 mem=21.008591175079346
p1 c013 5/40 L=-0.362 Lq=-0.0723 Le=-0.294 rA=0.464 rB=0.536 a_out=2 b_in=17 mem=21.008591175079346
p1 c013 6/40 L=-0.372 Lq=-0.0752 Le=-0.300 rA=0.462 rB=0.538 a_out=2 b_in=17 mem=21.008591175079346
p1 c013 7/40 L=-0.385 Lq=-0.0816 Le=-0.308 rA=0.459 rB=0.541 a_out=2 b_in=19 mem=21.008591175079346
p1 c013 8/40 L=-0.400 Lq=-0.0848 Le=-0.320 rA=0.458 rB=0.542 a_out=3 b_in=16 mem=21.008591175079346
p1 c013 9/40 L=-0.410 Lq=-0.0904 Le=-0.324 rA=0.455 rB=0.545 a_out=3 b_in=20 mem=21.008591175079346
p1 c013 10/40 L=-0.448 Lq=-0.1042 Le=-0.348 rA=0.448 rB=0.552 a_out=4 b_in=22 mem=21.008591175079346
p1 c013 11/40 L=-0.458 Lq=-0.1092 Le=-0.354 rA=0.445 rB=0.555 a_out=4 b_in=24 mem=21.008591175079346
p1 c013 12/40 L=-0.498 Lq=-0.1254 Le=-0.377 rA=0.437 rB=0.563 a_out=5 b_in=21 mem=21.008591175079346
p1 c013 13/40 L=-0.494 Lq=-0.1224 Le=-0.376 rA=0.439 rB=0.561 a_out=5 b_in=20 mem=21.008591175079346
p1 c013 14/40 L=-0.526 Lq=-0.1362 Le=-0.395 rA=0.432 rB=0.568 a_out=6 b_in=24 mem=21.008591175079346
p1 c013 15/40 L=-0.557 Lq=-0.1503 Le=-0.411 rA=0.425 rB=0.575 a_out=7 b_in=24 mem=21.008591175079346
p1 c013 16/40 L=-0.558 Lq=-0.1517 Le=-0.412 rA=0.424 rB=0.576 a_out=7 b_in=24 mem=21.008591175079346
p1 c013 17/40 L=-0.562 Lq=-0.1526 Le=-0.414 rA=0.424 rB=0.576 a_out=7 b_in=22 mem=21.008591175079346
p1 c013 18/40 L=-0.558 Lq=-0.1525 Le=-0.411 rA=0.424 rB=0.576 a_out=7 b_in=27 mem=21.008591175079346
p1 c013 19/40 L=-0.579 Lq=-0.1625 Le=-0.422 rA=0.419 rB=0.581 a_out=8 b_in=27 mem=21.008591175079346
p1 c013 20/40 L=-0.594 Lq=-0.1690 Le=-0.430 rA=0.416 rB=0.584 a_out=8 b_in=30 mem=21.008591175079346
p1 c013 21/40 L=-0.601 Lq=-0.1732 Le=-0.433 rA=0.413 rB=0.587 a_out=8 b_in=28 mem=21.008591175079346
p1 c013 22/40 L=-0.615 Lq=-0.1801 Le=-0.440 rA=0.410 rB=0.590 a_out=9 b_in=29 mem=21.008591175079346
p1 c013 23/40 L=-0.616 Lq=-0.1797 Le=-0.442 rA=0.410 rB=0.590 a_out=9 b_in=27 mem=21.008591175079346
p1 c013 24/40 L=-0.621 Lq=-0.1824 Le=-0.443 rA=0.409 rB=0.591 a_out=9 b_in=28 mem=21.008591175079346
p1 c013 25/40 L=-0.630 Lq=-0.1880 Le=-0.447 rA=0.406 rB=0.594 a_out=9 b_in=27 mem=21.008591175079346
p1 c013 26/40 L=-0.650 Lq=-0.1996 Le=-0.457 rA=0.400 rB=0.600 a_out=10 b_in=30 mem=21.008591175079346
p1 c013 27/40 L=-0.647 Lq=-0.1979 Le=-0.455 rA=0.401 rB=0.599 a_out=10 b_in=24 mem=21.008591175079346
p1 c013 28/40 L=-0.643 Lq=-0.1952 Le=-0.454 rA=0.402 rB=0.598 a_out=10 b_in=30 mem=21.008591175079346
p1 c013 29/40 L=-0.657 Lq=-0.2034 Le=-0.460 rA=0.398 rB=0.602 a_out=10 b_in=29 mem=21.008591175079346
p1 c013 30/40 L=-0.650 Lq=-0.1987 Le=-0.457 rA=0.401 rB=0.599 a_out=10 b_in=30 mem=21.008591175079346
p1 c013 31/40 L=-0.658 Lq=-0.2036 Le=-0.460 rA=0.398 rB=0.602 a_out=10 b_in=27 mem=21.008591175079346
p1 c013 32/40 L=-0.680 Lq=-0.2172 Le=-0.469 rA=0.391 rB=0.609 a_out=11 b_in=29 mem=21.008591175079346
p1 c013 33/40 L=-0.684 Lq=-0.2196 Le=-0.471 rA=0.390 rB=0.610 a_out=11 b_in=29 mem=21.008591175079346
p1 c013 34/40 L=-0.667 Lq=-0.2092 Le=-0.464 rA=0.395 rB=0.605 a_out=11 b_in=27 mem=21.008591175079346
p1 c013 35/40 L=-0.692 Lq=-0.2244 Le=-0.474 rA=0.388 rB=0.612 a_out=12 b_in=31 mem=21.008591175079346
p1 c013 36/40 L=-0.695 Lq=-0.2269 Le=-0.475 rA=0.387 rB=0.613 a_out=12 b_in=33 mem=21.008591175079346
p1 c013 37/40 L=-0.693 Lq=-0.2257 Le=-0.474 rA=0.387 rB=0.613 a_out=12 b_in=30 mem=21.008591175079346
p1 c013 38/40 L=-0.697 Lq=-0.2277 Le=-0.476 rA=0.386 rB=0.614 a_out=12 b_in=30 mem=21.008591175079346
p1 c013 39/40 L=-0.715 Lq=-0.2390 Le=-0.482 rA=0.380 rB=0.620 a_out=13 b_in=32 mem=21.008591175079346
p1 c013 40/40 L=-0.715 Lq=-0.2390 Le=-0.482 rA=0.380 rB=0.620 a_out=13 b_in=30 mem=21.008591175079346
== p1 attack c015 (14/35) ==
p1 c015 1/40 L=-0.138 Lq=-0.0534 Le=-0.092 rA=0.473 rB=0.527 a_out=0 b_in=0 mem=21.008591175079346
p1 c015 2/40 L=-0.175 Lq=-0.0462 Le=-0.137 rA=0.477 rB=0.523 a_out=0 b_in=15 mem=21.008591175079346
p1 c015 3/40 L=-0.212 Lq=-0.0564 Le=-0.164 rA=0.472 rB=0.528 a_out=1 b_in=16 mem=21.008591175079346
p1 c015 4/40 L=-0.227 Lq=-0.0645 Le=-0.171 rA=0.468 rB=0.532 a_out=1 b_in=20 mem=21.008591175079346
p1 c015 5/40 L=-0.250 Lq=-0.0582 Le=-0.200 rA=0.471 rB=0.529 a_out=1 b_in=22 mem=21.008591175079346
p1 c015 6/40 L=-0.272 Lq=-0.0632 Le=-0.217 rA=0.468 rB=0.532 a_out=1 b_in=25 mem=21.008591175079346
p1 c015 7/40 L=-0.333 Lq=-0.0784 Le=-0.263 rA=0.461 rB=0.539 a_out=2 b_in=30 mem=21.008591175079346
p1 c015 8/40 L=-0.307 Lq=-0.0765 Le=-0.238 rA=0.462 rB=0.538 a_out=2 b_in=28 mem=21.008591175079346
p1 c015 9/40 L=-0.268 Lq=-0.0640 Le=-0.212 rA=0.468 rB=0.532 a_out=1 b_in=27 mem=21.008591175079346
p1 c015 10/40 L=-0.363 Lq=-0.0882 Le=-0.283 rA=0.456 rB=0.544 a_out=3 b_in=31 mem=21.008591175079346
p1 c015 11/40 L=-0.380 Lq=-0.0903 Le=-0.299 rA=0.455 rB=0.545 a_out=3 b_in=31 mem=21.008591175079346
p1 c015 12/40 L=-0.372 Lq=-0.0966 Le=-0.285 rA=0.452 rB=0.548 a_out=3 b_in=30 mem=21.008591175079346
p1 c015 13/40 L=-0.375 Lq=-0.0930 Le=-0.291 rA=0.453 rB=0.547 a_out=3 b_in=34 mem=21.008591175079346
p1 c015 14/40 L=-0.345 Lq=-0.0863 Le=-0.268 rA=0.457 rB=0.543 a_out=2 b_in=34 mem=21.008591175079346
p1 c015 15/40 L=-0.405 Lq=-0.1047 Le=-0.310 rA=0.448 rB=0.552 a_out=4 b_in=35 mem=21.008591175079346
p1 c015 16/40 L=-0.372 Lq=-0.0943 Le=-0.287 rA=0.453 rB=0.547 a_out=3 b_in=31 mem=21.008591175079346
p1 c015 17/40 L=-0.369 Lq=-0.0906 Le=-0.288 rA=0.455 rB=0.545 a_out=3 b_in=26 mem=21.008591175079346
p1 c015 18/40 L=-0.418 Lq=-0.1104 Le=-0.317 rA=0.445 rB=0.555 a_out=4 b_in=34 mem=21.008591175079346
p1 c015 19/40 L=-0.401 Lq=-0.1055 Le=-0.305 rA=0.447 rB=0.553 a_out=4 b_in=33 mem=21.008591175079346
p1 c015 20/40 L=-0.393 Lq=-0.1017 Le=-0.301 rA=0.449 rB=0.551 a_out=3 b_in=32 mem=21.008591175079346
p1 c015 21/40 L=-0.410 Lq=-0.1098 Le=-0.310 rA=0.445 rB=0.555 a_out=4 b_in=32 mem=21.008591175079346
p1 c015 22/40 L=-0.447 Lq=-0.1222 Le=-0.334 rA=0.439 rB=0.561 a_out=5 b_in=35 mem=21.008591175079346
p1 c015 23/40 L=-0.464 Lq=-0.1258 Le=-0.349 rA=0.437 rB=0.563 a_out=5 b_in=35 mem=21.008591175079346
p1 c015 24/40 L=-0.457 Lq=-0.1261 Le=-0.341 rA=0.437 rB=0.563 a_out=5 b_in=32 mem=21.008591175079346
p1 c015 25/40 L=-0.451 Lq=-0.1218 Le=-0.339 rA=0.439 rB=0.561 a_out=5 b_in=32 mem=21.008591175079346
p1 c015 26/40 L=-0.480 Lq=-0.1341 Le=-0.356 rA=0.433 rB=0.567 a_out=5 b_in=36 mem=21.008591175079346
p1 c015 27/40 L=-0.480 Lq=-0.1315 Le=-0.359 rA=0.434 rB=0.566 a_out=5 b_in=33 mem=21.008591175079346
p1 c015 28/40 L=-0.494 Lq=-0.1413 Le=-0.363 rA=0.429 rB=0.571 a_out=6 b_in=31 mem=21.008591175079346
p1 c015 29/40 L=-0.496 Lq=-0.1393 Le=-0.367 rA=0.430 rB=0.570 a_out=6 b_in=36 mem=21.008591175079346
p1 c015 30/40 L=-0.495 Lq=-0.1386 Le=-0.367 rA=0.431 rB=0.569 a_out=6 b_in=29 mem=21.008591175079346
p1 c015 31/40 L=-0.521 Lq=-0.1497 Le=-0.382 rA=0.425 rB=0.575 a_out=6 b_in=33 mem=21.008591175079346
p1 c015 32/40 L=-0.511 Lq=-0.1466 Le=-0.375 rA=0.427 rB=0.573 a_out=6 b_in=30 mem=21.008591175079346
p1 c015 33/40 L=-0.504 Lq=-0.1432 Le=-0.371 rA=0.428 rB=0.572 a_out=6 b_in=34 mem=21.008591175079346
p1 c015 34/40 L=-0.513 Lq=-0.1485 Le=-0.375 rA=0.426 rB=0.574 a_out=6 b_in=34 mem=21.008591175079346
p1 c015 35/40 L=-0.476 Lq=-0.1307 Le=-0.356 rA=0.435 rB=0.565 a_out=5 b_in=30 mem=21.008591175079346
p1 c015 36/40 L=-0.513 Lq=-0.1447 Le=-0.378 rA=0.428 rB=0.572 a_out=6 b_in=32 mem=21.008591175079346
p1 c015 37/40 L=-0.509 Lq=-0.1455 Le=-0.374 rA=0.427 rB=0.573 a_out=6 b_in=31 mem=21.008591175079346
p1 c015 38/40 L=-0.522 Lq=-0.1509 Le=-0.382 rA=0.425 rB=0.575 a_out=7 b_in=32 mem=21.008591175079346
p1 c015 39/40 L=-0.515 Lq=-0.1490 Le=-0.376 rA=0.425 rB=0.575 a_out=6 b_in=34 mem=21.008591175079346
p1 c015 40/40 L=-0.538 Lq=-0.1591 Le=-0.389 rA=0.420 rB=0.580 a_out=7 b_in=34 mem=21.008591175079346
== p1 attack c016 (15/35) ==
p1 c016 1/40 L=-0.212 Lq=-0.0314 Le=-0.184 rA=0.484 rB=0.516 a_out=0 b_in=0 mem=21.008591175079346
p1 c016 2/40 L=-0.270 Lq=-0.0341 Le=-0.240 rA=0.483 rB=0.517 a_out=0 b_in=19 mem=21.008591175079346
p1 c016 3/40 L=-0.224 Lq=-0.0281 Le=-0.200 rA=0.486 rB=0.514 a_out=0 b_in=28 mem=21.008591175079346
p1 c016 4/40 L=-0.262 Lq=-0.0379 Le=-0.229 rA=0.481 rB=0.519 a_out=0 b_in=26 mem=21.008591175079346
p1 c016 5/40 L=-0.318 Lq=-0.0517 Le=-0.272 rA=0.474 rB=0.526 a_out=1 b_in=33 mem=21.008591175079346
p1 c016 6/40 L=-0.321 Lq=-0.0454 Le=-0.280 rA=0.477 rB=0.523 a_out=1 b_in=33 mem=21.008591175079346
p1 c016 7/40 L=-0.309 Lq=-0.0458 Le=-0.268 rA=0.477 rB=0.523 a_out=1 b_in=34 mem=21.008591175079346
p1 c016 8/40 L=-0.347 Lq=-0.0546 Le=-0.297 rA=0.473 rB=0.527 a_out=1 b_in=36 mem=21.008591175079346
p1 c016 9/40 L=-0.317 Lq=-0.0456 Le=-0.276 rA=0.477 rB=0.523 a_out=1 b_in=28 mem=21.008591175079346
p1 c016 10/40 L=-0.218 Lq=-0.0256 Le=-0.197 rA=0.487 rB=0.513 a_out=0 b_in=34 mem=21.008591175079346
p1 c016 11/40 L=-0.264 Lq=-0.0348 Le=-0.234 rA=0.483 rB=0.517 a_out=0 b_in=33 mem=21.008591175079346
p1 c016 12/40 L=-0.278 Lq=-0.0404 Le=-0.242 rA=0.480 rB=0.520 a_out=1 b_in=34 mem=21.008591175079346
p1 c016 13/40 L=-0.278 Lq=-0.0469 Le=-0.236 rA=0.477 rB=0.523 a_out=1 b_in=36 mem=21.008591175079346
p1 c016 14/40 L=-0.302 Lq=-0.0443 Le=-0.263 rA=0.478 rB=0.522 a_out=1 b_in=31 mem=21.008591175079346
p1 c016 15/40 L=-0.289 Lq=-0.0440 Le=-0.250 rA=0.478 rB=0.522 a_out=1 b_in=35 mem=21.008591175079346
p1 c016 16/40 L=-0.337 Lq=-0.0538 Le=-0.289 rA=0.473 rB=0.527 a_out=1 b_in=31 mem=21.008591175079346
p1 c016 17/40 L=-0.335 Lq=-0.0482 Le=-0.291 rA=0.476 rB=0.524 a_out=1 b_in=25 mem=21.008591175079346
p1 c016 18/40 L=-0.366 Lq=-0.0555 Le=-0.316 rA=0.472 rB=0.528 a_out=2 b_in=29 mem=21.008591175079346
p1 c016 19/40 L=-0.297 Lq=-0.0383 Le=-0.264 rA=0.481 rB=0.519 a_out=0 b_in=30 mem=21.008591175079346
p1 c016 20/40 L=-0.373 Lq=-0.0574 Le=-0.321 rA=0.471 rB=0.529 a_out=2 b_in=31 mem=21.008591175079346
p1 c016 21/40 L=-0.358 Lq=-0.0568 Le=-0.306 rA=0.472 rB=0.528 a_out=2 b_in=33 mem=21.008591175079346
p1 c016 22/40 L=-0.343 Lq=-0.0528 Le=-0.295 rA=0.474 rB=0.526 a_out=1 b_in=33 mem=21.008591175079346
p1 c016 23/40 L=-0.362 Lq=-0.0545 Le=-0.313 rA=0.473 rB=0.527 a_out=1 b_in=31 mem=21.008591175079346
p1 c016 24/40 L=-0.389 Lq=-0.0670 Le=-0.327 rA=0.467 rB=0.533 a_out=2 b_in=31 mem=21.008591175079346
p1 c016 25/40 L=-0.402 Lq=-0.0706 Le=-0.337 rA=0.465 rB=0.535 a_out=3 b_in=29 mem=21.008591175079346
p1 c016 26/40 L=-0.415 Lq=-0.0714 Le=-0.349 rA=0.464 rB=0.536 a_out=3 b_in=33 mem=21.008591175079346
p1 c016 27/40 L=-0.423 Lq=-0.0760 Le=-0.352 rA=0.462 rB=0.538 a_out=3 b_in=28 mem=21.008591175079346
p1 c016 28/40 L=-0.432 Lq=-0.0746 Le=-0.362 rA=0.463 rB=0.537 a_out=3 b_in=25 mem=21.008591175079346
p1 c016 29/40 L=-0.368 Lq=-0.0591 Le=-0.314 rA=0.470 rB=0.530 a_out=2 b_in=32 mem=21.008591175079346
p1 c016 30/40 L=-0.394 Lq=-0.0633 Le=-0.336 rA=0.468 rB=0.532 a_out=2 b_in=30 mem=21.008591175079346
p1 c016 31/40 L=-0.382 Lq=-0.0660 Le=-0.321 rA=0.467 rB=0.533 a_out=2 b_in=35 mem=21.008591175079346
p1 c016 32/40 L=-0.378 Lq=-0.0657 Le=-0.317 rA=0.467 rB=0.533 a_out=2 b_in=38 mem=21.008591175079346
p1 c016 33/40 L=-0.399 Lq=-0.0674 Le=-0.337 rA=0.466 rB=0.534 a_out=2 b_in=30 mem=21.008591175079346
p1 c016 34/40 L=-0.439 Lq=-0.0794 Le=-0.364 rA=0.460 rB=0.540 a_out=3 b_in=36 mem=21.008591175079346
p1 c016 35/40 L=-0.486 Lq=-0.0955 Le=-0.396 rA=0.452 rB=0.548 a_out=4 b_in=33 mem=21.008591175079346
p1 c016 36/40 L=-0.368 Lq=-0.0587 Le=-0.314 rA=0.471 rB=0.529 a_out=2 b_in=37 mem=21.008591175079346
p1 c016 37/40 L=-0.349 Lq=-0.0482 Le=-0.306 rA=0.476 rB=0.524 a_out=1 b_in=29 mem=21.008591175079346
p1 c016 38/40 L=-0.309 Lq=-0.0475 Le=-0.266 rA=0.476 rB=0.524 a_out=1 b_in=30 mem=21.008591175079346
p1 c016 39/40 L=-0.379 Lq=-0.0603 Le=-0.324 rA=0.470 rB=0.530 a_out=2 b_in=27 mem=21.008591175079346
p1 c016 40/40 L=-0.284 Lq=-0.0378 Le=-0.251 rA=0.481 rB=0.519 a_out=0 b_in=18 mem=21.008591175079346
== p1 attack c018 (16/35) ==
p1 c018 1/40 L=-0.210 Lq=-0.0505 Le=-0.162 rA=0.475 rB=0.525 a_out=0 b_in=0 mem=21.008591175079346
p1 c018 2/40 L=-0.255 Lq=-0.0591 Le=-0.199 rA=0.470 rB=0.530 a_out=1 b_in=19 mem=21.008591175079346
p1 c018 3/40 L=-0.306 Lq=-0.0691 Le=-0.240 rA=0.465 rB=0.535 a_out=1 b_in=21 mem=21.008591175079346
p1 c018 4/40 L=-0.378 Lq=-0.0836 Le=-0.298 rA=0.458 rB=0.542 a_out=2 b_in=24 mem=21.008591175079346
p1 c018 5/40 L=-0.348 Lq=-0.0796 Le=-0.272 rA=0.460 rB=0.540 a_out=2 b_in=23 mem=21.008591175079346
p1 c018 6/40 L=-0.358 Lq=-0.0774 Le=-0.284 rA=0.461 rB=0.539 a_out=2 b_in=28 mem=21.008591175079346
p1 c018 7/40 L=-0.384 Lq=-0.0826 Le=-0.305 rA=0.459 rB=0.541 a_out=2 b_in=24 mem=21.008591175079346
p1 c018 8/40 L=-0.386 Lq=-0.0847 Le=-0.306 rA=0.458 rB=0.542 a_out=2 b_in=28 mem=21.008591175079346
p1 c018 9/40 L=-0.439 Lq=-0.1037 Le=-0.339 rA=0.448 rB=0.552 a_out=4 b_in=30 mem=21.008591175079346
p1 c018 10/40 L=-0.433 Lq=-0.1001 Le=-0.337 rA=0.450 rB=0.550 a_out=3 b_in=30 mem=21.008591175079346
p1 c018 11/40 L=-0.465 Lq=-0.1133 Le=-0.356 rA=0.443 rB=0.557 a_out=4 b_in=31 mem=21.008591175079346
p1 c018 12/40 L=-0.467 Lq=-0.1123 Le=-0.359 rA=0.444 rB=0.556 a_out=4 b_in=30 mem=21.008591175079346
p1 c018 13/40 L=-0.468 Lq=-0.1114 Le=-0.360 rA=0.444 rB=0.556 a_out=4 b_in=32 mem=21.008591175079346
p1 c018 14/40 L=-0.496 Lq=-0.1244 Le=-0.375 rA=0.438 rB=0.562 a_out=5 b_in=26 mem=21.008591175079346
p1 c018 15/40 L=-0.499 Lq=-0.1261 Le=-0.377 rA=0.437 rB=0.563 a_out=5 b_in=26 mem=21.008591175079346
p1 c018 16/40 L=-0.496 Lq=-0.1254 Le=-0.375 rA=0.437 rB=0.563 a_out=5 b_in=27 mem=21.008591175079346
p1 c018 17/40 L=-0.509 Lq=-0.1316 Le=-0.382 rA=0.434 rB=0.566 a_out=5 b_in=32 mem=21.008591175079346
p1 c018 18/40 L=-0.506 Lq=-0.1289 Le=-0.381 rA=0.436 rB=0.564 a_out=5 b_in=29 mem=21.008591175079346
p1 c018 19/40 L=-0.491 Lq=-0.1215 Le=-0.373 rA=0.439 rB=0.561 a_out=5 b_in=32 mem=21.008591175079346
p1 c018 20/40 L=-0.502 Lq=-0.1275 Le=-0.378 rA=0.436 rB=0.564 a_out=5 b_in=28 mem=21.008591175079346
p1 c018 21/40 L=-0.505 Lq=-0.1300 Le=-0.379 rA=0.435 rB=0.565 a_out=5 b_in=31 mem=21.008591175079346
p1 c018 22/40 L=-0.526 Lq=-0.1382 Le=-0.393 rA=0.431 rB=0.569 a_out=6 b_in=32 mem=21.008591175079346
p1 c018 23/40 L=-0.532 Lq=-0.1399 Le=-0.397 rA=0.430 rB=0.570 a_out=6 b_in=29 mem=21.008591175079346
p1 c018 24/40 L=-0.540 Lq=-0.1467 Le=-0.398 rA=0.427 rB=0.573 a_out=6 b_in=30 mem=21.008591175079346
p1 c018 25/40 L=-0.541 Lq=-0.1453 Le=-0.401 rA=0.427 rB=0.573 a_out=6 b_in=31 mem=21.008591175079346
p1 c018 26/40 L=-0.554 Lq=-0.1519 Le=-0.407 rA=0.424 rB=0.576 a_out=7 b_in=31 mem=21.008591175079346
p1 c018 27/40 L=-0.541 Lq=-0.1462 Le=-0.400 rA=0.427 rB=0.573 a_out=6 b_in=32 mem=21.008591175079346
p1 c018 28/40 L=-0.538 Lq=-0.1428 Le=-0.401 rA=0.429 rB=0.571 a_out=6 b_in=29 mem=21.008591175079346
p1 c018 29/40 L=-0.548 Lq=-0.1493 Le=-0.404 rA=0.425 rB=0.575 a_out=6 b_in=29 mem=21.008591175079346
p1 c018 30/40 L=-0.568 Lq=-0.1597 Le=-0.413 rA=0.420 rB=0.580 a_out=7 b_in=31 mem=21.008591175079346
p1 c018 31/40 L=-0.573 Lq=-0.1622 Le=-0.416 rA=0.419 rB=0.581 a_out=7 b_in=31 mem=21.008591175079346
p1 c018 32/40 L=-0.557 Lq=-0.1541 Le=-0.408 rA=0.423 rB=0.577 a_out=7 b_in=30 mem=21.008591175079346
p1 c018 33/40 L=-0.568 Lq=-0.1588 Le=-0.415 rA=0.421 rB=0.579 a_out=7 b_in=30 mem=21.008591175079346
p1 c018 34/40 L=-0.563 Lq=-0.1554 Le=-0.412 rA=0.422 rB=0.578 a_out=7 b_in=25 mem=21.008591175079346
p1 c018 35/40 L=-0.560 Lq=-0.1550 Le=-0.411 rA=0.423 rB=0.577 a_out=7 b_in=25 mem=21.008591175079346
p1 c018 36/40 L=-0.580 Lq=-0.1652 Le=-0.421 rA=0.417 rB=0.583 a_out=7 b_in=29 mem=21.008591175079346
p1 c018 37/40 L=-0.569 Lq=-0.1586 Le=-0.416 rA=0.421 rB=0.579 a_out=7 b_in=30 mem=21.008591175079346
p1 c018 38/40 L=-0.585 Lq=-0.1687 Le=-0.422 rA=0.416 rB=0.584 a_out=8 b_in=35 mem=21.008591175079346
p1 c018 39/40 L=-0.599 Lq=-0.1765 Le=-0.428 rA=0.412 rB=0.588 a_out=8 b_in=34 mem=21.008591175079346
p1 c018 40/40 L=-0.590 Lq=-0.1717 Le=-0.425 rA=0.414 rB=0.586 a_out=8 b_in=33 mem=21.008591175079346
== p1 attack c020 (17/35) ==
p1 c020 1/40 L=-0.105 Lq=-0.0218 Le=-0.086 rA=0.489 rB=0.511 a_out=0 b_in=0 mem=21.008591175079346
p1 c020 2/40 L=-0.211 Lq=-0.0281 Le=-0.186 rA=0.486 rB=0.514 a_out=1 b_in=14 mem=21.008591175079346
p1 c020 3/40 L=-0.241 Lq=-0.0327 Le=-0.212 rA=0.484 rB=0.516 a_out=1 b_in=16 mem=21.008591175079346
p1 c020 4/40 L=-0.256 Lq=-0.0335 Le=-0.226 rA=0.483 rB=0.517 a_out=1 b_in=20 mem=21.008591175079346
p1 c020 5/40 L=-0.299 Lq=-0.0429 Le=-0.260 rA=0.479 rB=0.521 a_out=2 b_in=22 mem=21.008591175079346
p1 c020 6/40 L=-0.254 Lq=-0.0401 Le=-0.218 rA=0.480 rB=0.520 a_out=2 b_in=25 mem=21.008591175079346
p1 c020 7/40 L=-0.288 Lq=-0.0453 Le=-0.246 rA=0.477 rB=0.523 a_out=2 b_in=26 mem=21.008591175079346
p1 c020 8/40 L=-0.326 Lq=-0.0552 Le=-0.275 rA=0.472 rB=0.528 a_out=3 b_in=21 mem=21.008591175079346
p1 c020 9/40 L=-0.371 Lq=-0.0697 Le=-0.305 rA=0.465 rB=0.535 a_out=3 b_in=23 mem=21.008591175079346
p1 c020 10/40 L=-0.370 Lq=-0.0685 Le=-0.306 rA=0.466 rB=0.534 a_out=3 b_in=23 mem=21.008591175079346
p1 c020 11/40 L=-0.388 Lq=-0.0750 Le=-0.317 rA=0.463 rB=0.537 a_out=4 b_in=27 mem=21.008591175079346
p1 c020 12/40 L=-0.422 Lq=-0.0858 Le=-0.340 rA=0.457 rB=0.543 a_out=4 b_in=25 mem=21.008591175079346
p1 c020 13/40 L=-0.439 Lq=-0.0958 Le=-0.347 rA=0.452 rB=0.548 a_out=5 b_in=24 mem=21.008591175079346
p1 c020 14/40 L=-0.456 Lq=-0.1017 Le=-0.359 rA=0.449 rB=0.551 a_out=6 b_in=23 mem=21.008591175079346
p1 c020 15/40 L=-0.457 Lq=-0.1025 Le=-0.358 rA=0.449 rB=0.551 a_out=6 b_in=23 mem=21.008591175079346
p1 c020 16/40 L=-0.440 Lq=-0.0937 Le=-0.351 rA=0.453 rB=0.547 a_out=5 b_in=25 mem=21.008591175079346
p1 c020 17/40 L=-0.442 Lq=-0.0969 Le=-0.350 rA=0.452 rB=0.548 a_out=5 b_in=26 mem=21.008591175079346
p1 c020 18/40 L=-0.469 Lq=-0.1082 Le=-0.365 rA=0.446 rB=0.554 a_out=6 b_in=28 mem=21.008591175079346
p1 c020 19/40 L=-0.472 Lq=-0.1098 Le=-0.367 rA=0.445 rB=0.555 a_out=6 b_in=26 mem=21.008591175079346
p1 c020 20/40 L=-0.466 Lq=-0.1062 Le=-0.365 rA=0.447 rB=0.553 a_out=6 b_in=27 mem=21.008591175079346
p1 c020 21/40 L=-0.475 Lq=-0.1095 Le=-0.370 rA=0.445 rB=0.555 a_out=6 b_in=27 mem=21.008591175079346
p1 c020 22/40 L=-0.481 Lq=-0.1114 Le=-0.374 rA=0.444 rB=0.556 a_out=6 b_in=24 mem=21.008591175079346
p1 c020 23/40 L=-0.500 Lq=-0.1204 Le=-0.384 rA=0.440 rB=0.560 a_out=7 b_in=27 mem=21.008591175079346
p1 c020 24/40 L=-0.513 Lq=-0.1261 Le=-0.392 rA=0.437 rB=0.563 a_out=7 b_in=29 mem=21.008591175079346
p1 c020 25/40 L=-0.523 Lq=-0.1316 Le=-0.396 rA=0.434 rB=0.566 a_out=7 b_in=27 mem=21.008591175079346
p1 c020 26/40 L=-0.530 Lq=-0.1345 Le=-0.400 rA=0.433 rB=0.567 a_out=8 b_in=27 mem=21.008591175079346
p1 c020 27/40 L=-0.524 Lq=-0.1315 Le=-0.397 rA=0.434 rB=0.566 a_out=7 b_in=28 mem=21.008591175079346
p1 c020 28/40 L=-0.511 Lq=-0.1246 Le=-0.391 rA=0.438 rB=0.562 a_out=7 b_in=27 mem=21.008591175079346
p1 c020 29/40 L=-0.493 Lq=-0.1148 Le=-0.383 rA=0.443 rB=0.557 a_out=6 b_in=23 mem=21.008591175079346
p1 c020 30/40 L=-0.471 Lq=-0.1076 Le=-0.368 rA=0.446 rB=0.554 a_out=6 b_in=25 mem=21.008591175079346
p1 c020 31/40 L=-0.510 Lq=-0.1243 Le=-0.390 rA=0.438 rB=0.562 a_out=7 b_in=29 mem=21.008591175079346
p1 c020 32/40 L=-0.532 Lq=-0.1329 Le=-0.404 rA=0.434 rB=0.566 a_out=8 b_in=30 mem=21.008591175079346
p1 c020 33/40 L=-0.537 Lq=-0.1387 Le=-0.403 rA=0.431 rB=0.569 a_out=8 b_in=26 mem=21.008591175079346
p1 c020 34/40 L=-0.532 Lq=-0.1366 Le=-0.400 rA=0.432 rB=0.568 a_out=8 b_in=26 mem=21.008591175079346
p1 c020 35/40 L=-0.532 Lq=-0.1373 Le=-0.400 rA=0.431 rB=0.569 a_out=8 b_in=27 mem=21.008591175079346
p1 c020 36/40 L=-0.537 Lq=-0.1396 Le=-0.402 rA=0.430 rB=0.570 a_out=8 b_in=29 mem=21.008591175079346
p1 c020 37/40 L=-0.551 Lq=-0.1459 Le=-0.410 rA=0.427 rB=0.573 a_out=8 b_in=25 mem=21.008591175079346
p1 c020 38/40 L=-0.550 Lq=-0.1450 Le=-0.410 rA=0.427 rB=0.573 a_out=8 b_in=26 mem=21.008591175079346
p1 c020 39/40 L=-0.574 Lq=-0.1567 Le=-0.422 rA=0.422 rB=0.578 a_out=9 b_in=29 mem=21.008591175079346
p1 c020 40/40 L=-0.564 Lq=-0.1515 Le=-0.418 rA=0.424 rB=0.576 a_out=9 b_in=28 mem=21.008591175079346
== p1 attack c021 (18/35) ==
p1 c021 1/40 L=-0.268 Lq=-0.0592 Le=-0.211 rA=0.470 rB=0.530 a_out=0 b_in=0 mem=21.008591175079346
p1 c021 2/40 L=-0.261 Lq=-0.0572 Le=-0.206 rA=0.471 rB=0.529 a_out=0 b_in=10 mem=21.008591175079346
p1 c021 3/40 L=-0.286 Lq=-0.0635 Le=-0.225 rA=0.468 rB=0.532 a_out=0 b_in=14 mem=21.008591175079346
p1 c021 4/40 L=-0.312 Lq=-0.0740 Le=-0.241 rA=0.463 rB=0.537 a_out=1 b_in=19 mem=21.008591175079346
p1 c021 5/40 L=-0.327 Lq=-0.0777 Le=-0.252 rA=0.461 rB=0.539 a_out=1 b_in=18 mem=21.008591175079346
p1 c021 6/40 L=-0.332 Lq=-0.0774 Le=-0.257 rA=0.461 rB=0.539 a_out=1 b_in=21 mem=21.008591175079346
p1 c021 7/40 L=-0.318 Lq=-0.0720 Le=-0.248 rA=0.464 rB=0.536 a_out=1 b_in=14 mem=21.008591175079346
p1 c021 8/40 L=-0.319 Lq=-0.0699 Le=-0.252 rA=0.465 rB=0.535 a_out=0 b_in=20 mem=21.008591175079346
p1 c021 9/40 L=-0.353 Lq=-0.0818 Le=-0.274 rA=0.459 rB=0.541 a_out=1 b_in=20 mem=21.008591175079346
p1 c021 10/40 L=-0.334 Lq=-0.0801 Le=-0.256 rA=0.460 rB=0.540 a_out=1 b_in=21 mem=21.008591175079346
p1 c021 11/40 L=-0.324 Lq=-0.0770 Le=-0.250 rA=0.462 rB=0.538 a_out=1 b_in=20 mem=21.008591175079346
p1 c021 12/40 L=-0.369 Lq=-0.0907 Le=-0.281 rA=0.455 rB=0.545 a_out=2 b_in=19 mem=21.008591175079346
p1 c021 13/40 L=-0.347 Lq=-0.0853 Le=-0.265 rA=0.457 rB=0.543 a_out=1 b_in=20 mem=21.008591175079346
p1 c021 14/40 L=-0.385 Lq=-0.0984 Le=-0.290 rA=0.451 rB=0.549 a_out=2 b_in=17 mem=21.008591175079346
p1 c021 15/40 L=-0.392 Lq=-0.0960 Le=-0.299 rA=0.452 rB=0.548 a_out=2 b_in=22 mem=21.008591175079346
p1 c021 16/40 L=-0.403 Lq=-0.1032 Le=-0.304 rA=0.448 rB=0.552 a_out=3 b_in=23 mem=21.008591175079346
p1 c021 17/40 L=-0.374 Lq=-0.0959 Le=-0.282 rA=0.452 rB=0.548 a_out=2 b_in=20 mem=21.008591175079346
p1 c021 18/40 L=-0.399 Lq=-0.1049 Le=-0.297 rA=0.448 rB=0.552 a_out=3 b_in=20 mem=21.008591175079346
p1 c021 19/40 L=-0.426 Lq=-0.1120 Le=-0.317 rA=0.444 rB=0.556 a_out=3 b_in=27 mem=21.008591175079346
p1 c021 20/40 L=-0.420 Lq=-0.1135 Le=-0.310 rA=0.443 rB=0.557 a_out=3 b_in=22 mem=21.008591175079346
p1 c021 21/40 L=-0.417 Lq=-0.1054 Le=-0.315 rA=0.447 rB=0.553 a_out=3 b_in=24 mem=21.008591175079346
p1 c021 22/40 L=-0.451 Lq=-0.1163 Le=-0.338 rA=0.442 rB=0.558 a_out=3 b_in=22 mem=21.008591175079346
p1 c021 23/40 L=-0.446 Lq=-0.1156 Le=-0.333 rA=0.442 rB=0.558 a_out=3 b_in=24 mem=21.008591175079346
p1 c021 24/40 L=-0.435 Lq=-0.1085 Le=-0.329 rA=0.446 rB=0.554 a_out=3 b_in=23 mem=21.008591175079346
p1 c021 25/40 L=-0.464 Lq=-0.1194 Le=-0.348 rA=0.440 rB=0.560 a_out=4 b_in=25 mem=21.008591175079346
p1 c021 26/40 L=-0.475 Lq=-0.1249 Le=-0.354 rA=0.438 rB=0.562 a_out=4 b_in=26 mem=21.008591175079346
p1 c021 27/40 L=-0.482 Lq=-0.1286 Le=-0.357 rA=0.436 rB=0.564 a_out=4 b_in=24 mem=21.008591175079346
p1 c021 28/40 L=-0.457 Lq=-0.1200 Le=-0.341 rA=0.440 rB=0.560 a_out=4 b_in=20 mem=21.008591175079346
p1 c021 29/40 L=-0.475 Lq=-0.1249 Le=-0.354 rA=0.438 rB=0.562 a_out=4 b_in=23 mem=21.008591175079346
p1 c021 30/40 L=-0.478 Lq=-0.1244 Le=-0.358 rA=0.438 rB=0.562 a_out=4 b_in=25 mem=21.008591175079346
p1 c021 31/40 L=-0.464 Lq=-0.1199 Le=-0.348 rA=0.440 rB=0.560 a_out=4 b_in=22 mem=21.008591175079346
p1 c021 32/40 L=-0.422 Lq=-0.1042 Le=-0.321 rA=0.448 rB=0.552 a_out=3 b_in=24 mem=21.008591175079346
p1 c021 33/40 L=-0.473 Lq=-0.1256 Le=-0.351 rA=0.437 rB=0.563 a_out=4 b_in=24 mem=21.008591175079346
p1 c021 34/40 L=-0.473 Lq=-0.1237 Le=-0.353 rA=0.438 rB=0.562 a_out=4 b_in=24 mem=21.008591175079346
p1 c021 35/40 L=-0.482 Lq=-0.1267 Le=-0.359 rA=0.437 rB=0.563 a_out=4 b_in=23 mem=21.008591175079346
p1 c021 36/40 L=-0.493 Lq=-0.1339 Le=-0.363 rA=0.433 rB=0.567 a_out=4 b_in=27 mem=21.008591175079346
p1 c021 37/40 L=-0.526 Lq=-0.1462 Le=-0.384 rA=0.427 rB=0.573 a_out=5 b_in=23 mem=21.008591175079346
p1 c021 38/40 L=-0.515 Lq=-0.1404 Le=-0.378 rA=0.430 rB=0.570 a_out=5 b_in=25 mem=21.008591175079346
p1 c021 39/40 L=-0.462 Lq=-0.1208 Le=-0.345 rA=0.440 rB=0.560 a_out=4 b_in=24 mem=21.008591175079346
p1 c021 40/40 L=-0.523 Lq=-0.1439 Le=-0.383 rA=0.428 rB=0.572 a_out=5 b_in=27 mem=21.008591175079346
== p1 attack c022 (19/35) ==
p1 c022 1/40 L=-0.375 Lq=-0.0754 Le=-0.304 rA=0.462 rB=0.538 a_out=0 b_in=0 mem=21.008591175079346
p1 c022 2/40 L=-0.430 Lq=-0.0904 Le=-0.344 rA=0.455 rB=0.545 a_out=1 b_in=17 mem=21.008591175079346
p1 c022 3/40 L=-0.459 Lq=-0.1023 Le=-0.361 rA=0.449 rB=0.551 a_out=1 b_in=17 mem=21.008591175079346
p1 c022 4/40 L=-0.476 Lq=-0.1094 Le=-0.372 rA=0.445 rB=0.555 a_out=2 b_in=19 mem=21.008591175079346
p1 c022 5/40 L=-0.471 Lq=-0.1096 Le=-0.367 rA=0.445 rB=0.555 a_out=2 b_in=20 mem=21.008591175079346
p1 c022 6/40 L=-0.486 Lq=-0.1143 Le=-0.377 rA=0.443 rB=0.557 a_out=2 b_in=21 mem=21.008591175079346
p1 c022 7/40 L=-0.478 Lq=-0.1113 Le=-0.372 rA=0.444 rB=0.556 a_out=2 b_in=20 mem=21.008591175079346
p1 c022 8/40 L=-0.497 Lq=-0.1180 Le=-0.384 rA=0.441 rB=0.559 a_out=2 b_in=22 mem=21.008591175079346
p1 c022 9/40 L=-0.518 Lq=-0.1246 Le=-0.399 rA=0.438 rB=0.562 a_out=3 b_in=22 mem=21.008591175079346
p1 c022 10/40 L=-0.522 Lq=-0.1287 Le=-0.399 rA=0.436 rB=0.564 a_out=3 b_in=22 mem=21.008591175079346
p1 c022 11/40 L=-0.522 Lq=-0.1274 Le=-0.399 rA=0.436 rB=0.564 a_out=3 b_in=25 mem=21.008591175079346
p1 c022 12/40 L=-0.545 Lq=-0.1369 Le=-0.413 rA=0.432 rB=0.568 a_out=4 b_in=20 mem=21.008591175079346
p1 c022 13/40 L=-0.546 Lq=-0.1372 Le=-0.415 rA=0.431 rB=0.569 a_out=4 b_in=23 mem=21.008591175079346
p1 c022 14/40 L=-0.569 Lq=-0.1476 Le=-0.426 rA=0.426 rB=0.574 a_out=4 b_in=25 mem=21.008591175079346
p1 c022 15/40 L=-0.574 Lq=-0.1500 Le=-0.429 rA=0.425 rB=0.575 a_out=4 b_in=27 mem=21.008591175079346
p1 c022 16/40 L=-0.593 Lq=-0.1606 Le=-0.438 rA=0.420 rB=0.580 a_out=5 b_in=27 mem=21.008591175079346
p1 c022 17/40 L=-0.581 Lq=-0.1555 Le=-0.431 rA=0.422 rB=0.578 a_out=5 b_in=25 mem=21.008591175079346
p1 c022 18/40 L=-0.596 Lq=-0.1620 Le=-0.440 rA=0.419 rB=0.581 a_out=5 b_in=25 mem=21.008591175079346
p1 c022 19/40 L=-0.611 Lq=-0.1700 Le=-0.447 rA=0.415 rB=0.585 a_out=6 b_in=25 mem=21.008591175079346
p1 c022 20/40 L=-0.623 Lq=-0.1766 Le=-0.451 rA=0.412 rB=0.588 a_out=6 b_in=28 mem=21.008591175079346
p1 c022 21/40 L=-0.590 Lq=-0.1591 Le=-0.436 rA=0.420 rB=0.580 a_out=5 b_in=26 mem=21.008591175079346
p1 c022 22/40 L=-0.584 Lq=-0.1573 Le=-0.432 rA=0.421 rB=0.579 a_out=5 b_in=25 mem=21.008591175079346
p1 c022 23/40 L=-0.615 Lq=-0.1727 Le=-0.448 rA=0.414 rB=0.586 a_out=6 b_in=26 mem=21.008591175079346
p1 c022 24/40 L=-0.622 Lq=-0.1768 Le=-0.451 rA=0.412 rB=0.588 a_out=6 b_in=27 mem=21.008591175079346
p1 c022 25/40 L=-0.643 Lq=-0.1886 Le=-0.461 rA=0.406 rB=0.594 a_out=7 b_in=25 mem=21.008591175079346
p1 c022 26/40 L=-0.650 Lq=-0.1924 Le=-0.464 rA=0.404 rB=0.596 a_out=7 b_in=26 mem=21.008591175079346
p1 c022 27/40 L=-0.662 Lq=-0.2000 Le=-0.468 rA=0.400 rB=0.600 a_out=8 b_in=27 mem=21.008591175079346
p1 c022 28/40 L=-0.651 Lq=-0.1928 Le=-0.465 rA=0.404 rB=0.596 a_out=7 b_in=24 mem=21.008591175079346
p1 c022 29/40 L=-0.613 Lq=-0.1713 Le=-0.447 rA=0.414 rB=0.586 a_out=6 b_in=28 mem=21.008591175079346
p1 c022 30/40 L=-0.616 Lq=-0.1740 Le=-0.448 rA=0.413 rB=0.587 a_out=6 b_in=25 mem=21.008591175079346
p1 c022 31/40 L=-0.627 Lq=-0.1797 Le=-0.453 rA=0.410 rB=0.590 a_out=6 b_in=28 mem=21.008591175079346
p1 c022 32/40 L=-0.635 Lq=-0.1842 Le=-0.457 rA=0.408 rB=0.592 a_out=7 b_in=25 mem=21.008591175079346
p1 c022 33/40 L=-0.651 Lq=-0.1935 Le=-0.464 rA=0.403 rB=0.597 a_out=7 b_in=29 mem=21.008591175079346
p1 c022 34/40 L=-0.657 Lq=-0.1969 Le=-0.467 rA=0.402 rB=0.598 a_out=7 b_in=27 mem=21.008591175079346
p1 c022 35/40 L=-0.658 Lq=-0.1973 Le=-0.467 rA=0.401 rB=0.599 a_out=7 b_in=28 mem=21.008591175079346
p1 c022 36/40 L=-0.673 Lq=-0.2063 Le=-0.474 rA=0.397 rB=0.603 a_out=8 b_in=30 mem=21.008591175079346
p1 c022 37/40 L=-0.686 Lq=-0.2142 Le=-0.478 rA=0.393 rB=0.607 a_out=8 b_in=30 mem=21.008591175079346
p1 c022 38/40 L=-0.677 Lq=-0.2090 Le=-0.475 rA=0.396 rB=0.604 a_out=8 b_in=31 mem=21.008591175079346
p1 c022 39/40 L=-0.696 Lq=-0.2213 Le=-0.482 rA=0.389 rB=0.611 a_out=9 b_in=29 mem=21.008591175079346
p1 c022 40/40 L=-0.710 Lq=-0.2299 Le=-0.487 rA=0.385 rB=0.615 a_out=9 b_in=29 mem=21.008591175079346
== p1 attack c023 (20/35) ==
p1 c023 1/40 L=-0.210 Lq=-0.0262 Le=-0.187 rA=0.487 rB=0.513 a_out=0 b_in=0 mem=21.008591175079346
p1 c023 2/40 L=-0.177 Lq=-0.0207 Le=-0.160 rA=0.490 rB=0.510 a_out=0 b_in=17 mem=21.008591175079346
p1 c023 3/40 L=-0.226 Lq=-0.0293 Le=-0.200 rA=0.485 rB=0.515 a_out=0 b_in=14 mem=21.008591175079346
p1 c023 4/40 L=-0.264 Lq=-0.0452 Le=-0.222 rA=0.477 rB=0.523 a_out=1 b_in=17 mem=21.008591175079346
p1 c023 5/40 L=-0.317 Lq=-0.0518 Le=-0.268 rA=0.474 rB=0.526 a_out=1 b_in=12 mem=21.008591175079346
p1 c023 6/40 L=-0.333 Lq=-0.0566 Le=-0.280 rA=0.472 rB=0.528 a_out=2 b_in=17 mem=21.008591175079346
p1 c023 7/40 L=-0.307 Lq=-0.0536 Le=-0.257 rA=0.473 rB=0.527 a_out=1 b_in=18 mem=21.008591175079346
p1 c023 8/40 L=-0.342 Lq=-0.0580 Le=-0.287 rA=0.471 rB=0.529 a_out=2 b_in=17 mem=21.008591175079346
p1 c023 9/40 L=-0.341 Lq=-0.0590 Le=-0.285 rA=0.471 rB=0.529 a_out=2 b_in=16 mem=21.008591175079346
p1 c023 10/40 L=-0.343 Lq=-0.0610 Le=-0.285 rA=0.470 rB=0.530 a_out=2 b_in=19 mem=21.008591175079346
p1 c023 11/40 L=-0.353 Lq=-0.0625 Le=-0.294 rA=0.469 rB=0.531 a_out=2 b_in=17 mem=21.008591175079346
p1 c023 12/40 L=-0.338 Lq=-0.0604 Le=-0.282 rA=0.470 rB=0.530 a_out=2 b_in=19 mem=21.008591175079346
p1 c023 13/40 L=-0.383 Lq=-0.0742 Le=-0.313 rA=0.463 rB=0.537 a_out=3 b_in=24 mem=21.008591175079346
p1 c023 14/40 L=-0.408 Lq=-0.0789 Le=-0.333 rA=0.461 rB=0.539 a_out=3 b_in=23 mem=21.008591175079346
p1 c023 15/40 L=-0.423 Lq=-0.0841 Le=-0.343 rA=0.458 rB=0.542 a_out=3 b_in=19 mem=21.008591175079346
p1 c023 16/40 L=-0.429 Lq=-0.0879 Le=-0.345 rA=0.456 rB=0.544 a_out=4 b_in=23 mem=21.008591175079346
p1 c023 17/40 L=-0.416 Lq=-0.0821 Le=-0.338 rA=0.459 rB=0.541 a_out=3 b_in=24 mem=21.008591175079346
p1 c023 18/40 L=-0.432 Lq=-0.0884 Le=-0.347 rA=0.456 rB=0.544 a_out=4 b_in=19 mem=21.008591175079346
p1 c023 19/40 L=-0.470 Lq=-0.1013 Le=-0.373 rA=0.449 rB=0.551 a_out=5 b_in=20 mem=21.008591175079346
p1 c023 20/40 L=-0.487 Lq=-0.1090 Le=-0.382 rA=0.445 rB=0.555 a_out=5 b_in=20 mem=21.008591175079346
p1 c023 21/40 L=-0.461 Lq=-0.0993 Le=-0.367 rA=0.450 rB=0.550 a_out=4 b_in=25 mem=21.008591175079346
p1 c023 22/40 L=-0.484 Lq=-0.1097 Le=-0.380 rA=0.445 rB=0.555 a_out=5 b_in=25 mem=21.008591175079346
p1 c023 23/40 L=-0.476 Lq=-0.1047 Le=-0.376 rA=0.448 rB=0.552 a_out=5 b_in=24 mem=21.008591175079346
p1 c023 24/40 L=-0.510 Lq=-0.1199 Le=-0.395 rA=0.440 rB=0.560 a_out=6 b_in=27 mem=21.008591175079346
p1 c023 25/40 L=-0.516 Lq=-0.1205 Le=-0.400 rA=0.440 rB=0.560 a_out=6 b_in=24 mem=21.008591175079346
p1 c023 26/40 L=-0.550 Lq=-0.1375 Le=-0.418 rA=0.431 rB=0.569 a_out=7 b_in=27 mem=21.008591175079346
p1 c023 27/40 L=-0.542 Lq=-0.1327 Le=-0.414 rA=0.434 rB=0.566 a_out=7 b_in=24 mem=21.008591175079346
p1 c023 28/40 L=-0.543 Lq=-0.1345 Le=-0.414 rA=0.433 rB=0.567 a_out=7 b_in=21 mem=21.008591175079346
p1 c023 29/40 L=-0.540 Lq=-0.1324 Le=-0.413 rA=0.434 rB=0.566 a_out=7 b_in=25 mem=21.008591175079346
p1 c023 30/40 L=-0.535 Lq=-0.1310 Le=-0.409 rA=0.435 rB=0.565 a_out=7 b_in=25 mem=21.008591175079346
p1 c023 31/40 L=-0.537 Lq=-0.1328 Le=-0.410 rA=0.434 rB=0.566 a_out=7 b_in=30 mem=21.008591175079346
p1 c023 32/40 L=-0.544 Lq=-0.1360 Le=-0.413 rA=0.432 rB=0.568 a_out=7 b_in=27 mem=21.008591175079346
p1 c023 33/40 L=-0.537 Lq=-0.1324 Le=-0.410 rA=0.434 rB=0.566 a_out=7 b_in=25 mem=21.008591175079346
p1 c023 34/40 L=-0.537 Lq=-0.1318 Le=-0.411 rA=0.434 rB=0.566 a_out=7 b_in=22 mem=21.008591175079346
p1 c023 35/40 L=-0.577 Lq=-0.1534 Le=-0.430 rA=0.423 rB=0.577 a_out=8 b_in=24 mem=21.008591175079346
p1 c023 36/40 L=-0.581 Lq=-0.1531 Le=-0.434 rA=0.423 rB=0.577 a_out=8 b_in=25 mem=21.008591175079346
p1 c023 37/40 L=-0.591 Lq=-0.1589 Le=-0.438 rA=0.421 rB=0.579 a_out=8 b_in=26 mem=21.008591175079346
p1 c023 38/40 L=-0.567 Lq=-0.1477 Le=-0.426 rA=0.426 rB=0.574 a_out=8 b_in=28 mem=21.008591175079346
p1 c023 39/40 L=-0.578 Lq=-0.1519 Le=-0.432 rA=0.424 rB=0.576 a_out=8 b_in=27 mem=21.008591175079346
p1 c023 40/40 L=-0.588 Lq=-0.1583 Le=-0.436 rA=0.421 rB=0.579 a_out=8 b_in=29 mem=21.008591175079346
== p1 attack c025 (21/35) ==
p1 c025 1/40 L=-0.142 Lq=-0.0179 Le=-0.128 rA=0.491 rB=0.509 a_out=0 b_in=0 mem=21.008591175079346
p1 c025 2/40 L=-0.207 Lq=-0.0278 Le=-0.184 rA=0.486 rB=0.514 a_out=1 b_in=17 mem=21.008591175079346
p1 c025 3/40 L=-0.170 Lq=-0.0299 Le=-0.144 rA=0.485 rB=0.515 a_out=1 b_in=17 mem=21.008591175079346
p1 c025 4/40 L=-0.195 Lq=-0.0279 Le=-0.171 rA=0.486 rB=0.514 a_out=1 b_in=13 mem=21.008591175079346
p1 c025 5/40 L=-0.204 Lq=-0.0321 Le=-0.176 rA=0.484 rB=0.516 a_out=1 b_in=16 mem=21.008591175079346
p1 c025 6/40 L=-0.155 Lq=-0.0205 Le=-0.140 rA=0.490 rB=0.510 a_out=0 b_in=30 mem=21.008591175079346
p1 c025 7/40 L=-0.246 Lq=-0.0387 Le=-0.214 rA=0.481 rB=0.519 a_out=2 b_in=29 mem=21.008591175079346
p1 c025 8/40 L=-0.289 Lq=-0.0465 Le=-0.248 rA=0.477 rB=0.523 a_out=2 b_in=25 mem=21.008591175079346
p1 c025 9/40 L=-0.351 Lq=-0.0633 Le=-0.294 rA=0.468 rB=0.532 a_out=4 b_in=30 mem=21.008591175079346
p1 c025 10/40 L=-0.270 Lq=-0.0410 Le=-0.235 rA=0.479 rB=0.521 a_out=2 b_in=32 mem=21.008591175079346
p1 c025 11/40 L=-0.330 Lq=-0.0560 Le=-0.280 rA=0.472 rB=0.528 a_out=3 b_in=29 mem=21.008591175079346
p1 c025 12/40 L=-0.341 Lq=-0.0588 Le=-0.289 rA=0.471 rB=0.529 a_out=3 b_in=27 mem=21.008591175079346
p1 c025 13/40 L=-0.295 Lq=-0.0501 Le=-0.250 rA=0.475 rB=0.525 a_out=3 b_in=27 mem=21.008591175079346
p1 c025 14/40 L=-0.356 Lq=-0.0662 Le=-0.296 rA=0.467 rB=0.533 a_out=4 b_in=27 mem=21.008591175079346
p1 c025 15/40 L=-0.376 Lq=-0.0706 Le=-0.311 rA=0.465 rB=0.535 a_out=4 b_in=27 mem=21.008591175079346
p1 c025 16/40 L=-0.417 Lq=-0.0892 Le=-0.333 rA=0.455 rB=0.545 a_out=5 b_in=33 mem=21.008591175079346
p1 c025 17/40 L=-0.291 Lq=-0.0409 Le=-0.254 rA=0.480 rB=0.520 a_out=2 b_in=26 mem=21.008591175079346
p1 c025 18/40 L=-0.344 Lq=-0.0590 Le=-0.290 rA=0.471 rB=0.529 a_out=3 b_in=26 mem=21.008591175079346
p1 c025 19/40 L=-0.409 Lq=-0.0812 Le=-0.334 rA=0.459 rB=0.541 a_out=5 b_in=29 mem=21.008591175079346
p1 c025 20/40 L=-0.388 Lq=-0.0750 Le=-0.319 rA=0.463 rB=0.537 a_out=4 b_in=30 mem=21.008591175079346
p1 c025 21/40 L=-0.385 Lq=-0.0723 Le=-0.317 rA=0.464 rB=0.536 a_out=4 b_in=28 mem=21.008591175079346
p1 c025 22/40 L=-0.347 Lq=-0.0578 Le=-0.294 rA=0.471 rB=0.529 a_out=3 b_in=23 mem=21.008591175079346
p1 c025 23/40 L=-0.404 Lq=-0.0814 Le=-0.328 rA=0.459 rB=0.541 a_out=5 b_in=28 mem=21.008591175079346
p1 c025 24/40 L=-0.429 Lq=-0.0892 Le=-0.345 rA=0.455 rB=0.545 a_out=5 b_in=28 mem=21.008591175079346
p1 c025 25/40 L=-0.398 Lq=-0.0819 Le=-0.322 rA=0.459 rB=0.541 a_out=5 b_in=32 mem=21.008591175079346
p1 c025 26/40 L=-0.380 Lq=-0.0680 Le=-0.317 rA=0.466 rB=0.534 a_out=4 b_in=27 mem=21.008591175079346
p1 c025 27/40 L=-0.433 Lq=-0.0873 Le=-0.351 rA=0.456 rB=0.544 a_out=5 b_in=28 mem=21.008591175079346
p1 c025 28/40 L=-0.399 Lq=-0.0818 Le=-0.323 rA=0.459 rB=0.541 a_out=5 b_in=32 mem=21.008591175079346
p1 c025 29/40 L=-0.402 Lq=-0.0809 Le=-0.328 rA=0.460 rB=0.540 a_out=5 b_in=31 mem=21.008591175079346
p1 c025 30/40 L=-0.421 Lq=-0.0856 Le=-0.341 rA=0.457 rB=0.543 a_out=5 b_in=29 mem=21.008591175079346
p1 c025 31/40 L=-0.439 Lq=-0.0913 Le=-0.354 rA=0.454 rB=0.546 a_out=6 b_in=35 mem=21.008591175079346
p1 c025 32/40 L=-0.419 Lq=-0.0862 Le=-0.338 rA=0.457 rB=0.543 a_out=5 b_in=36 mem=21.008591175079346
p1 c025 33/40 L=-0.414 Lq=-0.0858 Le=-0.335 rA=0.457 rB=0.543 a_out=5 b_in=34 mem=21.008591175079346
p1 c025 34/40 L=-0.453 Lq=-0.0991 Le=-0.360 rA=0.450 rB=0.550 a_out=6 b_in=35 mem=21.008591175079346
p1 c025 35/40 L=-0.452 Lq=-0.1004 Le=-0.358 rA=0.450 rB=0.550 a_out=6 b_in=34 mem=21.008591175079346
p1 c025 36/40 L=-0.442 Lq=-0.0940 Le=-0.354 rA=0.453 rB=0.547 a_out=6 b_in=37 mem=21.008591175079346
p1 c025 37/40 L=-0.451 Lq=-0.0929 Le=-0.365 rA=0.454 rB=0.546 a_out=6 b_in=35 mem=21.008591175079346
p1 c025 38/40 L=-0.454 Lq=-0.0966 Le=-0.365 rA=0.452 rB=0.548 a_out=6 b_in=33 mem=21.008591175079346
p1 c025 39/40 L=-0.461 Lq=-0.0992 Le=-0.369 rA=0.450 rB=0.550 a_out=6 b_in=33 mem=21.008591175079346
p1 c025 40/40 L=-0.459 Lq=-0.1014 Le=-0.364 rA=0.449 rB=0.551 a_out=6 b_in=35 mem=21.008591175079346
== p1 attack c026 (22/35) ==
p1 c026 1/40 L=-0.248 Lq=-0.0469 Le=-0.202 rA=0.477 rB=0.523 a_out=0 b_in=0 mem=21.008591175079346
p1 c026 2/40 L=-0.267 Lq=-0.0477 Le=-0.221 rA=0.476 rB=0.524 a_out=0 b_in=26 mem=21.008591175079346
p1 c026 3/40 L=-0.303 Lq=-0.0575 Le=-0.248 rA=0.471 rB=0.529 a_out=1 b_in=26 mem=21.008591175079346
p1 c026 4/40 L=-0.287 Lq=-0.0547 Le=-0.234 rA=0.473 rB=0.527 a_out=1 b_in=26 mem=21.008591175079346
p1 c026 5/40 L=-0.377 Lq=-0.0772 Le=-0.301 rA=0.461 rB=0.539 a_out=2 b_in=28 mem=21.008591175079346
p1 c026 6/40 L=-0.354 Lq=-0.0713 Le=-0.285 rA=0.464 rB=0.536 a_out=2 b_in=35 mem=21.008591175079346
p1 c026 7/40 L=-0.388 Lq=-0.0851 Le=-0.305 rA=0.457 rB=0.543 a_out=3 b_in=29 mem=21.008591175079346
p1 c026 8/40 L=-0.332 Lq=-0.0654 Le=-0.268 rA=0.467 rB=0.533 a_out=1 b_in=30 mem=21.008591175079346
p1 c026 9/40 L=-0.374 Lq=-0.0845 Le=-0.292 rA=0.458 rB=0.542 a_out=2 b_in=28 mem=21.008591175079346
p1 c026 10/40 L=-0.412 Lq=-0.0922 Le=-0.322 rA=0.454 rB=0.546 a_out=3 b_in=28 mem=21.008591175079346
p1 c026 11/40 L=-0.377 Lq=-0.0843 Le=-0.295 rA=0.458 rB=0.542 a_out=2 b_in=30 mem=21.008591175079346
p1 c026 12/40 L=-0.324 Lq=-0.0688 Le=-0.257 rA=0.466 rB=0.534 a_out=1 b_in=28 mem=21.008591175079346
p1 c026 13/40 L=-0.445 Lq=-0.1027 Le=-0.345 rA=0.449 rB=0.551 a_out=4 b_in=28 mem=21.008591175079346
p1 c026 14/40 L=-0.341 Lq=-0.0773 Le=-0.266 rA=0.461 rB=0.539 a_out=2 b_in=34 mem=21.008591175079346
p1 c026 15/40 L=-0.379 Lq=-0.0814 Le=-0.300 rA=0.459 rB=0.541 a_out=2 b_in=26 mem=21.008591175079346
p1 c026 16/40 L=-0.391 Lq=-0.0870 Le=-0.305 rA=0.457 rB=0.543 a_out=3 b_in=31 mem=21.008591175079346
p1 c026 17/40 L=-0.364 Lq=-0.0740 Le=-0.292 rA=0.463 rB=0.537 a_out=2 b_in=30 mem=21.008591175079346
p1 c026 18/40 L=-0.369 Lq=-0.0781 Le=-0.293 rA=0.461 rB=0.539 a_out=2 b_in=31 mem=21.008591175079346
p1 c026 19/40 L=-0.310 Lq=-0.0608 Le=-0.251 rA=0.470 rB=0.530 a_out=1 b_in=28 mem=21.008591175079346
p1 c026 20/40 L=-0.327 Lq=-0.0653 Le=-0.264 rA=0.467 rB=0.533 a_out=1 b_in=33 mem=21.008591175079346
p1 c026 21/40 L=-0.379 Lq=-0.0734 Le=-0.308 rA=0.463 rB=0.537 a_out=2 b_in=32 mem=21.008591175079346
p1 c026 22/40 L=-0.363 Lq=-0.0685 Le=-0.298 rA=0.466 rB=0.534 a_out=1 b_in=35 mem=21.008591175079346
p1 c026 23/40 L=-0.434 Lq=-0.0941 Le=-0.343 rA=0.453 rB=0.547 a_out=3 b_in=29 mem=21.008591175079346
p1 c026 24/40 L=-0.435 Lq=-0.0929 Le=-0.345 rA=0.454 rB=0.546 a_out=3 b_in=29 mem=21.008591175079346
p1 c026 25/40 L=-0.388 Lq=-0.0812 Le=-0.310 rA=0.459 rB=0.541 a_out=2 b_in=30 mem=21.008591175079346
p1 c026 26/40 L=-0.451 Lq=-0.1011 Le=-0.351 rA=0.449 rB=0.551 a_out=4 b_in=34 mem=21.008591175079346
p1 c026 27/40 L=-0.402 Lq=-0.0831 Le=-0.321 rA=0.458 rB=0.542 a_out=2 b_in=29 mem=21.008591175079346
p1 c026 28/40 L=-0.432 Lq=-0.0887 Le=-0.345 rA=0.456 rB=0.544 a_out=3 b_in=31 mem=21.008591175079346
p1 c026 29/40 L=-0.442 Lq=-0.0942 Le=-0.349 rA=0.453 rB=0.547 a_out=3 b_in=32 mem=21.008591175079346
p1 c026 30/40 L=-0.396 Lq=-0.0862 Le=-0.312 rA=0.457 rB=0.543 a_out=3 b_in=30 mem=21.008591175079346
p1 c026 31/40 L=-0.380 Lq=-0.0758 Le=-0.307 rA=0.462 rB=0.538 a_out=2 b_in=34 mem=21.008591175079346
p1 c026 32/40 L=-0.352 Lq=-0.0662 Le=-0.288 rA=0.467 rB=0.533 a_out=1 b_in=34 mem=21.008591175079346
p1 c026 33/40 L=-0.399 Lq=-0.0841 Le=-0.318 rA=0.458 rB=0.542 a_out=2 b_in=33 mem=21.008591175079346
p1 c026 34/40 L=-0.398 Lq=-0.0815 Le=-0.320 rA=0.459 rB=0.541 a_out=2 b_in=35 mem=21.008591175079346
p1 c026 35/40 L=-0.461 Lq=-0.1041 Le=-0.360 rA=0.448 rB=0.552 a_out=4 b_in=31 mem=21.008591175079346
p1 c026 36/40 L=-0.471 Lq=-0.1056 Le=-0.368 rA=0.447 rB=0.553 a_out=4 b_in=31 mem=21.008591175079346
p1 c026 37/40 L=-0.449 Lq=-0.0973 Le=-0.354 rA=0.451 rB=0.549 a_out=3 b_in=32 mem=21.008591175079346
p1 c026 38/40 L=-0.424 Lq=-0.0930 Le=-0.334 rA=0.453 rB=0.547 a_out=3 b_in=30 mem=21.008591175079346
p1 c026 39/40 L=-0.406 Lq=-0.0862 Le=-0.322 rA=0.457 rB=0.543 a_out=3 b_in=31 mem=21.008591175079346
p1 c026 40/40 L=-0.447 Lq=-0.0988 Le=-0.351 rA=0.451 rB=0.549 a_out=3 b_in=33 mem=21.008591175079346
== p1 attack c027 (23/35) ==
p1 c027 1/40 L=-0.047 Lq=-0.0064 Le=-0.043 rA=0.497 rB=0.503 a_out=0 b_in=0 mem=21.008591175079346
p1 c027 2/40 L=-0.117 Lq=-0.0142 Le=-0.106 rA=0.493 rB=0.507 a_out=1 b_in=12 mem=21.008591175079346
p1 c027 3/40 L=-0.197 Lq=-0.0252 Le=-0.175 rA=0.487 rB=0.513 a_out=2 b_in=20 mem=21.008591175079346
p1 c027 4/40 L=-0.207 Lq=-0.0299 Le=-0.181 rA=0.485 rB=0.515 a_out=2 b_in=19 mem=21.008591175079346
p1 c027 5/40 L=-0.232 Lq=-0.0266 Le=-0.209 rA=0.487 rB=0.513 a_out=2 b_in=18 mem=21.008591175079346
p1 c027 6/40 L=-0.286 Lq=-0.0404 Le=-0.250 rA=0.480 rB=0.520 a_out=3 b_in=21 mem=21.008591175079346
p1 c027 7/40 L=-0.270 Lq=-0.0392 Le=-0.234 rA=0.480 rB=0.520 a_out=3 b_in=19 mem=21.008591175079346
p1 c027 8/40 L=-0.303 Lq=-0.0466 Le=-0.259 rA=0.477 rB=0.523 a_out=3 b_in=20 mem=21.008591175079346
p1 c027 9/40 L=-0.265 Lq=-0.0432 Le=-0.225 rA=0.478 rB=0.522 a_out=3 b_in=20 mem=21.008591175079346
p1 c027 10/40 L=-0.311 Lq=-0.0499 Le=-0.264 rA=0.475 rB=0.525 a_out=3 b_in=17 mem=21.008591175079346
p1 c027 11/40 L=-0.317 Lq=-0.0556 Le=-0.265 rA=0.472 rB=0.528 a_out=4 b_in=28 mem=21.008591175079346
p1 c027 12/40 L=-0.271 Lq=-0.0458 Le=-0.229 rA=0.477 rB=0.523 a_out=3 b_in=30 mem=21.008591175079346
p1 c027 13/40 L=-0.222 Lq=-0.0260 Le=-0.200 rA=0.487 rB=0.513 a_out=2 b_in=30 mem=21.008591175079346
p1 c027 14/40 L=-0.255 Lq=-0.0344 Le=-0.225 rA=0.483 rB=0.517 a_out=2 b_in=18 mem=21.008591175079346
p1 c027 15/40 L=-0.295 Lq=-0.0441 Le=-0.255 rA=0.478 rB=0.522 a_out=3 b_in=19 mem=21.008591175079346
p1 c027 16/40 L=-0.294 Lq=-0.0466 Le=-0.251 rA=0.477 rB=0.523 a_out=3 b_in=17 mem=21.008591175079346
p1 c027 17/40 L=-0.323 Lq=-0.0485 Le=-0.279 rA=0.476 rB=0.524 a_out=3 b_in=17 mem=21.008591175079346
p1 c027 18/40 L=-0.359 Lq=-0.0599 Le=-0.303 rA=0.470 rB=0.530 a_out=4 b_in=19 mem=21.008591175079346
p1 c027 19/40 L=-0.376 Lq=-0.0647 Le=-0.316 rA=0.468 rB=0.532 a_out=4 b_in=24 mem=21.008591175079346
p1 c027 20/40 L=-0.419 Lq=-0.0841 Le=-0.340 rA=0.458 rB=0.542 a_out=5 b_in=22 mem=21.008591175079346
p1 c027 21/40 L=-0.417 Lq=-0.0829 Le=-0.338 rA=0.459 rB=0.541 a_out=5 b_in=23 mem=21.008591175079346
p1 c027 22/40 L=-0.448 Lq=-0.0963 Le=-0.356 rA=0.452 rB=0.548 a_out=6 b_in=23 mem=21.008591175079346
p1 c027 23/40 L=-0.432 Lq=-0.0907 Le=-0.345 rA=0.455 rB=0.545 a_out=6 b_in=22 mem=21.008591175079346
p1 c027 24/40 L=-0.448 Lq=-0.0971 Le=-0.355 rA=0.451 rB=0.549 a_out=6 b_in=22 mem=21.008591175079346
p1 c027 25/40 L=-0.455 Lq=-0.1005 Le=-0.359 rA=0.450 rB=0.550 a_out=7 b_in=25 mem=21.008591175079346
p1 c027 26/40 L=-0.484 Lq=-0.1121 Le=-0.377 rA=0.444 rB=0.556 a_out=7 b_in=25 mem=21.008591175079346
p1 c027 27/40 L=-0.501 Lq=-0.1211 Le=-0.385 rA=0.439 rB=0.561 a_out=8 b_in=26 mem=21.008591175079346
p1 c027 28/40 L=-0.485 Lq=-0.1121 Le=-0.378 rA=0.444 rB=0.556 a_out=7 b_in=25 mem=21.008591175079346
p1 c027 29/40 L=-0.490 Lq=-0.1171 Le=-0.377 rA=0.441 rB=0.559 a_out=8 b_in=27 mem=21.008591175079346
p1 c027 30/40 L=-0.494 Lq=-0.1175 Le=-0.381 rA=0.441 rB=0.559 a_out=8 b_in=25 mem=21.008591175079346
p1 c027 31/40 L=-0.514 Lq=-0.1245 Le=-0.395 rA=0.438 rB=0.562 a_out=8 b_in=25 mem=21.008591175079346
p1 c027 32/40 L=-0.528 Lq=-0.1330 Le=-0.400 rA=0.434 rB=0.566 a_out=9 b_in=28 mem=21.008591175079346
p1 c027 33/40 L=-0.526 Lq=-0.1323 Le=-0.398 rA=0.434 rB=0.566 a_out=9 b_in=28 mem=21.008591175079346
p1 c027 34/40 L=-0.547 Lq=-0.1423 Le=-0.409 rA=0.429 rB=0.571 a_out=9 b_in=27 mem=21.008591175079346
p1 c027 35/40 L=-0.528 Lq=-0.1339 Le=-0.399 rA=0.433 rB=0.567 a_out=9 b_in=26 mem=21.008591175079346
p1 c027 36/40 L=-0.549 Lq=-0.1437 Le=-0.410 rA=0.428 rB=0.572 a_out=9 b_in=28 mem=21.008591175079346
p1 c027 37/40 L=-0.514 Lq=-0.1252 Le=-0.394 rA=0.437 rB=0.563 a_out=8 b_in=27 mem=21.008591175079346
p1 c027 38/40 L=-0.528 Lq=-0.1314 Le=-0.402 rA=0.434 rB=0.566 a_out=9 b_in=24 mem=21.008591175079346
p1 c027 39/40 L=-0.543 Lq=-0.1403 Le=-0.407 rA=0.430 rB=0.570 a_out=9 b_in=26 mem=21.008591175079346
p1 c027 40/40 L=-0.539 Lq=-0.1383 Le=-0.406 rA=0.431 rB=0.569 a_out=9 b_in=25 mem=21.008591175079346
== p1 attack c028 (24/35) ==
p1 c028 1/40 L=-0.005 Lq=+0.0106 Le=-0.020 rA=0.505 rB=0.495 a_out=0 b_in=0 mem=21.008591175079346
p1 c028 2/40 L=-0.143 Lq=-0.0214 Le=-0.126 rA=0.489 rB=0.511 a_out=2 b_in=25 mem=21.008591175079346
p1 c028 3/40 L=-0.019 Lq=-0.0018 Le=-0.021 rA=0.499 rB=0.501 a_out=1 b_in=21 mem=21.008591175079346
p1 c028 4/40 L=-0.071 Lq=+0.0017 Le=-0.077 rA=0.501 rB=0.499 a_out=0 b_in=21 mem=21.008591175079346
p1 c028 5/40 L=-0.257 Lq=-0.0389 Le=-0.223 rA=0.481 rB=0.519 a_out=3 b_in=30 mem=21.008591175079346
p1 c028 6/40 L=-0.306 Lq=-0.0467 Le=-0.264 rA=0.477 rB=0.523 a_out=4 b_in=32 mem=21.008591175079346
p1 c028 7/40 L=-0.278 Lq=-0.0434 Le=-0.239 rA=0.478 rB=0.522 a_out=3 b_in=33 mem=21.008591175079346
p1 c028 8/40 L=-0.316 Lq=-0.0503 Le=-0.271 rA=0.475 rB=0.525 a_out=4 b_in=32 mem=21.008591175079346
p1 c028 9/40 L=-0.356 Lq=-0.0601 Le=-0.301 rA=0.470 rB=0.530 a_out=5 b_in=32 mem=21.008591175079346
p1 c028 10/40 L=-0.359 Lq=-0.0626 Le=-0.302 rA=0.469 rB=0.531 a_out=5 b_in=35 mem=21.008591175079346
p1 c028 11/40 L=-0.374 Lq=-0.0638 Le=-0.316 rA=0.468 rB=0.532 a_out=5 b_in=36 mem=21.008591175079346
p1 c028 12/40 L=-0.407 Lq=-0.0795 Le=-0.334 rA=0.460 rB=0.540 a_out=6 b_in=32 mem=21.008591175079346
p1 c028 13/40 L=-0.433 Lq=-0.0847 Le=-0.354 rA=0.458 rB=0.542 a_out=6 b_in=35 mem=21.008591175079346
p1 c028 14/40 L=-0.454 Lq=-0.0941 Le=-0.366 rA=0.453 rB=0.547 a_out=7 b_in=35 mem=21.008591175079346
p1 c028 15/40 L=-0.459 Lq=-0.0997 Le=-0.366 rA=0.450 rB=0.550 a_out=7 b_in=35 mem=21.008591175079346
p1 c028 16/40 L=-0.481 Lq=-0.1052 Le=-0.381 rA=0.447 rB=0.553 a_out=8 b_in=37 mem=21.008591175079346
p1 c028 17/40 L=-0.484 Lq=-0.1087 Le=-0.381 rA=0.446 rB=0.554 a_out=8 b_in=35 mem=21.008591175079346
p1 c028 18/40 L=-0.510 Lq=-0.1203 Le=-0.396 rA=0.440 rB=0.560 a_out=9 b_in=39 mem=21.008591175079346
p1 c028 19/40 L=-0.508 Lq=-0.1210 Le=-0.393 rA=0.440 rB=0.560 a_out=9 b_in=35 mem=21.008591175079346
p1 c028 20/40 L=-0.517 Lq=-0.1240 Le=-0.400 rA=0.438 rB=0.562 a_out=9 b_in=36 mem=21.008591175079346
p1 c028 21/40 L=-0.515 Lq=-0.1237 Le=-0.398 rA=0.438 rB=0.562 a_out=9 b_in=37 mem=21.008591175079346
p1 c028 22/40 L=-0.538 Lq=-0.1352 Le=-0.409 rA=0.432 rB=0.568 a_out=10 b_in=36 mem=21.008591175079346
p1 c028 23/40 L=-0.549 Lq=-0.1398 Le=-0.415 rA=0.430 rB=0.570 a_out=10 b_in=33 mem=21.008591175079346
p1 c028 24/40 L=-0.564 Lq=-0.1483 Le=-0.423 rA=0.426 rB=0.574 a_out=11 b_in=34 mem=21.008591175079346
p1 c028 25/40 L=-0.565 Lq=-0.1476 Le=-0.424 rA=0.426 rB=0.574 a_out=10 b_in=38 mem=21.008591175079346
p1 c028 26/40 L=-0.574 Lq=-0.1540 Le=-0.426 rA=0.423 rB=0.577 a_out=11 b_in=38 mem=21.008591175079346
p1 c028 27/40 L=-0.592 Lq=-0.1625 Le=-0.436 rA=0.419 rB=0.581 a_out=11 b_in=38 mem=21.008591175079346
p1 c028 28/40 L=-0.589 Lq=-0.1623 Le=-0.434 rA=0.419 rB=0.581 a_out=11 b_in=39 mem=21.008591175079346
p1 c028 29/40 L=-0.604 Lq=-0.1693 Le=-0.441 rA=0.415 rB=0.585 a_out=12 b_in=38 mem=21.008591175079346
p1 c028 30/40 L=-0.610 Lq=-0.1735 Le=-0.443 rA=0.413 rB=0.587 a_out=12 b_in=41 mem=21.008591175079346
p1 c028 31/40 L=-0.593 Lq=-0.1635 Le=-0.436 rA=0.418 rB=0.582 a_out=12 b_in=41 mem=21.008591175079346
p1 c028 32/40 L=-0.606 Lq=-0.1700 Le=-0.442 rA=0.415 rB=0.585 a_out=12 b_in=38 mem=21.008591175079346
p1 c028 33/40 L=-0.614 Lq=-0.1755 Le=-0.445 rA=0.412 rB=0.588 a_out=12 b_in=39 mem=21.008591175079346
p1 c028 34/40 L=-0.620 Lq=-0.1781 Le=-0.448 rA=0.411 rB=0.589 a_out=13 b_in=37 mem=21.008591175079346
p1 c028 35/40 L=-0.623 Lq=-0.1807 Le=-0.449 rA=0.410 rB=0.590 a_out=13 b_in=40 mem=21.008591175079346
p1 c028 36/40 L=-0.630 Lq=-0.1848 Le=-0.452 rA=0.408 rB=0.592 a_out=13 b_in=40 mem=21.008591175079346
p1 c028 37/40 L=-0.628 Lq=-0.1831 Le=-0.452 rA=0.408 rB=0.592 a_out=13 b_in=38 mem=21.008591175079346
p1 c028 38/40 L=-0.638 Lq=-0.1887 Le=-0.456 rA=0.406 rB=0.594 a_out=13 b_in=38 mem=21.008591175079346
p1 c028 39/40 L=-0.637 Lq=-0.1886 Le=-0.455 rA=0.406 rB=0.594 a_out=13 b_in=39 mem=21.008591175079346
p1 c028 40/40 L=-0.639 Lq=-0.1898 Le=-0.456 rA=0.405 rB=0.595 a_out=13 b_in=39 mem=21.008591175079346
== p1 attack c029 (25/35) ==
p1 c029 1/40 L=-0.345 Lq=-0.0702 Le=-0.278 rA=0.465 rB=0.535 a_out=0 b_in=0 mem=21.008591175079346
p1 c029 2/40 L=-0.362 Lq=-0.0764 Le=-0.289 rA=0.462 rB=0.538 a_out=1 b_in=23 mem=21.008591175079346
p1 c029 3/40 L=-0.363 Lq=-0.0687 Le=-0.300 rA=0.466 rB=0.534 a_out=0 b_in=22 mem=21.008591175079346
p1 c029 4/40 L=-0.340 Lq=-0.0631 Le=-0.282 rA=0.468 rB=0.532 a_out=0 b_in=23 mem=21.008591175079346
p1 c029 5/40 L=-0.372 Lq=-0.0723 Le=-0.305 rA=0.464 rB=0.536 a_out=0 b_in=28 mem=21.008591175079346
p1 c029 6/40 L=-0.379 Lq=-0.0762 Le=-0.309 rA=0.462 rB=0.538 a_out=0 b_in=28 mem=21.008591175079346
p1 c029 7/40 L=-0.416 Lq=-0.0902 Le=-0.332 rA=0.455 rB=0.545 a_out=1 b_in=23 mem=21.008591175079346
p1 c029 8/40 L=-0.423 Lq=-0.0901 Le=-0.338 rA=0.455 rB=0.545 a_out=1 b_in=27 mem=21.008591175079346
p1 c029 9/40 L=-0.448 Lq=-0.0987 Le=-0.355 rA=0.451 rB=0.549 a_out=2 b_in=28 mem=21.008591175079346
p1 c029 10/40 L=-0.457 Lq=-0.1046 Le=-0.358 rA=0.448 rB=0.552 a_out=3 b_in=32 mem=21.008591175079346
p1 c029 11/40 L=-0.459 Lq=-0.1036 Le=-0.361 rA=0.448 rB=0.552 a_out=2 b_in=32 mem=21.008591175079346
p1 c029 12/40 L=-0.440 Lq=-0.0953 Le=-0.351 rA=0.452 rB=0.548 a_out=2 b_in=33 mem=21.008591175079346
p1 c029 13/40 L=-0.484 Lq=-0.1094 Le=-0.381 rA=0.445 rB=0.555 a_out=3 b_in=25 mem=21.008591175079346
p1 c029 14/40 L=-0.436 Lq=-0.0981 Le=-0.344 rA=0.451 rB=0.549 a_out=2 b_in=28 mem=21.008591175079346
p1 c029 15/40 L=-0.460 Lq=-0.1011 Le=-0.364 rA=0.449 rB=0.551 a_out=2 b_in=27 mem=21.008591175079346
p1 c029 16/40 L=-0.444 Lq=-0.0999 Le=-0.351 rA=0.450 rB=0.550 a_out=2 b_in=34 mem=21.008591175079346
p1 c029 17/40 L=-0.448 Lq=-0.1020 Le=-0.352 rA=0.449 rB=0.551 a_out=2 b_in=28 mem=21.008591175079346
p1 c029 18/40 L=-0.494 Lq=-0.1168 Le=-0.383 rA=0.442 rB=0.558 a_out=3 b_in=30 mem=21.008591175079346
p1 c029 19/40 L=-0.464 Lq=-0.1027 Le=-0.368 rA=0.449 rB=0.551 a_out=2 b_in=28 mem=21.008591175079346
p1 c029 20/40 L=-0.461 Lq=-0.0997 Le=-0.368 rA=0.450 rB=0.550 a_out=2 b_in=26 mem=21.008591175079346
p1 c029 21/40 L=-0.474 Lq=-0.1057 Le=-0.375 rA=0.447 rB=0.553 a_out=3 b_in=31 mem=21.008591175079346
p1 c029 22/40 L=-0.490 Lq=-0.1123 Le=-0.386 rA=0.444 rB=0.556 a_out=3 b_in=28 mem=21.008591175079346
p1 c029 23/40 L=-0.531 Lq=-0.1330 Le=-0.406 rA=0.434 rB=0.566 a_out=5 b_in=28 mem=21.008591175079346
p1 c029 24/40 L=-0.543 Lq=-0.1398 Le=-0.410 rA=0.430 rB=0.570 a_out=5 b_in=29 mem=21.008591175079346
p1 c029 25/40 L=-0.528 Lq=-0.1350 Le=-0.400 rA=0.432 rB=0.568 a_out=5 b_in=29 mem=21.008591175079346
p1 c029 26/40 L=-0.539 Lq=-0.1376 Le=-0.408 rA=0.431 rB=0.569 a_out=5 b_in=33 mem=21.008591175079346
p1 c029 27/40 L=-0.489 Lq=-0.1142 Le=-0.382 rA=0.443 rB=0.557 a_out=3 b_in=29 mem=21.008591175079346
p1 c029 28/40 L=-0.469 Lq=-0.1083 Le=-0.367 rA=0.446 rB=0.554 a_out=3 b_in=26 mem=21.008591175079346
p1 c029 29/40 L=-0.494 Lq=-0.1181 Le=-0.383 rA=0.441 rB=0.559 a_out=4 b_in=26 mem=21.008591175079346
p1 c029 30/40 L=-0.501 Lq=-0.1219 Le=-0.386 rA=0.439 rB=0.561 a_out=4 b_in=30 mem=21.008591175079346
p1 c029 31/40 L=-0.524 Lq=-0.1294 Le=-0.400 rA=0.435 rB=0.565 a_out=4 b_in=31 mem=21.008591175079346
p1 c029 32/40 L=-0.498 Lq=-0.1203 Le=-0.384 rA=0.440 rB=0.560 a_out=4 b_in=28 mem=21.008591175079346
p1 c029 33/40 L=-0.512 Lq=-0.1255 Le=-0.393 rA=0.437 rB=0.563 a_out=4 b_in=32 mem=21.008591175079346
p1 c029 34/40 L=-0.489 Lq=-0.1148 Le=-0.381 rA=0.443 rB=0.557 a_out=3 b_in=29 mem=21.008591175079346
p1 c029 35/40 L=-0.482 Lq=-0.1116 Le=-0.377 rA=0.444 rB=0.556 a_out=3 b_in=31 mem=21.008591175079346
p1 c029 36/40 L=-0.480 Lq=-0.1146 Le=-0.372 rA=0.443 rB=0.557 a_out=3 b_in=35 mem=21.008591175079346
p1 c029 37/40 L=-0.523 Lq=-0.1321 Le=-0.398 rA=0.434 rB=0.566 a_out=5 b_in=33 mem=21.008591175079346
p1 c029 38/40 L=-0.528 Lq=-0.1349 Le=-0.400 rA=0.433 rB=0.567 a_out=5 b_in=31 mem=21.008591175079346
p1 c029 39/40 L=-0.483 Lq=-0.1124 Le=-0.379 rA=0.444 rB=0.556 a_out=3 b_in=26 mem=21.008591175079346
p1 c029 40/40 L=-0.535 Lq=-0.1367 Le=-0.404 rA=0.432 rB=0.568 a_out=5 b_in=28 mem=21.008591175079346
== p1 attack c030 (26/35) ==
p1 c030 1/40 L=-0.168 Lq=-0.0119 Le=-0.159 rA=0.494 rB=0.506 a_out=0 b_in=0 mem=21.008591175079346
p1 c030 2/40 L=-0.332 Lq=-0.0539 Le=-0.282 rA=0.473 rB=0.527 a_out=3 b_in=28 mem=21.008591175079346
p1 c030 3/40 L=-0.343 Lq=-0.0501 Le=-0.297 rA=0.475 rB=0.525 a_out=2 b_in=30 mem=21.008591175079346
p1 c030 4/40 L=-0.414 Lq=-0.0727 Le=-0.345 rA=0.464 rB=0.536 a_out=4 b_in=29 mem=21.008591175079346
p1 c030 5/40 L=-0.430 Lq=-0.0781 Le=-0.356 rA=0.461 rB=0.539 a_out=4 b_in=30 mem=21.008591175079346
p1 c030 6/40 L=-0.414 Lq=-0.0717 Le=-0.346 rA=0.464 rB=0.536 a_out=4 b_in=28 mem=21.008591175079346
p1 c030 7/40 L=-0.384 Lq=-0.0677 Le=-0.320 rA=0.466 rB=0.534 a_out=3 b_in=31 mem=21.008591175079346
p1 c030 8/40 L=-0.441 Lq=-0.0818 Le=-0.363 rA=0.459 rB=0.541 a_out=4 b_in=32 mem=21.008591175079346
p1 c030 9/40 L=-0.435 Lq=-0.0822 Le=-0.357 rA=0.459 rB=0.541 a_out=4 b_in=26 mem=21.008591175079346
p1 c030 10/40 L=-0.475 Lq=-0.0939 Le=-0.385 rA=0.453 rB=0.547 a_out=5 b_in=31 mem=21.008591175079346
p1 c030 11/40 L=-0.460 Lq=-0.0875 Le=-0.378 rA=0.456 rB=0.544 a_out=5 b_in=32 mem=21.008591175079346
p1 c030 12/40 L=-0.502 Lq=-0.1026 Le=-0.404 rA=0.449 rB=0.551 a_out=6 b_in=33 mem=21.008591175079346
p1 c030 13/40 L=-0.517 Lq=-0.1115 Le=-0.411 rA=0.444 rB=0.556 a_out=6 b_in=31 mem=21.008591175079346
p1 c030 14/40 L=-0.538 Lq=-0.1213 Le=-0.422 rA=0.439 rB=0.561 a_out=7 b_in=35 mem=21.008591175079346
p1 c030 15/40 L=-0.555 Lq=-0.1285 Le=-0.431 rA=0.436 rB=0.564 a_out=7 b_in=33 mem=21.008591175079346
p1 c030 16/40 L=-0.578 Lq=-0.1403 Le=-0.442 rA=0.430 rB=0.570 a_out=8 b_in=33 mem=21.008591175079346
p1 c030 17/40 L=-0.567 Lq=-0.1340 Le=-0.438 rA=0.433 rB=0.567 a_out=8 b_in=29 mem=21.008591175079346
p1 c030 18/40 L=-0.580 Lq=-0.1413 Le=-0.444 rA=0.429 rB=0.571 a_out=8 b_in=32 mem=21.008591175079346
p1 c030 19/40 L=-0.598 Lq=-0.1505 Le=-0.452 rA=0.425 rB=0.575 a_out=9 b_in=32 mem=21.008591175079346
p1 c030 20/40 L=-0.610 Lq=-0.1578 Le=-0.457 rA=0.421 rB=0.579 a_out=9 b_in=28 mem=21.008591175079346
p1 c030 21/40 L=-0.548 Lq=-0.1262 Le=-0.426 rA=0.437 rB=0.563 a_out=7 b_in=35 mem=21.008591175079346
p1 c030 22/40 L=-0.538 Lq=-0.1231 Le=-0.419 rA=0.438 rB=0.562 a_out=7 b_in=29 mem=21.008591175079346
p1 c030 23/40 L=-0.537 Lq=-0.1219 Le=-0.420 rA=0.439 rB=0.561 a_out=7 b_in=32 mem=21.008591175079346
p1 c030 24/40 L=-0.493 Lq=-0.1029 Le=-0.394 rA=0.449 rB=0.551 a_out=6 b_in=26 mem=21.008591175079346
p1 c030 25/40 L=-0.557 Lq=-0.1303 Le=-0.431 rA=0.435 rB=0.565 a_out=7 b_in=30 mem=21.008591175079346
p1 c030 26/40 L=-0.554 Lq=-0.1281 Le=-0.430 rA=0.436 rB=0.564 a_out=7 b_in=33 mem=21.008591175079346
p1 c030 27/40 L=-0.558 Lq=-0.1299 Le=-0.432 rA=0.435 rB=0.565 a_out=7 b_in=32 mem=21.008591175079346
p1 c030 28/40 L=-0.582 Lq=-0.1429 Le=-0.444 rA=0.429 rB=0.571 a_out=8 b_in=33 mem=21.008591175079346
p1 c030 29/40 L=-0.593 Lq=-0.1490 Le=-0.449 rA=0.426 rB=0.574 a_out=9 b_in=31 mem=21.008591175079346
p1 c030 30/40 L=-0.602 Lq=-0.1536 Le=-0.454 rA=0.423 rB=0.577 a_out=9 b_in=34 mem=21.008591175079346
p1 c030 31/40 L=-0.594 Lq=-0.1492 Le=-0.450 rA=0.425 rB=0.575 a_out=9 b_in=33 mem=21.008591175079346
p1 c030 32/40 L=-0.615 Lq=-0.1616 Le=-0.459 rA=0.419 rB=0.581 a_out=10 b_in=32 mem=21.008591175079346
p1 c030 33/40 L=-0.632 Lq=-0.1698 Le=-0.467 rA=0.415 rB=0.585 a_out=10 b_in=34 mem=21.008591175079346
p1 c030 34/40 L=-0.659 Lq=-0.1859 Le=-0.478 rA=0.407 rB=0.593 a_out=11 b_in=34 mem=21.008591175079346
p1 c030 35/40 L=-0.651 Lq=-0.1813 Le=-0.475 rA=0.409 rB=0.591 a_out=11 b_in=38 mem=21.008591175079346
p1 c030 36/40 L=-0.651 Lq=-0.1811 Le=-0.476 rA=0.409 rB=0.591 a_out=11 b_in=37 mem=21.008591175079346
p1 c030 37/40 L=-0.674 Lq=-0.1957 Le=-0.484 rA=0.402 rB=0.598 a_out=12 b_in=38 mem=21.008591175079346
p1 c030 38/40 L=-0.695 Lq=-0.2092 Le=-0.492 rA=0.395 rB=0.605 a_out=13 b_in=40 mem=21.008591175079346
p1 c030 39/40 L=-0.700 Lq=-0.2123 Le=-0.493 rA=0.394 rB=0.606 a_out=13 b_in=38 mem=21.008591175079346
p1 c030 40/40 L=-0.713 Lq=-0.2205 Le=-0.498 rA=0.390 rB=0.610 a_out=13 b_in=38 mem=21.008591175079346
== p1 attack c031 (27/35) ==
p1 c031 1/40 L=-0.156 Lq=-0.0472 Le=-0.113 rA=0.476 rB=0.524 a_out=0 b_in=0 mem=21.008591175079346
p1 c031 2/40 L=-0.173 Lq=-0.0487 Le=-0.129 rA=0.476 rB=0.524 a_out=0 b_in=16 mem=21.008591175079346
p1 c031 3/40 L=-0.215 Lq=-0.0637 Le=-0.156 rA=0.468 rB=0.532 a_out=1 b_in=18 mem=21.008591175079346
p1 c031 4/40 L=-0.213 Lq=-0.0559 Le=-0.161 rA=0.472 rB=0.528 a_out=1 b_in=23 mem=21.008591175079346
p1 c031 5/40 L=-0.242 Lq=-0.0651 Le=-0.183 rA=0.467 rB=0.533 a_out=1 b_in=28 mem=21.008591175079346
p1 c031 6/40 L=-0.231 Lq=-0.0566 Le=-0.182 rA=0.472 rB=0.528 a_out=1 b_in=31 mem=21.008591175079346
p1 c031 7/40 L=-0.222 Lq=-0.0548 Le=-0.175 rA=0.473 rB=0.527 a_out=0 b_in=24 mem=21.008591175079346
p1 c031 8/40 L=-0.271 Lq=-0.0598 Le=-0.218 rA=0.470 rB=0.530 a_out=1 b_in=30 mem=21.008591175079346
p1 c031 9/40 L=-0.253 Lq=-0.0629 Le=-0.196 rA=0.469 rB=0.531 a_out=1 b_in=25 mem=21.008591175079346
p1 c031 10/40 L=-0.253 Lq=-0.0658 Le=-0.195 rA=0.467 rB=0.533 a_out=1 b_in=29 mem=21.008591175079346
p1 c031 11/40 L=-0.296 Lq=-0.0815 Le=-0.221 rA=0.459 rB=0.541 a_out=2 b_in=28 mem=21.008591175079346
p1 c031 12/40 L=-0.303 Lq=-0.0766 Le=-0.233 rA=0.462 rB=0.538 a_out=2 b_in=33 mem=21.008591175079346
p1 c031 13/40 L=-0.356 Lq=-0.0942 Le=-0.269 rA=0.453 rB=0.547 a_out=3 b_in=29 mem=21.008591175079346
p1 c031 14/40 L=-0.352 Lq=-0.0900 Le=-0.270 rA=0.455 rB=0.545 a_out=3 b_in=31 mem=21.008591175079346
p1 c031 15/40 L=-0.356 Lq=-0.0826 Le=-0.281 rA=0.459 rB=0.541 a_out=2 b_in=28 mem=21.008591175079346
p1 c031 16/40 L=-0.354 Lq=-0.0930 Le=-0.268 rA=0.454 rB=0.546 a_out=3 b_in=32 mem=21.008591175079346
p1 c031 17/40 L=-0.334 Lq=-0.0858 Le=-0.256 rA=0.457 rB=0.543 a_out=2 b_in=33 mem=21.008591175079346
p1 c031 18/40 L=-0.376 Lq=-0.0936 Le=-0.290 rA=0.453 rB=0.547 a_out=3 b_in=31 mem=21.008591175079346
p1 c031 19/40 L=-0.403 Lq=-0.1001 Le=-0.310 rA=0.450 rB=0.550 a_out=3 b_in=32 mem=21.008591175079346
p1 c031 20/40 L=-0.396 Lq=-0.0941 Le=-0.309 rA=0.453 rB=0.547 a_out=3 b_in=36 mem=21.008591175079346
p1 c031 21/40 L=-0.398 Lq=-0.1009 Le=-0.304 rA=0.450 rB=0.550 a_out=3 b_in=33 mem=21.008591175079346
p1 c031 22/40 L=-0.373 Lq=-0.0882 Le=-0.292 rA=0.456 rB=0.544 a_out=3 b_in=33 mem=21.008591175079346
p1 c031 23/40 L=-0.387 Lq=-0.0935 Le=-0.300 rA=0.453 rB=0.547 a_out=3 b_in=30 mem=21.008591175079346
p1 c031 24/40 L=-0.418 Lq=-0.1036 Le=-0.322 rA=0.448 rB=0.552 a_out=4 b_in=31 mem=21.008591175079346
p1 c031 25/40 L=-0.439 Lq=-0.1141 Le=-0.333 rA=0.443 rB=0.557 a_out=4 b_in=31 mem=21.008591175079346
p1 c031 26/40 L=-0.467 Lq=-0.1221 Le=-0.353 rA=0.439 rB=0.561 a_out=5 b_in=32 mem=21.008591175079346
p1 c031 27/40 L=-0.387 Lq=-0.0915 Le=-0.304 rA=0.454 rB=0.546 a_out=3 b_in=32 mem=21.008591175079346
p1 c031 28/40 L=-0.452 Lq=-0.1171 Le=-0.342 rA=0.441 rB=0.559 a_out=4 b_in=30 mem=21.008591175079346
p1 c031 29/40 L=-0.455 Lq=-0.1140 Le=-0.348 rA=0.443 rB=0.557 a_out=4 b_in=35 mem=21.008591175079346
p1 c031 30/40 L=-0.458 Lq=-0.1177 Le=-0.348 rA=0.441 rB=0.559 a_out=4 b_in=30 mem=21.008591175079346
p1 c031 31/40 L=-0.473 Lq=-0.1230 Le=-0.357 rA=0.438 rB=0.562 a_out=5 b_in=36 mem=21.008591175079346
p1 c031 32/40 L=-0.442 Lq=-0.1157 Le=-0.334 rA=0.442 rB=0.558 a_out=4 b_in=30 mem=21.008591175079346
p1 c031 33/40 L=-0.435 Lq=-0.1097 Le=-0.332 rA=0.445 rB=0.555 a_out=4 b_in=31 mem=21.008591175079346
p1 c031 34/40 L=-0.434 Lq=-0.1096 Le=-0.332 rA=0.445 rB=0.555 a_out=4 b_in=30 mem=21.008591175079346
p1 c031 35/40 L=-0.431 Lq=-0.1043 Le=-0.334 rA=0.448 rB=0.552 a_out=4 b_in=31 mem=21.008591175079346
p1 c031 36/40 L=-0.428 Lq=-0.1062 Le=-0.330 rA=0.447 rB=0.553 a_out=4 b_in=31 mem=21.008591175079346
p1 c031 37/40 L=-0.442 Lq=-0.1096 Le=-0.340 rA=0.445 rB=0.555 a_out=4 b_in=33 mem=21.008591175079346
p1 c031 38/40 L=-0.474 Lq=-0.1266 Le=-0.355 rA=0.437 rB=0.563 a_out=5 b_in=37 mem=21.008591175079346
p1 c031 39/40 L=-0.445 Lq=-0.1142 Le=-0.338 rA=0.443 rB=0.557 a_out=4 b_in=28 mem=21.008591175079346
p1 c031 40/40 L=-0.395 Lq=-0.0894 Le=-0.312 rA=0.455 rB=0.545 a_out=3 b_in=30 mem=21.008591175079346
== p1 attack c032 (28/35) ==
p1 c032 1/40 L=-0.212 Lq=-0.0397 Le=-0.175 rA=0.480 rB=0.520 a_out=0 b_in=0 mem=21.008591175079346
p1 c032 2/40 L=-0.186 Lq=-0.0304 Le=-0.158 rA=0.485 rB=0.515 a_out=0 b_in=21 mem=21.008591175079346
p1 c032 3/40 L=-0.142 Lq=-0.0327 Le=-0.111 rA=0.484 rB=0.516 a_out=0 b_in=20 mem=21.008591175079346
p1 c032 4/40 L=-0.234 Lq=-0.0400 Le=-0.197 rA=0.480 rB=0.520 a_out=0 b_in=21 mem=21.008591175079346
p1 c032 5/40 L=-0.215 Lq=-0.0386 Le=-0.179 rA=0.481 rB=0.519 a_out=0 b_in=23 mem=21.008591175079346
p1 c032 6/40 L=-0.159 Lq=-0.0389 Le=-0.124 rA=0.481 rB=0.519 a_out=0 b_in=28 mem=21.008591175079346
p1 c032 7/40 L=-0.250 Lq=-0.0550 Le=-0.199 rA=0.473 rB=0.527 a_out=1 b_in=29 mem=21.008591175079346
p1 c032 8/40 L=-0.253 Lq=-0.0550 Le=-0.202 rA=0.473 rB=0.527 a_out=1 b_in=26 mem=21.008591175079346
p1 c032 9/40 L=-0.312 Lq=-0.0659 Le=-0.250 rA=0.467 rB=0.533 a_out=1 b_in=35 mem=21.008591175079346
p1 c032 10/40 L=-0.265 Lq=-0.0569 Le=-0.212 rA=0.472 rB=0.528 a_out=1 b_in=34 mem=21.008591175079346
p1 c032 11/40 L=-0.271 Lq=-0.0618 Le=-0.214 rA=0.469 rB=0.531 a_out=1 b_in=30 mem=21.008591175079346
p1 c032 12/40 L=-0.382 Lq=-0.0884 Le=-0.298 rA=0.456 rB=0.544 a_out=3 b_in=41 mem=21.008591175079346
p1 c032 13/40 L=-0.401 Lq=-0.0953 Le=-0.310 rA=0.452 rB=0.548 a_out=3 b_in=31 mem=21.008591175079346
p1 c032 14/40 L=-0.401 Lq=-0.0928 Le=-0.313 rA=0.454 rB=0.546 a_out=3 b_in=31 mem=21.008591175079346
p1 c032 15/40 L=-0.482 Lq=-0.1229 Le=-0.363 rA=0.439 rB=0.561 a_out=5 b_in=36 mem=21.008591175079346
p1 c032 16/40 L=-0.455 Lq=-0.1159 Le=-0.343 rA=0.442 rB=0.558 a_out=5 b_in=35 mem=21.008591175079346
p1 c032 17/40 L=-0.463 Lq=-0.1233 Le=-0.344 rA=0.438 rB=0.562 a_out=5 b_in=33 mem=21.008591175079346
p1 c032 18/40 L=-0.471 Lq=-0.1203 Le=-0.355 rA=0.440 rB=0.560 a_out=5 b_in=31 mem=21.008591175079346
p1 c032 19/40 L=-0.494 Lq=-0.1287 Le=-0.370 rA=0.436 rB=0.564 a_out=5 b_in=38 mem=21.008591175079346
p1 c032 20/40 L=-0.320 Lq=-0.0689 Le=-0.256 rA=0.466 rB=0.534 a_out=1 b_in=32 mem=21.008591175079346
p1 c032 21/40 L=-0.342 Lq=-0.0728 Le=-0.273 rA=0.464 rB=0.536 a_out=2 b_in=37 mem=21.008591175079346
p1 c032 22/40 L=-0.444 Lq=-0.1056 Le=-0.342 rA=0.447 rB=0.553 a_out=4 b_in=33 mem=21.008591175079346
p1 c032 23/40 L=-0.451 Lq=-0.1101 Le=-0.344 rA=0.445 rB=0.555 a_out=4 b_in=31 mem=21.008591175079346
p1 c032 24/40 L=-0.464 Lq=-0.1240 Le=-0.344 rA=0.438 rB=0.562 a_out=5 b_in=32 mem=21.008591175079346
p1 c032 25/40 L=-0.464 Lq=-0.1198 Le=-0.349 rA=0.440 rB=0.560 a_out=5 b_in=32 mem=21.008591175079346
p1 c032 26/40 L=-0.438 Lq=-0.1052 Le=-0.337 rA=0.447 rB=0.553 a_out=4 b_in=31 mem=21.008591175079346
p1 c032 27/40 L=-0.383 Lq=-0.0929 Le=-0.295 rA=0.454 rB=0.546 a_out=3 b_in=31 mem=21.008591175079346
p1 c032 28/40 L=-0.426 Lq=-0.1043 Le=-0.326 rA=0.448 rB=0.552 a_out=4 b_in=28 mem=21.008591175079346
p1 c032 29/40 L=-0.434 Lq=-0.1004 Le=-0.339 rA=0.450 rB=0.550 a_out=4 b_in=32 mem=21.008591175079346
p1 c032 30/40 L=-0.429 Lq=-0.0982 Le=-0.335 rA=0.451 rB=0.549 a_out=3 b_in=30 mem=21.008591175079346
p1 c032 31/40 L=-0.452 Lq=-0.1103 Le=-0.348 rA=0.445 rB=0.555 a_out=4 b_in=34 mem=21.008591175079346
p1 c032 32/40 L=-0.446 Lq=-0.1132 Le=-0.338 rA=0.443 rB=0.557 a_out=4 b_in=30 mem=21.008591175079346
p1 c032 33/40 L=-0.465 Lq=-0.1143 Le=-0.356 rA=0.443 rB=0.557 a_out=4 b_in=33 mem=21.008591175079346
p1 c032 34/40 L=-0.488 Lq=-0.1258 Le=-0.368 rA=0.437 rB=0.563 a_out=5 b_in=31 mem=21.008591175079346
p1 c032 35/40 L=-0.456 Lq=-0.1134 Le=-0.347 rA=0.443 rB=0.557 a_out=4 b_in=31 mem=21.008591175079346
p1 c032 36/40 L=-0.499 Lq=-0.1338 Le=-0.371 rA=0.433 rB=0.567 a_out=6 b_in=31 mem=21.008591175079346
p1 c032 37/40 L=-0.507 Lq=-0.1342 Le=-0.379 rA=0.433 rB=0.567 a_out=6 b_in=35 mem=21.008591175079346
p1 c032 38/40 L=-0.495 Lq=-0.1296 Le=-0.371 rA=0.435 rB=0.565 a_out=5 b_in=32 mem=21.008591175079346
p1 c032 39/40 L=-0.523 Lq=-0.1409 Le=-0.387 rA=0.430 rB=0.570 a_out=6 b_in=33 mem=21.008591175079346
p1 c032 40/40 L=-0.509 Lq=-0.1381 Le=-0.377 rA=0.431 rB=0.569 a_out=6 b_in=31 mem=21.008591175079346
== p1 attack c033 (29/35) ==
p1 c033 1/40 L=-0.120 Lq=-0.0169 Le=-0.105 rA=0.492 rB=0.508 a_out=0 b_in=0 mem=21.008591175079346
p1 c033 2/40 L=-0.005 Lq=-0.0055 Le=-0.002 rA=0.497 rB=0.503 a_out=0 b_in=17 mem=21.008591175079346
p1 c033 3/40 L=-0.165 Lq=-0.0265 Le=-0.141 rA=0.487 rB=0.513 a_out=1 b_in=19 mem=21.008591175079346
p1 c033 4/40 L=-0.233 Lq=-0.0366 Le=-0.200 rA=0.482 rB=0.518 a_out=1 b_in=23 mem=21.008591175079346
p1 c033 5/40 L=-0.269 Lq=-0.0446 Le=-0.229 rA=0.478 rB=0.522 a_out=2 b_in=27 mem=21.008591175079346
p1 c033 6/40 L=-0.335 Lq=-0.0615 Le=-0.278 rA=0.469 rB=0.531 a_out=3 b_in=25 mem=21.008591175079346
p1 c033 7/40 L=-0.347 Lq=-0.0622 Le=-0.289 rA=0.469 rB=0.531 a_out=3 b_in=24 mem=21.008591175079346
p1 c033 8/40 L=-0.363 Lq=-0.0656 Le=-0.301 rA=0.467 rB=0.533 a_out=3 b_in=23 mem=21.008591175079346
p1 c033 9/40 L=-0.363 Lq=-0.0668 Le=-0.301 rA=0.467 rB=0.533 a_out=3 b_in=24 mem=21.008591175079346
p1 c033 10/40 L=-0.374 Lq=-0.0749 Le=-0.303 rA=0.463 rB=0.537 a_out=4 b_in=24 mem=21.008591175079346
p1 c033 11/40 L=-0.378 Lq=-0.0774 Le=-0.305 rA=0.461 rB=0.539 a_out=4 b_in=26 mem=21.008591175079346
p1 c033 12/40 L=-0.382 Lq=-0.0722 Le=-0.315 rA=0.464 rB=0.536 a_out=4 b_in=25 mem=21.008591175079346
p1 c033 13/40 L=-0.400 Lq=-0.0810 Le=-0.323 rA=0.459 rB=0.541 a_out=4 b_in=27 mem=21.008591175079346
p1 c033 14/40 L=-0.389 Lq=-0.0784 Le=-0.315 rA=0.461 rB=0.539 a_out=4 b_in=22 mem=21.008591175079346
p1 c033 15/40 L=-0.369 Lq=-0.0704 Le=-0.303 rA=0.465 rB=0.535 a_out=4 b_in=26 mem=21.008591175079346
p1 c033 16/40 L=-0.379 Lq=-0.0696 Le=-0.314 rA=0.465 rB=0.535 a_out=4 b_in=28 mem=21.008591175079346
p1 c033 17/40 L=-0.419 Lq=-0.0816 Le=-0.342 rA=0.459 rB=0.541 a_out=4 b_in=27 mem=21.008591175079346
p1 c033 18/40 L=-0.364 Lq=-0.0647 Le=-0.304 rA=0.468 rB=0.532 a_out=3 b_in=27 mem=21.008591175079346
p1 c033 19/40 L=-0.392 Lq=-0.0773 Le=-0.319 rA=0.461 rB=0.539 a_out=4 b_in=24 mem=21.008591175079346
p1 c033 20/40 L=-0.434 Lq=-0.0880 Le=-0.352 rA=0.456 rB=0.544 a_out=5 b_in=27 mem=21.008591175079346
p1 c033 21/40 L=-0.437 Lq=-0.0903 Le=-0.351 rA=0.455 rB=0.545 a_out=5 b_in=29 mem=21.008591175079346
p1 c033 22/40 L=-0.400 Lq=-0.0800 Le=-0.326 rA=0.460 rB=0.540 a_out=4 b_in=25 mem=21.008591175079346
p1 c033 23/40 L=-0.423 Lq=-0.0893 Le=-0.339 rA=0.455 rB=0.545 a_out=5 b_in=27 mem=21.008591175079346
p1 c033 24/40 L=-0.409 Lq=-0.0849 Le=-0.329 rA=0.458 rB=0.542 a_out=5 b_in=25 mem=21.008591175079346
p1 c033 25/40 L=-0.404 Lq=-0.0828 Le=-0.326 rA=0.459 rB=0.541 a_out=4 b_in=26 mem=21.008591175079346
p1 c033 26/40 L=-0.422 Lq=-0.0851 Le=-0.341 rA=0.457 rB=0.543 a_out=5 b_in=26 mem=21.008591175079346
p1 c033 27/40 L=-0.446 Lq=-0.0987 Le=-0.352 rA=0.451 rB=0.549 a_out=5 b_in=27 mem=21.008591175079346
p1 c033 28/40 L=-0.466 Lq=-0.1042 Le=-0.367 rA=0.448 rB=0.552 a_out=6 b_in=27 mem=21.008591175079346
p1 c033 29/40 L=-0.465 Lq=-0.1058 Le=-0.364 rA=0.447 rB=0.553 a_out=6 b_in=29 mem=21.008591175079346
p1 c033 30/40 L=-0.475 Lq=-0.1111 Le=-0.369 rA=0.444 rB=0.556 a_out=6 b_in=28 mem=21.008591175079346
p1 c033 31/40 L=-0.471 Lq=-0.1057 Le=-0.370 rA=0.447 rB=0.553 a_out=6 b_in=28 mem=21.008591175079346
p1 c033 32/40 L=-0.499 Lq=-0.1195 Le=-0.384 rA=0.440 rB=0.560 a_out=7 b_in=26 mem=21.008591175079346
p1 c033 33/40 L=-0.490 Lq=-0.1159 Le=-0.379 rA=0.442 rB=0.558 a_out=7 b_in=26 mem=21.008591175079346
p1 c033 34/40 L=-0.509 Lq=-0.1249 Le=-0.389 rA=0.438 rB=0.562 a_out=7 b_in=27 mem=21.008591175079346
p1 c033 35/40 L=-0.476 Lq=-0.1119 Le=-0.369 rA=0.444 rB=0.556 a_out=6 b_in=26 mem=21.008591175079346
p1 c033 36/40 L=-0.502 Lq=-0.1225 Le=-0.384 rA=0.439 rB=0.561 a_out=7 b_in=29 mem=21.008591175079346
p1 c033 37/40 L=-0.515 Lq=-0.1272 Le=-0.392 rA=0.436 rB=0.564 a_out=7 b_in=29 mem=21.008591175079346
p1 c033 38/40 L=-0.508 Lq=-0.1244 Le=-0.388 rA=0.438 rB=0.562 a_out=7 b_in=27 mem=21.008591175079346
p1 c033 39/40 L=-0.518 Lq=-0.1266 Le=-0.397 rA=0.437 rB=0.563 a_out=7 b_in=28 mem=21.008591175079346
p1 c033 40/40 L=-0.540 Lq=-0.1409 Le=-0.404 rA=0.430 rB=0.570 a_out=8 b_in=31 mem=21.008591175079346
== p1 attack c034 (30/35) ==
p1 c034 1/40 L=-0.152 Lq=-0.0269 Le=-0.131 rA=0.487 rB=0.513 a_out=0 b_in=0 mem=21.008591175079346
p1 c034 2/40 L=-0.245 Lq=-0.0451 Le=-0.207 rA=0.477 rB=0.523 a_out=1 b_in=19 mem=21.008591175079346
p1 c034 3/40 L=-0.264 Lq=-0.0474 Le=-0.224 rA=0.476 rB=0.524 a_out=1 b_in=22 mem=21.008591175079346
p1 c034 4/40 L=-0.308 Lq=-0.0631 Le=-0.251 rA=0.468 rB=0.532 a_out=2 b_in=24 mem=21.008591175079346
p1 c034 5/40 L=-0.377 Lq=-0.0777 Le=-0.306 rA=0.461 rB=0.539 a_out=3 b_in=29 mem=21.008591175079346
p1 c034 6/40 L=-0.414 Lq=-0.0937 Le=-0.327 rA=0.453 rB=0.547 a_out=4 b_in=29 mem=21.008591175079346
p1 c034 7/40 L=-0.369 Lq=-0.0752 Le=-0.300 rA=0.462 rB=0.538 a_out=3 b_in=28 mem=21.008591175079346
p1 c034 8/40 L=-0.410 Lq=-0.0870 Le=-0.329 rA=0.456 rB=0.544 a_out=3 b_in=28 mem=21.008591175079346
p1 c034 9/40 L=-0.414 Lq=-0.0821 Le=-0.338 rA=0.459 rB=0.541 a_out=3 b_in=24 mem=21.008591175079346
p1 c034 10/40 L=-0.422 Lq=-0.0895 Le=-0.339 rA=0.455 rB=0.545 a_out=4 b_in=29 mem=21.008591175079346
p1 c034 11/40 L=-0.433 Lq=-0.0946 Le=-0.345 rA=0.453 rB=0.547 a_out=4 b_in=31 mem=21.008591175079346
p1 c034 12/40 L=-0.461 Lq=-0.1074 Le=-0.361 rA=0.446 rB=0.554 a_out=5 b_in=33 mem=21.008591175079346
p1 c034 13/40 L=-0.465 Lq=-0.1089 Le=-0.362 rA=0.446 rB=0.554 a_out=5 b_in=31 mem=21.008591175079346
p1 c034 14/40 L=-0.445 Lq=-0.0992 Le=-0.352 rA=0.450 rB=0.550 a_out=4 b_in=32 mem=21.008591175079346
p1 c034 15/40 L=-0.493 Lq=-0.1181 Le=-0.382 rA=0.441 rB=0.559 a_out=5 b_in=29 mem=21.008591175079346
p1 c034 16/40 L=-0.499 Lq=-0.1193 Le=-0.386 rA=0.440 rB=0.560 a_out=6 b_in=34 mem=21.008591175079346
p1 c034 17/40 L=-0.510 Lq=-0.1244 Le=-0.392 rA=0.438 rB=0.562 a_out=6 b_in=36 mem=21.008591175079346
p1 c034 18/40 L=-0.516 Lq=-0.1284 Le=-0.394 rA=0.436 rB=0.564 a_out=6 b_in=29 mem=21.008591175079346
p1 c034 19/40 L=-0.501 Lq=-0.1220 Le=-0.386 rA=0.439 rB=0.561 a_out=6 b_in=29 mem=21.008591175079346
p1 c034 20/40 L=-0.549 Lq=-0.1425 Le=-0.413 rA=0.429 rB=0.571 a_out=7 b_in=27 mem=21.008591175079346
p1 c034 21/40 L=-0.517 Lq=-0.1231 Le=-0.401 rA=0.438 rB=0.562 a_out=6 b_in=31 mem=21.008591175079346
p1 c034 22/40 L=-0.533 Lq=-0.1349 Le=-0.405 rA=0.433 rB=0.567 a_out=6 b_in=32 mem=21.008591175079346
p1 c034 23/40 L=-0.510 Lq=-0.1249 Le=-0.392 rA=0.438 rB=0.562 a_out=6 b_in=33 mem=21.008591175079346
p1 c034 24/40 L=-0.541 Lq=-0.1381 Le=-0.410 rA=0.431 rB=0.569 a_out=7 b_in=31 mem=21.008591175079346
p1 c034 25/40 L=-0.547 Lq=-0.1396 Le=-0.414 rA=0.430 rB=0.570 a_out=7 b_in=36 mem=21.008591175079346
p1 c034 26/40 L=-0.572 Lq=-0.1537 Le=-0.425 rA=0.423 rB=0.577 a_out=8 b_in=32 mem=21.008591175079346
p1 c034 27/40 L=-0.500 Lq=-0.1204 Le=-0.386 rA=0.440 rB=0.560 a_out=6 b_in=30 mem=21.008591175079346
p1 c034 28/40 L=-0.511 Lq=-0.1240 Le=-0.394 rA=0.438 rB=0.562 a_out=6 b_in=26 mem=21.008591175079346
p1 c034 29/40 L=-0.514 Lq=-0.1250 Le=-0.396 rA=0.438 rB=0.562 a_out=6 b_in=28 mem=21.008591175079346
p1 c034 30/40 L=-0.562 Lq=-0.1501 Le=-0.419 rA=0.425 rB=0.575 a_out=7 b_in=31 mem=21.008591175079346
p1 c034 31/40 L=-0.551 Lq=-0.1432 Le=-0.415 rA=0.428 rB=0.572 a_out=7 b_in=31 mem=21.008591175079346
p1 c034 32/40 L=-0.557 Lq=-0.1482 Le=-0.416 rA=0.426 rB=0.574 a_out=7 b_in=31 mem=21.008591175079346
p1 c034 33/40 L=-0.560 Lq=-0.1501 Le=-0.417 rA=0.425 rB=0.575 a_out=7 b_in=30 mem=21.008591175079346
p1 c034 34/40 L=-0.568 Lq=-0.1523 Le=-0.422 rA=0.424 rB=0.576 a_out=8 b_in=29 mem=21.008591175079346
p1 c034 35/40 L=-0.599 Lq=-0.1749 Le=-0.431 rA=0.413 rB=0.587 a_out=9 b_in=35 mem=21.008591175079346
p1 c034 36/40 L=-0.583 Lq=-0.1631 Le=-0.427 rA=0.418 rB=0.582 a_out=8 b_in=31 mem=21.008591175079346
p1 c034 37/40 L=-0.572 Lq=-0.1556 Le=-0.424 rA=0.422 rB=0.578 a_out=8 b_in=33 mem=21.008591175079346
p1 c034 38/40 L=-0.608 Lq=-0.1761 Le=-0.439 rA=0.412 rB=0.588 a_out=9 b_in=30 mem=21.008591175079346
p1 c034 39/40 L=-0.618 Lq=-0.1806 Le=-0.444 rA=0.410 rB=0.590 a_out=9 b_in=30 mem=21.008591175079346
p1 c034 40/40 L=-0.599 Lq=-0.1694 Le=-0.436 rA=0.415 rB=0.585 a_out=9 b_in=31 mem=21.008591175079346
== p1 attack c035 (31/35) ==
p1 c035 1/40 L=-0.297 Lq=-0.0457 Le=-0.256 rA=0.477 rB=0.523 a_out=0 b_in=0 mem=21.008591175079346
p1 c035 2/40 L=-0.333 Lq=-0.0549 Le=-0.283 rA=0.473 rB=0.527 a_out=0 b_in=15 mem=21.008591175079346
p1 c035 3/40 L=-0.356 Lq=-0.0591 Le=-0.301 rA=0.470 rB=0.530 a_out=1 b_in=17 mem=21.008591175079346
p1 c035 4/40 L=-0.388 Lq=-0.0694 Le=-0.323 rA=0.465 rB=0.535 a_out=1 b_in=14 mem=21.008591175079346
p1 c035 5/40 L=-0.396 Lq=-0.0738 Le=-0.327 rA=0.463 rB=0.537 a_out=2 b_in=21 mem=21.008591175079346
p1 c035 6/40 L=-0.417 Lq=-0.0808 Le=-0.342 rA=0.460 rB=0.540 a_out=2 b_in=24 mem=21.008591175079346
p1 c035 7/40 L=-0.430 Lq=-0.0844 Le=-0.350 rA=0.458 rB=0.542 a_out=2 b_in=19 mem=21.008591175079346
p1 c035 8/40 L=-0.418 Lq=-0.0807 Le=-0.343 rA=0.460 rB=0.540 a_out=2 b_in=18 mem=21.008591175079346
p1 c035 9/40 L=-0.436 Lq=-0.0867 Le=-0.354 rA=0.457 rB=0.543 a_out=2 b_in=19 mem=21.008591175079346
p1 c035 10/40 L=-0.438 Lq=-0.0877 Le=-0.356 rA=0.456 rB=0.544 a_out=3 b_in=20 mem=21.008591175079346
p1 c035 11/40 L=-0.440 Lq=-0.0878 Le=-0.358 rA=0.456 rB=0.544 a_out=3 b_in=23 mem=21.008591175079346
p1 c035 12/40 L=-0.441 Lq=-0.0894 Le=-0.357 rA=0.455 rB=0.545 a_out=3 b_in=21 mem=21.008591175079346
p1 c035 13/40 L=-0.466 Lq=-0.0998 Le=-0.372 rA=0.450 rB=0.550 a_out=3 b_in=22 mem=21.008591175079346
p1 c035 14/40 L=-0.474 Lq=-0.1010 Le=-0.379 rA=0.449 rB=0.551 a_out=3 b_in=21 mem=21.008591175079346
p1 c035 15/40 L=-0.483 Lq=-0.1064 Le=-0.382 rA=0.447 rB=0.553 a_out=4 b_in=23 mem=21.008591175079346
p1 c035 16/40 L=-0.482 Lq=-0.1067 Le=-0.381 rA=0.447 rB=0.553 a_out=4 b_in=23 mem=21.008591175079346
p1 c035 17/40 L=-0.486 Lq=-0.1082 Le=-0.384 rA=0.446 rB=0.554 a_out=4 b_in=20 mem=21.008591175079346
p1 c035 18/40 L=-0.515 Lq=-0.1211 Le=-0.399 rA=0.439 rB=0.561 a_out=5 b_in=22 mem=21.008591175079346
p1 c035 19/40 L=-0.526 Lq=-0.1268 Le=-0.404 rA=0.437 rB=0.563 a_out=5 b_in=18 mem=21.008591175079346
p1 c035 20/40 L=-0.526 Lq=-0.1260 Le=-0.405 rA=0.437 rB=0.563 a_out=5 b_in=21 mem=21.008591175079346
p1 c035 21/40 L=-0.540 Lq=-0.1328 Le=-0.412 rA=0.434 rB=0.566 a_out=5 b_in=21 mem=21.008591175079346
p1 c035 22/40 L=-0.519 Lq=-0.1232 Le=-0.401 rA=0.438 rB=0.562 a_out=5 b_in=20 mem=21.008591175079346
p1 c035 23/40 L=-0.519 Lq=-0.1226 Le=-0.401 rA=0.439 rB=0.561 a_out=5 b_in=21 mem=21.008591175079346
p1 c035 24/40 L=-0.532 Lq=-0.1281 Le=-0.409 rA=0.436 rB=0.564 a_out=5 b_in=20 mem=21.008591175079346
p1 c035 25/40 L=-0.552 Lq=-0.1390 Le=-0.419 rA=0.431 rB=0.569 a_out=6 b_in=25 mem=21.008591175079346
p1 c035 26/40 L=-0.521 Lq=-0.1237 Le=-0.402 rA=0.438 rB=0.562 a_out=5 b_in=22 mem=21.008591175079346
p1 c035 27/40 L=-0.524 Lq=-0.1257 Le=-0.404 rA=0.437 rB=0.563 a_out=5 b_in=22 mem=21.008591175079346
p1 c035 28/40 L=-0.480 Lq=-0.1049 Le=-0.381 rA=0.448 rB=0.552 a_out=4 b_in=22 mem=21.008591175079346
p1 c035 29/40 L=-0.532 Lq=-0.1291 Le=-0.408 rA=0.435 rB=0.565 a_out=5 b_in=19 mem=21.008591175079346
p1 c035 30/40 L=-0.526 Lq=-0.1263 Le=-0.405 rA=0.437 rB=0.563 a_out=5 b_in=20 mem=21.008591175079346
p1 c035 31/40 L=-0.530 Lq=-0.1290 Le=-0.406 rA=0.435 rB=0.565 a_out=5 b_in=23 mem=21.008591175079346
p1 c035 32/40 L=-0.536 Lq=-0.1315 Le=-0.410 rA=0.434 rB=0.566 a_out=5 b_in=24 mem=21.008591175079346
p1 c035 33/40 L=-0.548 Lq=-0.1378 Le=-0.416 rA=0.431 rB=0.569 a_out=6 b_in=24 mem=21.008591175079346
p1 c035 34/40 L=-0.551 Lq=-0.1389 Le=-0.417 rA=0.431 rB=0.569 a_out=6 b_in=22 mem=21.008591175079346
p1 c035 35/40 L=-0.560 Lq=-0.1430 Le=-0.423 rA=0.429 rB=0.571 a_out=6 b_in=22 mem=21.008591175079346
p1 c035 36/40 L=-0.560 Lq=-0.1437 Le=-0.422 rA=0.428 rB=0.572 a_out=6 b_in=23 mem=21.008591175079346
p1 c035 37/40 L=-0.573 Lq=-0.1490 Le=-0.429 rA=0.425 rB=0.575 a_out=6 b_in=23 mem=21.008591175079346
p1 c035 38/40 L=-0.555 Lq=-0.1399 Le=-0.421 rA=0.430 rB=0.570 a_out=6 b_in=20 mem=21.008591175079346
p1 c035 39/40 L=-0.579 Lq=-0.1537 Le=-0.431 rA=0.423 rB=0.577 a_out=7 b_in=22 mem=21.008591175079346
p1 c035 40/40 L=-0.572 Lq=-0.1483 Le=-0.430 rA=0.426 rB=0.574 a_out=6 b_in=22 mem=21.008591175079346
== p1 attack c036 (32/35) ==
p1 c036 1/40 L=-0.257 Lq=-0.0489 Le=-0.211 rA=0.476 rB=0.524 a_out=0 b_in=0 mem=21.008591175079346
p1 c036 2/40 L=-0.316 Lq=-0.0647 Le=-0.254 rA=0.468 rB=0.532 a_out=1 b_in=13 mem=21.008591175079346
p1 c036 3/40 L=-0.348 Lq=-0.0746 Le=-0.277 rA=0.463 rB=0.537 a_out=2 b_in=18 mem=21.008591175079346
p1 c036 4/40 L=-0.360 Lq=-0.0731 Le=-0.290 rA=0.463 rB=0.537 a_out=1 b_in=16 mem=21.008591175079346
p1 c036 5/40 L=-0.357 Lq=-0.0773 Le=-0.283 rA=0.461 rB=0.539 a_out=2 b_in=18 mem=21.008591175079346
p1 c036 6/40 L=-0.328 Lq=-0.0643 Le=-0.268 rA=0.468 rB=0.532 a_out=1 b_in=22 mem=21.008591175079346
p1 c036 7/40 L=-0.381 Lq=-0.0799 Le=-0.305 rA=0.460 rB=0.540 a_out=2 b_in=20 mem=21.008591175079346
p1 c036 8/40 L=-0.420 Lq=-0.0930 Le=-0.331 rA=0.453 rB=0.547 a_out=3 b_in=22 mem=21.008591175079346
p1 c036 9/40 L=-0.420 Lq=-0.0935 Le=-0.331 rA=0.453 rB=0.547 a_out=3 b_in=24 mem=21.008591175079346
p1 c036 10/40 L=-0.436 Lq=-0.0990 Le=-0.341 rA=0.451 rB=0.549 a_out=3 b_in=23 mem=21.008591175079346
p1 c036 11/40 L=-0.451 Lq=-0.1040 Le=-0.352 rA=0.448 rB=0.552 a_out=4 b_in=24 mem=21.008591175079346
p1 c036 12/40 L=-0.482 Lq=-0.1183 Le=-0.369 rA=0.441 rB=0.559 a_out=4 b_in=24 mem=21.008591175079346
p1 c036 13/40 L=-0.492 Lq=-0.1226 Le=-0.375 rA=0.439 rB=0.561 a_out=5 b_in=21 mem=21.008591175079346
p1 c036 14/40 L=-0.497 Lq=-0.1252 Le=-0.377 rA=0.437 rB=0.563 a_out=5 b_in=23 mem=21.008591175079346
p1 c036 15/40 L=-0.510 Lq=-0.1324 Le=-0.383 rA=0.434 rB=0.566 a_out=5 b_in=22 mem=21.008591175079346
p1 c036 16/40 L=-0.520 Lq=-0.1389 Le=-0.386 rA=0.431 rB=0.569 a_out=6 b_in=23 mem=21.008591175079346
p1 c036 17/40 L=-0.523 Lq=-0.1371 Le=-0.392 rA=0.431 rB=0.569 a_out=6 b_in=24 mem=21.008591175079346
p1 c036 18/40 L=-0.531 Lq=-0.1414 Le=-0.396 rA=0.429 rB=0.571 a_out=6 b_in=23 mem=21.008591175079346
p1 c036 19/40 L=-0.543 Lq=-0.1480 Le=-0.400 rA=0.426 rB=0.574 a_out=6 b_in=23 mem=21.008591175079346
p1 c036 20/40 L=-0.542 Lq=-0.1482 Le=-0.400 rA=0.426 rB=0.574 a_out=7 b_in=23 mem=21.008591175079346
p1 c036 21/40 L=-0.558 Lq=-0.1548 Le=-0.408 rA=0.423 rB=0.577 a_out=7 b_in=25 mem=21.008591175079346
p1 c036 22/40 L=-0.554 Lq=-0.1533 Le=-0.406 rA=0.423 rB=0.577 a_out=7 b_in=26 mem=21.008591175079346
p1 c036 23/40 L=-0.567 Lq=-0.1615 Le=-0.411 rA=0.419 rB=0.581 a_out=7 b_in=22 mem=21.008591175079346
p1 c036 24/40 L=-0.569 Lq=-0.1628 Le=-0.412 rA=0.419 rB=0.581 a_out=7 b_in=28 mem=21.008591175079346
p1 c036 25/40 L=-0.574 Lq=-0.1644 Le=-0.415 rA=0.418 rB=0.582 a_out=8 b_in=23 mem=21.008591175079346
p1 c036 26/40 L=-0.597 Lq=-0.1771 Le=-0.425 rA=0.411 rB=0.589 a_out=8 b_in=25 mem=21.008591175079346
p1 c036 27/40 L=-0.604 Lq=-0.1815 Le=-0.428 rA=0.409 rB=0.591 a_out=9 b_in=24 mem=21.008591175079346
p1 c036 28/40 L=-0.602 Lq=-0.1805 Le=-0.427 rA=0.410 rB=0.590 a_out=9 b_in=25 mem=21.008591175079346
p1 c036 29/40 L=-0.611 Lq=-0.1854 Le=-0.432 rA=0.407 rB=0.593 a_out=9 b_in=25 mem=21.008591175079346
p1 c036 30/40 L=-0.617 Lq=-0.1886 Le=-0.434 rA=0.406 rB=0.594 a_out=9 b_in=25 mem=21.008591175079346
p1 c036 31/40 L=-0.624 Lq=-0.1927 Le=-0.437 rA=0.404 rB=0.596 a_out=10 b_in=24 mem=21.008591175079346
p1 c036 32/40 L=-0.626 Lq=-0.1927 Le=-0.439 rA=0.404 rB=0.596 a_out=10 b_in=24 mem=21.008591175079346
p1 c036 33/40 L=-0.613 Lq=-0.1864 Le=-0.432 rA=0.407 rB=0.593 a_out=9 b_in=25 mem=21.008591175079346
p1 c036 34/40 L=-0.623 Lq=-0.1913 Le=-0.438 rA=0.404 rB=0.596 a_out=9 b_in=27 mem=21.008591175079346
p1 c036 35/40 L=-0.620 Lq=-0.1896 Le=-0.436 rA=0.405 rB=0.595 a_out=9 b_in=26 mem=21.008591175079346
p1 c036 36/40 L=-0.646 Lq=-0.2051 Le=-0.447 rA=0.397 rB=0.603 a_out=10 b_in=27 mem=21.008591175079346
p1 c036 37/40 L=-0.645 Lq=-0.2051 Le=-0.446 rA=0.397 rB=0.603 a_out=10 b_in=26 mem=21.008591175079346
p1 c036 38/40 L=-0.634 Lq=-0.1988 Le=-0.442 rA=0.401 rB=0.599 a_out=10 b_in=29 mem=21.008591175079346
p1 c036 39/40 L=-0.650 Lq=-0.2082 Le=-0.448 rA=0.396 rB=0.604 a_out=11 b_in=24 mem=21.008591175079346
p1 c036 40/40 L=-0.653 Lq=-0.2101 Le=-0.450 rA=0.395 rB=0.605 a_out=11 b_in=29 mem=21.008591175079346
== p1 attack c037 (33/35) ==
p1 c037 1/40 L=-0.239 Lq=-0.0254 Le=-0.218 rA=0.487 rB=0.513 a_out=0 b_in=0 mem=21.008591175079346
p1 c037 2/40 L=-0.227 Lq=-0.0261 Le=-0.208 rA=0.487 rB=0.513 a_out=0 b_in=21 mem=21.008591175079346
p1 c037 3/40 L=-0.261 Lq=-0.0421 Le=-0.225 rA=0.479 rB=0.521 a_out=1 b_in=22 mem=21.008591175079346
p1 c037 4/40 L=-0.245 Lq=-0.0412 Le=-0.212 rA=0.479 rB=0.521 a_out=1 b_in=22 mem=21.008591175079346
p1 c037 5/40 L=-0.317 Lq=-0.0564 Le=-0.268 rA=0.472 rB=0.528 a_out=2 b_in=23 mem=21.008591175079346
p1 c037 6/40 L=-0.285 Lq=-0.0457 Le=-0.246 rA=0.477 rB=0.523 a_out=1 b_in=26 mem=21.008591175079346
p1 c037 7/40 L=-0.344 Lq=-0.0607 Le=-0.290 rA=0.470 rB=0.530 a_out=2 b_in=22 mem=21.008591175079346
p1 c037 8/40 L=-0.342 Lq=-0.0532 Le=-0.296 rA=0.473 rB=0.527 a_out=1 b_in=20 mem=21.008591175079346
p1 c037 9/40 L=-0.358 Lq=-0.0646 Le=-0.300 rA=0.468 rB=0.532 a_out=2 b_in=21 mem=21.008591175079346
p1 c037 10/40 L=-0.385 Lq=-0.0715 Le=-0.320 rA=0.464 rB=0.536 a_out=3 b_in=25 mem=21.008591175079346
p1 c037 11/40 L=-0.384 Lq=-0.0718 Le=-0.318 rA=0.464 rB=0.536 a_out=3 b_in=22 mem=21.008591175079346
p1 c037 12/40 L=-0.398 Lq=-0.0759 Le=-0.329 rA=0.462 rB=0.538 a_out=3 b_in=22 mem=21.008591175079346
p1 c037 13/40 L=-0.413 Lq=-0.0789 Le=-0.340 rA=0.461 rB=0.539 a_out=3 b_in=22 mem=21.008591175079346
p1 c037 14/40 L=-0.396 Lq=-0.0774 Le=-0.326 rA=0.461 rB=0.539 a_out=3 b_in=21 mem=21.008591175079346
p1 c037 15/40 L=-0.421 Lq=-0.0834 Le=-0.344 rA=0.458 rB=0.542 a_out=3 b_in=21 mem=21.008591175079346
p1 c037 16/40 L=-0.381 Lq=-0.0716 Le=-0.316 rA=0.464 rB=0.536 a_out=3 b_in=25 mem=21.008591175079346
p1 c037 17/40 L=-0.436 Lq=-0.0929 Le=-0.350 rA=0.454 rB=0.546 a_out=4 b_in=25 mem=21.008591175079346
p1 c037 18/40 L=-0.434 Lq=-0.0937 Le=-0.347 rA=0.453 rB=0.547 a_out=4 b_in=28 mem=21.008591175079346
p1 c037 19/40 L=-0.392 Lq=-0.0734 Le=-0.326 rA=0.463 rB=0.537 a_out=3 b_in=19 mem=21.008591175079346
p1 c037 20/40 L=-0.421 Lq=-0.0872 Le=-0.342 rA=0.456 rB=0.544 a_out=3 b_in=24 mem=21.008591175079346
p1 c037 21/40 L=-0.438 Lq=-0.0927 Le=-0.354 rA=0.454 rB=0.546 a_out=4 b_in=27 mem=21.008591175079346
p1 c037 22/40 L=-0.470 Lq=-0.1034 Le=-0.375 rA=0.448 rB=0.552 a_out=5 b_in=27 mem=21.008591175079346
p1 c037 23/40 L=-0.457 Lq=-0.0985 Le=-0.366 rA=0.451 rB=0.549 a_out=4 b_in=23 mem=21.008591175079346
p1 c037 24/40 L=-0.463 Lq=-0.1041 Le=-0.367 rA=0.448 rB=0.552 a_out=5 b_in=26 mem=21.008591175079346
p1 c037 25/40 L=-0.469 Lq=-0.1051 Le=-0.372 rA=0.447 rB=0.553 a_out=5 b_in=26 mem=21.008591175079346
p1 c037 26/40 L=-0.492 Lq=-0.1155 Le=-0.385 rA=0.442 rB=0.558 a_out=5 b_in=29 mem=21.008591175079346
p1 c037 27/40 L=-0.481 Lq=-0.1091 Le=-0.381 rA=0.445 rB=0.555 a_out=5 b_in=26 mem=21.008591175079346
p1 c037 28/40 L=-0.471 Lq=-0.1074 Le=-0.371 rA=0.446 rB=0.554 a_out=5 b_in=22 mem=21.008591175079346
p1 c037 29/40 L=-0.480 Lq=-0.1077 Le=-0.380 rA=0.446 rB=0.554 a_out=5 b_in=24 mem=21.008591175079346
p1 c037 30/40 L=-0.500 Lq=-0.1186 Le=-0.389 rA=0.441 rB=0.559 a_out=5 b_in=25 mem=21.008591175079346
p1 c037 31/40 L=-0.507 Lq=-0.1209 Le=-0.395 rA=0.440 rB=0.560 a_out=6 b_in=25 mem=21.008591175079346
p1 c037 32/40 L=-0.514 Lq=-0.1253 Le=-0.398 rA=0.437 rB=0.563 a_out=6 b_in=26 mem=21.008591175079346
p1 c037 33/40 L=-0.531 Lq=-0.1325 Le=-0.407 rA=0.434 rB=0.566 a_out=6 b_in=27 mem=21.008591175079346
p1 c037 34/40 L=-0.547 Lq=-0.1414 Le=-0.414 rA=0.429 rB=0.571 a_out=7 b_in=28 mem=21.008591175079346
p1 c037 35/40 L=-0.544 Lq=-0.1390 Le=-0.413 rA=0.430 rB=0.570 a_out=7 b_in=29 mem=21.008591175079346
p1 c037 36/40 L=-0.543 Lq=-0.1391 Le=-0.413 rA=0.430 rB=0.570 a_out=7 b_in=28 mem=21.008591175079346
p1 c037 37/40 L=-0.561 Lq=-0.1470 Le=-0.422 rA=0.427 rB=0.573 a_out=7 b_in=25 mem=21.008591175079346
p1 c037 38/40 L=-0.552 Lq=-0.1426 Le=-0.418 rA=0.429 rB=0.571 a_out=7 b_in=32 mem=21.008591175079346
p1 c037 39/40 L=-0.565 Lq=-0.1486 Le=-0.424 rA=0.426 rB=0.574 a_out=7 b_in=27 mem=21.008591175079346
p1 c037 40/40 L=-0.550 Lq=-0.1437 Le=-0.415 rA=0.428 rB=0.572 a_out=7 b_in=29 mem=21.008591175079346
== p1 attack c038 (34/35) ==
p1 c038 1/40 L=-0.237 Lq=-0.0388 Le=-0.203 rA=0.481 rB=0.519 a_out=0 b_in=0 mem=21.008591175079346
p1 c038 2/40 L=-0.223 Lq=-0.0317 Le=-0.197 rA=0.484 rB=0.516 a_out=0 b_in=22 mem=21.008591175079346
p1 c038 3/40 L=-0.284 Lq=-0.0504 Le=-0.240 rA=0.475 rB=0.525 a_out=1 b_in=25 mem=21.008591175079346
p1 c038 4/40 L=-0.313 Lq=-0.0616 Le=-0.258 rA=0.469 rB=0.531 a_out=2 b_in=25 mem=21.008591175079346
p1 c038 5/40 L=-0.349 Lq=-0.0714 Le=-0.284 rA=0.464 rB=0.536 a_out=2 b_in=24 mem=21.008591175079346
p1 c038 6/40 L=-0.330 Lq=-0.0655 Le=-0.271 rA=0.467 rB=0.533 a_out=2 b_in=26 mem=21.008591175079346
p1 c038 7/40 L=-0.357 Lq=-0.0686 Le=-0.296 rA=0.466 rB=0.534 a_out=2 b_in=24 mem=21.008591175079346
p1 c038 8/40 L=-0.341 Lq=-0.0688 Le=-0.278 rA=0.466 rB=0.534 a_out=2 b_in=25 mem=21.008591175079346
p1 c038 9/40 L=-0.386 Lq=-0.0855 Le=-0.307 rA=0.457 rB=0.543 a_out=3 b_in=25 mem=21.008591175079346
p1 c038 10/40 L=-0.380 Lq=-0.0810 Le=-0.306 rA=0.459 rB=0.541 a_out=3 b_in=26 mem=21.008591175079346
p1 c038 11/40 L=-0.375 Lq=-0.0796 Le=-0.301 rA=0.460 rB=0.540 a_out=3 b_in=28 mem=21.008591175079346
p1 c038 12/40 L=-0.351 Lq=-0.0758 Le=-0.281 rA=0.462 rB=0.538 a_out=3 b_in=23 mem=21.008591175079346
p1 c038 13/40 L=-0.427 Lq=-0.0990 Le=-0.335 rA=0.451 rB=0.549 a_out=4 b_in=24 mem=21.008591175079346
p1 c038 14/40 L=-0.435 Lq=-0.1016 Le=-0.340 rA=0.449 rB=0.551 a_out=4 b_in=29 mem=21.008591175079346
p1 c038 15/40 L=-0.419 Lq=-0.0987 Le=-0.327 rA=0.451 rB=0.549 a_out=4 b_in=28 mem=21.008591175079346
p1 c038 16/40 L=-0.416 Lq=-0.0954 Le=-0.327 rA=0.452 rB=0.548 a_out=4 b_in=29 mem=21.008591175079346
p1 c038 17/40 L=-0.420 Lq=-0.0973 Le=-0.329 rA=0.451 rB=0.549 a_out=4 b_in=28 mem=21.008591175079346
p1 c038 18/40 L=-0.446 Lq=-0.1068 Le=-0.345 rA=0.447 rB=0.553 a_out=5 b_in=29 mem=21.008591175079346
p1 c038 19/40 L=-0.429 Lq=-0.1001 Le=-0.335 rA=0.450 rB=0.550 a_out=4 b_in=30 mem=21.008591175079346
p1 c038 20/40 L=-0.440 Lq=-0.1037 Le=-0.343 rA=0.448 rB=0.552 a_out=5 b_in=27 mem=21.008591175079346
p1 c038 21/40 L=-0.405 Lq=-0.0921 Le=-0.319 rA=0.454 rB=0.546 a_out=4 b_in=26 mem=21.008591175079346
p1 c038 22/40 L=-0.275 Lq=-0.0550 Le=-0.227 rA=0.473 rB=0.527 a_out=1 b_in=30 mem=21.008591175079346
p1 c038 23/40 L=-0.414 Lq=-0.0934 Le=-0.327 rA=0.453 rB=0.547 a_out=4 b_in=30 mem=21.008591175079346
p1 c038 24/40 L=-0.440 Lq=-0.1028 Le=-0.344 rA=0.449 rB=0.551 a_out=4 b_in=32 mem=21.008591175079346
p1 c038 25/40 L=-0.469 Lq=-0.1131 Le=-0.363 rA=0.443 rB=0.557 a_out=5 b_in=31 mem=21.008591175079346
p1 c038 26/40 L=-0.477 Lq=-0.1198 Le=-0.363 rA=0.440 rB=0.560 a_out=6 b_in=32 mem=21.008591175079346
p1 c038 27/40 L=-0.466 Lq=-0.1131 Le=-0.359 rA=0.443 rB=0.557 a_out=5 b_in=28 mem=21.008591175079346
p1 c038 28/40 L=-0.437 Lq=-0.1035 Le=-0.340 rA=0.448 rB=0.552 a_out=5 b_in=28 mem=21.008591175079346
p1 c038 29/40 L=-0.468 Lq=-0.1149 Le=-0.360 rA=0.443 rB=0.557 a_out=5 b_in=27 mem=21.008591175079346
p1 c038 30/40 L=-0.402 Lq=-0.0956 Le=-0.313 rA=0.452 rB=0.548 a_out=4 b_in=31 mem=21.008591175079346
p1 c038 31/40 L=-0.468 Lq=-0.1123 Le=-0.363 rA=0.444 rB=0.556 a_out=5 b_in=33 mem=21.008591175079346
p1 c038 32/40 L=-0.478 Lq=-0.1186 Le=-0.366 rA=0.441 rB=0.559 a_out=5 b_in=33 mem=21.008591175079346
p1 c038 33/40 L=-0.498 Lq=-0.1273 Le=-0.377 rA=0.436 rB=0.564 a_out=6 b_in=33 mem=21.008591175079346
p1 c038 34/40 L=-0.476 Lq=-0.1148 Le=-0.368 rA=0.443 rB=0.557 a_out=5 b_in=30 mem=21.008591175079346
p1 c038 35/40 L=-0.532 Lq=-0.1416 Le=-0.397 rA=0.429 rB=0.571 a_out=7 b_in=33 mem=21.008591175079346
p1 c038 36/40 L=-0.535 Lq=-0.1448 Le=-0.397 rA=0.428 rB=0.572 a_out=7 b_in=34 mem=21.008591175079346
p1 c038 37/40 L=-0.531 Lq=-0.1427 Le=-0.395 rA=0.429 rB=0.571 a_out=7 b_in=33 mem=21.008591175079346
p1 c038 38/40 L=-0.533 Lq=-0.1433 Le=-0.396 rA=0.428 rB=0.572 a_out=7 b_in=33 mem=21.008591175079346
p1 c038 39/40 L=-0.540 Lq=-0.1478 Le=-0.400 rA=0.426 rB=0.574 a_out=7 b_in=35 mem=21.008591175079346
p1 c038 40/40 L=-0.564 Lq=-0.1592 Le=-0.412 rA=0.420 rB=0.580 a_out=8 b_in=34 mem=21.008591175079346
== p1 attack c039 (35/35) ==
p1 c039 1/40 L=-0.181 Lq=-0.0522 Le=-0.132 rA=0.474 rB=0.526 a_out=0 b_in=0 mem=21.008591175079346
p1 c039 2/40 L=-0.284 Lq=-0.0680 Le=-0.220 rA=0.466 rB=0.534 a_out=1 b_in=21 mem=21.008591175079346
p1 c039 3/40 L=-0.283 Lq=-0.0711 Le=-0.216 rA=0.464 rB=0.536 a_out=2 b_in=22 mem=21.008591175079346
p1 c039 4/40 L=-0.333 Lq=-0.0823 Le=-0.255 rA=0.459 rB=0.541 a_out=2 b_in=18 mem=21.008591175079346
p1 c039 5/40 L=-0.317 Lq=-0.0790 Le=-0.242 rA=0.461 rB=0.539 a_out=2 b_in=21 mem=21.008591175079346
p1 c039 6/40 L=-0.339 Lq=-0.0835 Le=-0.260 rA=0.458 rB=0.542 a_out=2 b_in=25 mem=21.008591175079346
p1 c039 7/40 L=-0.369 Lq=-0.0929 Le=-0.282 rA=0.454 rB=0.546 a_out=3 b_in=28 mem=21.008591175079346
p1 c039 8/40 L=-0.383 Lq=-0.0961 Le=-0.292 rA=0.452 rB=0.548 a_out=3 b_in=24 mem=21.008591175079346
p1 c039 9/40 L=-0.409 Lq=-0.1069 Le=-0.307 rA=0.447 rB=0.553 a_out=4 b_in=26 mem=21.008591175079346
p1 c039 10/40 L=-0.430 Lq=-0.1130 Le=-0.321 rA=0.444 rB=0.556 a_out=4 b_in=21 mem=21.008591175079346
p1 c039 11/40 L=-0.443 Lq=-0.1191 Le=-0.329 rA=0.440 rB=0.560 a_out=5 b_in=26 mem=21.008591175079346
p1 c039 12/40 L=-0.459 Lq=-0.1245 Le=-0.340 rA=0.438 rB=0.562 a_out=5 b_in=27 mem=21.008591175079346
p1 c039 13/40 L=-0.445 Lq=-0.1201 Le=-0.330 rA=0.440 rB=0.560 a_out=5 b_in=30 mem=21.008591175079346
p1 c039 14/40 L=-0.441 Lq=-0.1170 Le=-0.329 rA=0.442 rB=0.558 a_out=5 b_in=27 mem=21.008591175079346
p1 c039 15/40 L=-0.459 Lq=-0.1255 Le=-0.339 rA=0.437 rB=0.563 a_out=5 b_in=27 mem=21.008591175079346
p1 c039 16/40 L=-0.475 Lq=-0.1315 Le=-0.349 rA=0.434 rB=0.566 a_out=6 b_in=29 mem=21.008591175079346
p1 c039 17/40 L=-0.495 Lq=-0.1397 Le=-0.361 rA=0.430 rB=0.570 a_out=6 b_in=28 mem=21.008591175079346
p1 c039 18/40 L=-0.485 Lq=-0.1328 Le=-0.358 rA=0.434 rB=0.566 a_out=6 b_in=24 mem=21.008591175079346
p1 c039 19/40 L=-0.481 Lq=-0.1335 Le=-0.353 rA=0.433 rB=0.567 a_out=6 b_in=24 mem=21.008591175079346
p1 c039 20/40 L=-0.506 Lq=-0.1436 Le=-0.368 rA=0.428 rB=0.572 a_out=6 b_in=22 mem=21.008591175079346
p1 c039 21/40 L=-0.518 Lq=-0.1505 Le=-0.373 rA=0.425 rB=0.575 a_out=7 b_in=27 mem=21.008591175079346
