
===== night_chain start 2026-09-16T01:39:41+08:00 =====
The argument `trust_remote_code` is to be used with Auto classes. It has no effect here and is ignored.
`Qwen2VLRotaryEmbedding` can now be fully parameterized by passing the model config through the `config` argument. All other arguments will be removed in v4.46
Loading checkpoint shards:   0%|          | 0/5 [00:00<?, ?it/s]Loading checkpoint shards:  20%|██        | 1/5 [00:01<00:04,  1.20s/it]Loading checkpoint shards:  40%|████      | 2/5 [00:02<00:03,  1.15s/it]Loading checkpoint shards:  60%|██████    | 3/5 [00:03<00:02,  1.15s/it]Loading checkpoint shards:  80%|████████  | 4/5 [00:04<00:01,  1.17s/it]Loading checkpoint shards: 100%|██████████| 5/5 [00:05<00:00,  1.14it/s]Loading checkpoint shards: 100%|██████████| 5/5 [00:05<00:00,  1.00s/it]
==== P3 METHOD random ====
== p3-random c000 (1/32) ==
p3-random c000 1/40 J=54.5 best=54.5 a_out=1 u_out=1 rA=0.168
p3-random c000 2/40 J=52.5 best=54.5 a_out=1 u_out=1 rA=0.166
p3-random c000 3/40 J=48.5 best=54.5 a_out=1 u_out=1 rA=0.166
p3-random c000 4/40 J=50.5 best=54.5 a_out=1 u_out=1 rA=0.166
p3-random c000 5/40 J=54.5 best=54.5 a_out=1 u_out=1 rA=0.166
p3-random c000 6/40 J=54.5 best=54.5 a_out=1 u_out=1 rA=0.166
p3-random c000 7/40 J=54.5 best=54.5 a_out=1 u_out=1 rA=0.169
p3-random c000 8/40 J=54.6 best=54.6 a_out=1 u_out=1 rA=0.165
p3-random c000 9/40 J=52.5 best=54.6 a_out=1 u_out=1 rA=0.170
p3-random c000 10/40 J=54.5 best=54.6 a_out=1 u_out=1 rA=0.166
p3-random c000 11/40 J=52.5 best=54.6 a_out=1 u_out=1 rA=0.167
p3-random c000 12/40 J=52.5 best=54.6 a_out=1 u_out=1 rA=0.167
p3-random c000 13/40 J=54.6 best=54.6 a_out=1 u_out=1 rA=0.163
p3-random c000 14/40 J=50.5 best=54.6 a_out=1 u_out=1 rA=0.166
p3-random c000 15/40 J=56.5 best=56.5 a_out=1 u_out=1 rA=0.166
p3-random c000 16/40 J=52.5 best=56.5 a_out=1 u_out=1 rA=0.167
p3-random c000 17/40 J=56.5 best=56.5 a_out=1 u_out=1 rA=0.168
p3-random c000 18/40 J=52.5 best=56.5 a_out=1 u_out=1 rA=0.167
p3-random c000 19/40 J=50.5 best=56.5 a_out=1 u_out=1 rA=0.168
p3-random c000 20/40 J=58.6 best=58.6 a_out=1 u_out=1 rA=0.163
p3-random c000 21/40 J=54.5 best=58.6 a_out=1 u_out=1 rA=0.169
p3-random c000 22/40 J=50.5 best=58.6 a_out=1 u_out=1 rA=0.166
p3-random c000 23/40 J=56.5 best=58.6 a_out=1 u_out=1 rA=0.167
p3-random c000 24/40 J=52.5 best=58.6 a_out=1 u_out=1 rA=0.169
p3-random c000 25/40 J=54.5 best=58.6 a_out=1 u_out=1 rA=0.166
p3-random c000 26/40 J=48.5 best=58.6 a_out=1 u_out=1 rA=0.167
p3-random c000 27/40 J=38.5 best=58.6 a_out=0 u_out=0 rA=0.171
p3-random c000 28/40 J=50.5 best=58.6 a_out=1 u_out=1 rA=0.167
p3-random c000 29/40 J=54.5 best=58.6 a_out=1 u_out=1 rA=0.169
p3-random c000 30/40 J=50.5 best=58.6 a_out=1 u_out=1 rA=0.168
p3-random c000 31/40 J=50.6 best=58.6 a_out=1 u_out=1 rA=0.165
p3-random c000 32/40 J=56.6 best=58.6 a_out=1 u_out=1 rA=0.165
p3-random c000 33/40 J=38.5 best=58.6 a_out=0 u_out=0 rA=0.171
p3-random c000 34/40 J=52.6 best=58.6 a_out=1 u_out=1 rA=0.166
p3-random c000 35/40 J=46.5 best=58.6 a_out=1 u_out=1 rA=0.168
p3-random c000 36/40 J=50.5 best=58.6 a_out=1 u_out=1 rA=0.166
p3-random c000 37/40 J=46.5 best=58.6 a_out=1 u_out=1 rA=0.166
p3-random c000 38/40 J=52.5 best=58.6 a_out=1 u_out=1 rA=0.166
p3-random c000 39/40 J=56.6 best=58.6 a_out=1 u_out=1 rA=0.166
p3-random c000 40/40 J=52.5 best=58.6 a_out=1 u_out=1 rA=0.169
== p3-random c003 (2/32) ==
p3-random c003 1/40 J=50.4 best=50.4 a_out=2 u_out=2 rA=0.177
p3-random c003 2/40 J=42.3 best=50.4 a_out=1 u_out=1 rA=0.180
p3-random c003 3/40 J=36.3 best=50.4 a_out=1 u_out=1 rA=0.181
p3-random c003 4/40 J=36.3 best=50.4 a_out=1 u_out=1 rA=0.178
p3-random c003 5/40 J=40.3 best=50.4 a_out=1 u_out=1 rA=0.180
p3-random c003 6/40 J=52.4 best=52.4 a_out=2 u_out=2 rA=0.177
p3-random c003 7/40 J=46.4 best=52.4 a_out=2 u_out=2 rA=0.174
p3-random c003 8/40 J=36.3 best=52.4 a_out=1 u_out=1 rA=0.181
p3-random c003 9/40 J=32.3 best=52.4 a_out=1 u_out=1 rA=0.181
p3-random c003 10/40 J=50.4 best=52.4 a_out=2 u_out=2 rA=0.177
p3-random c003 11/40 J=38.4 best=52.4 a_out=1 u_out=1 rA=0.177
p3-random c003 12/40 J=36.3 best=52.4 a_out=1 u_out=1 rA=0.178
p3-random c003 13/40 J=34.3 best=52.4 a_out=1 u_out=1 rA=0.181
p3-random c003 14/40 J=38.3 best=52.4 a_out=1 u_out=1 rA=0.181
p3-random c003 15/40 J=40.4 best=52.4 a_out=1 u_out=1 rA=0.177
p3-random c003 16/40 J=36.3 best=52.4 a_out=1 u_out=1 rA=0.183
p3-random c003 17/40 J=36.3 best=52.4 a_out=1 u_out=1 rA=0.179
p3-random c003 18/40 J=36.3 best=52.4 a_out=1 u_out=1 rA=0.180
p3-random c003 19/40 J=36.3 best=52.4 a_out=1 u_out=1 rA=0.181
p3-random c003 20/40 J=42.3 best=52.4 a_out=1 u_out=1 rA=0.179
p3-random c003 21/40 J=52.4 best=52.4 a_out=2 u_out=2 rA=0.176
p3-random c003 22/40 J=42.3 best=52.4 a_out=1 u_out=1 rA=0.179
p3-random c003 23/40 J=38.3 best=52.4 a_out=1 u_out=1 rA=0.181
p3-random c003 24/40 J=52.4 best=52.4 a_out=2 u_out=2 rA=0.177
p3-random c003 25/40 J=40.3 best=52.4 a_out=1 u_out=1 rA=0.179
p3-random c003 26/40 J=38.4 best=52.4 a_out=1 u_out=1 rA=0.178
p3-random c003 27/40 J=52.4 best=52.4 a_out=2 u_out=2 rA=0.174
p3-random c003 28/40 J=42.3 best=52.4 a_out=1 u_out=1 rA=0.180
p3-random c003 29/40 J=32.3 best=52.4 a_out=1 u_out=1 rA=0.182
p3-random c003 30/40 J=38.3 best=52.4 a_out=1 u_out=1 rA=0.179
p3-random c003 31/40 J=36.4 best=52.4 a_out=1 u_out=1 rA=0.177
p3-random c003 32/40 J=54.4 best=54.4 a_out=2 u_out=2 rA=0.177
p3-random c003 33/40 J=36.3 best=54.4 a_out=1 u_out=1 rA=0.179
p3-random c003 34/40 J=40.3 best=54.4 a_out=1 u_out=1 rA=0.179
p3-random c003 35/40 J=40.3 best=54.4 a_out=1 u_out=1 rA=0.179
p3-random c003 36/40 J=36.3 best=54.4 a_out=1 u_out=1 rA=0.179
p3-random c003 37/40 J=52.4 best=54.4 a_out=2 u_out=2 rA=0.177
p3-random c003 38/40 J=38.3 best=54.4 a_out=1 u_out=1 rA=0.184
p3-random c003 39/40 J=48.3 best=54.4 a_out=1 u_out=1 rA=0.179
p3-random c003 40/40 J=38.3 best=54.4 a_out=1 u_out=1 rA=0.181
== p3-random c004 (3/32) ==
p3-random c004 1/40 J=24.0 best=24.0 a_out=0 u_out=0 rA=0.202
p3-random c004 2/40 J=17.9 best=24.0 a_out=0 u_out=0 rA=0.204
p3-random c004 3/40 J=21.9 best=24.0 a_out=0 u_out=0 rA=0.204
p3-random c004 4/40 J=23.9 best=24.0 a_out=0 u_out=0 rA=0.207
p3-random c004 5/40 J=28.0 best=28.0 a_out=0 u_out=0 rA=0.201
p3-random c004 6/40 J=27.9 best=28.0 a_out=0 u_out=0 rA=0.206
p3-random c004 7/40 J=21.9 best=28.0 a_out=0 u_out=0 rA=0.205
p3-random c004 8/40 J=32.0 best=32.0 a_out=0 u_out=0 rA=0.201
p3-random c004 9/40 J=32.0 best=32.0 a_out=0 u_out=0 rA=0.201
p3-random c004 10/40 J=25.9 best=32.0 a_out=0 u_out=0 rA=0.207
p3-random c004 11/40 J=25.9 best=32.0 a_out=0 u_out=0 rA=0.204
p3-random c004 12/40 J=26.0 best=32.0 a_out=0 u_out=0 rA=0.200
p3-random c004 13/40 J=26.0 best=32.0 a_out=0 u_out=0 rA=0.199
p3-random c004 14/40 J=33.9 best=33.9 a_out=0 u_out=0 rA=0.204
p3-random c004 15/40 J=25.9 best=33.9 a_out=0 u_out=0 rA=0.206
p3-random c004 16/40 J=22.0 best=33.9 a_out=0 u_out=0 rA=0.201
p3-random c004 17/40 J=25.9 best=33.9 a_out=0 u_out=0 rA=0.206
p3-random c004 18/40 J=33.9 best=33.9 a_out=0 u_out=0 rA=0.204
p3-random c004 19/40 J=23.9 best=33.9 a_out=0 u_out=0 rA=0.207
p3-random c004 20/40 J=30.0 best=33.9 a_out=0 u_out=0 rA=0.203
p3-random c004 21/40 J=25.9 best=33.9 a_out=0 u_out=0 rA=0.206
p3-random c004 22/40 J=27.9 best=33.9 a_out=0 u_out=0 rA=0.205
p3-random c004 23/40 J=24.0 best=33.9 a_out=0 u_out=0 rA=0.203
p3-random c004 24/40 J=31.9 best=33.9 a_out=0 u_out=0 rA=0.205
p3-random c004 25/40 J=24.0 best=33.9 a_out=0 u_out=0 rA=0.202
p3-random c004 26/40 J=22.0 best=33.9 a_out=0 u_out=0 rA=0.201
p3-random c004 27/40 J=25.9 best=33.9 a_out=0 u_out=0 rA=0.203
p3-random c004 28/40 J=28.0 best=33.9 a_out=0 u_out=0 rA=0.202
p3-random c004 29/40 J=32.0 best=33.9 a_out=0 u_out=0 rA=0.202
p3-random c004 30/40 J=28.0 best=33.9 a_out=0 u_out=0 rA=0.203
p3-random c004 31/40 J=23.9 best=33.9 a_out=0 u_out=0 rA=0.205
p3-random c004 32/40 J=27.9 best=33.9 a_out=0 u_out=0 rA=0.203
p3-random c004 33/40 J=27.9 best=33.9 a_out=0 u_out=0 rA=0.203
p3-random c004 34/40 J=32.0 best=33.9 a_out=0 u_out=0 rA=0.202
p3-random c004 35/40 J=31.9 best=33.9 a_out=0 u_out=0 rA=0.203
p3-random c004 36/40 J=32.0 best=33.9 a_out=0 u_out=0 rA=0.199
p3-random c004 37/40 J=23.9 best=33.9 a_out=0 u_out=0 rA=0.206
p3-random c004 38/40 J=34.0 best=34.0 a_out=0 u_out=0 rA=0.201
p3-random c004 39/40 J=30.0 best=34.0 a_out=0 u_out=0 rA=0.203
p3-random c004 40/40 J=31.9 best=34.0 a_out=0 u_out=0 rA=0.207
== p3-random c005 (4/32) ==
p3-random c005 1/40 J=30.3 best=30.3 a_out=0 u_out=0 rA=0.180
p3-random c005 2/40 J=28.3 best=30.3 a_out=0 u_out=0 rA=0.179
p3-random c005 3/40 J=44.4 best=44.4 a_out=1 u_out=1 rA=0.178
p3-random c005 4/40 J=40.4 best=44.4 a_out=1 u_out=1 rA=0.177
p3-random c005 5/40 J=34.3 best=44.4 a_out=0 u_out=0 rA=0.179
p3-random c005 6/40 J=30.3 best=44.4 a_out=0 u_out=0 rA=0.179
p3-random c005 7/40 J=38.3 best=44.4 a_out=0 u_out=0 rA=0.179
p3-random c005 8/40 J=36.3 best=44.4 a_out=0 u_out=0 rA=0.180
p3-random c005 9/40 J=28.3 best=44.4 a_out=0 u_out=0 rA=0.180
p3-random c005 10/40 J=46.4 best=46.4 a_out=1 u_out=1 rA=0.177
p3-random c005 11/40 J=42.4 best=46.4 a_out=1 u_out=1 rA=0.177
p3-random c005 12/40 J=44.4 best=46.4 a_out=1 u_out=1 rA=0.176
p3-random c005 13/40 J=28.3 best=46.4 a_out=0 u_out=0 rA=0.181
p3-random c005 14/40 J=24.3 best=46.4 a_out=0 u_out=0 rA=0.182
p3-random c005 15/40 J=44.4 best=46.4 a_out=1 u_out=1 rA=0.178
p3-random c005 16/40 J=36.3 best=46.4 a_out=0 u_out=0 rA=0.180
p3-random c005 17/40 J=32.3 best=46.4 a_out=0 u_out=0 rA=0.179
p3-random c005 18/40 J=28.3 best=46.4 a_out=0 u_out=0 rA=0.181
p3-random c005 19/40 J=34.3 best=46.4 a_out=0 u_out=0 rA=0.180
p3-random c005 20/40 J=32.3 best=46.4 a_out=0 u_out=0 rA=0.180
p3-random c005 21/40 J=50.4 best=50.4 a_out=1 u_out=1 rA=0.178
p3-random c005 22/40 J=46.4 best=50.4 a_out=1 u_out=1 rA=0.177
p3-random c005 23/40 J=42.4 best=50.4 a_out=1 u_out=1 rA=0.176
p3-random c005 24/40 J=32.3 best=50.4 a_out=0 u_out=0 rA=0.183
p3-random c005 25/40 J=46.3 best=50.4 a_out=1 u_out=1 rA=0.178
p3-random c005 26/40 J=30.3 best=50.4 a_out=0 u_out=0 rA=0.181
p3-random c005 27/40 J=34.3 best=50.4 a_out=0 u_out=0 rA=0.180
p3-random c005 28/40 J=32.3 best=50.4 a_out=0 u_out=0 rA=0.183
p3-random c005 29/40 J=42.4 best=50.4 a_out=1 u_out=1 rA=0.178
p3-random c005 30/40 J=32.3 best=50.4 a_out=0 u_out=0 rA=0.181
p3-random c005 31/40 J=34.3 best=50.4 a_out=0 u_out=0 rA=0.179
p3-random c005 32/40 J=32.3 best=50.4 a_out=0 u_out=0 rA=0.179
p3-random c005 33/40 J=38.3 best=50.4 a_out=0 u_out=0 rA=0.180
p3-random c005 34/40 J=44.4 best=50.4 a_out=1 u_out=1 rA=0.177
p3-random c005 35/40 J=38.4 best=50.4 a_out=1 u_out=1 rA=0.176
p3-random c005 36/40 J=42.4 best=50.4 a_out=1 u_out=1 rA=0.178
p3-random c005 37/40 J=36.4 best=50.4 a_out=1 u_out=1 rA=0.178
p3-random c005 38/40 J=34.3 best=50.4 a_out=0 u_out=0 rA=0.179
p3-random c005 39/40 J=32.3 best=50.4 a_out=0 u_out=0 rA=0.180
p3-random c005 40/40 J=40.4 best=50.4 a_out=1 u_out=1 rA=0.178
== p3-random c006 (5/32) ==
p3-random c006 1/40 J=38.1 best=38.1 a_out=0 u_out=0 rA=0.194
p3-random c006 2/40 J=50.3 best=50.3 a_out=1 u_out=1 rA=0.184
p3-random c006 3/40 J=56.2 best=56.2 a_out=1 u_out=1 rA=0.186
p3-random c006 4/40 J=40.1 best=56.2 a_out=0 u_out=0 rA=0.193
p3-random c006 5/40 J=56.2 best=56.2 a_out=1 u_out=1 rA=0.188
p3-random c006 6/40 J=38.2 best=56.2 a_out=0 u_out=0 rA=0.189
p3-random c006 7/40 J=50.2 best=56.2 a_out=1 u_out=1 rA=0.187
p3-random c006 8/40 J=56.2 best=56.2 a_out=1 u_out=1 rA=0.186
p3-random c006 9/40 J=40.1 best=56.2 a_out=0 u_out=0 rA=0.191
p3-random c006 10/40 J=38.2 best=56.2 a_out=0 u_out=0 rA=0.190
p3-random c006 11/40 J=36.1 best=56.2 a_out=0 u_out=0 rA=0.191
p3-random c006 12/40 J=38.2 best=56.2 a_out=0 u_out=0 rA=0.189
p3-random c006 13/40 J=36.1 best=56.2 a_out=0 u_out=0 rA=0.192
p3-random c006 14/40 J=48.2 best=56.2 a_out=1 u_out=1 rA=0.186
p3-random c006 15/40 J=40.1 best=56.2 a_out=0 u_out=0 rA=0.191
p3-random c006 16/40 J=38.1 best=56.2 a_out=0 u_out=0 rA=0.191
p3-random c006 17/40 J=56.2 best=56.2 a_out=1 u_out=1 rA=0.187
p3-random c006 18/40 J=54.2 best=56.2 a_out=1 u_out=1 rA=0.188
p3-random c006 19/40 J=38.1 best=56.2 a_out=0 u_out=0 rA=0.192
p3-random c006 20/40 J=54.2 best=56.2 a_out=1 u_out=1 rA=0.188
p3-random c006 21/40 J=36.2 best=56.2 a_out=0 u_out=0 rA=0.190
p3-random c006 22/40 J=50.2 best=56.2 a_out=1 u_out=1 rA=0.187
p3-random c006 23/40 J=40.2 best=56.2 a_out=0 u_out=0 rA=0.190
p3-random c006 24/40 J=54.2 best=56.2 a_out=1 u_out=1 rA=0.186
p3-random c006 25/40 J=34.2 best=56.2 a_out=0 u_out=0 rA=0.190
p3-random c006 26/40 J=38.2 best=56.2 a_out=0 u_out=0 rA=0.190
p3-random c006 27/40 J=38.2 best=56.2 a_out=0 u_out=0 rA=0.190
p3-random c006 28/40 J=48.2 best=56.2 a_out=1 u_out=1 rA=0.187
p3-random c006 29/40 J=36.2 best=56.2 a_out=0 u_out=0 rA=0.190
p3-random c006 30/40 J=38.1 best=56.2 a_out=0 u_out=0 rA=0.194
p3-random c006 31/40 J=36.2 best=56.2 a_out=0 u_out=0 rA=0.190
p3-random c006 32/40 J=50.2 best=56.2 a_out=1 u_out=1 rA=0.185
p3-random c006 33/40 J=38.2 best=56.2 a_out=0 u_out=0 rA=0.190
p3-random c006 34/40 J=38.2 best=56.2 a_out=0 u_out=0 rA=0.189
p3-random c006 35/40 J=34.1 best=56.2 a_out=0 u_out=0 rA=0.191
p3-random c006 36/40 J=36.1 best=56.2 a_out=0 u_out=0 rA=0.191
p3-random c006 37/40 J=40.2 best=56.2 a_out=0 u_out=0 rA=0.189
p3-random c006 38/40 J=34.2 best=56.2 a_out=0 u_out=0 rA=0.189
p3-random c006 39/40 J=36.2 best=56.2 a_out=0 u_out=0 rA=0.190
p3-random c006 40/40 J=54.2 best=56.2 a_out=1 u_out=1 rA=0.187
== p3-random c007 (6/32) ==
p3-random c007 1/40 J=30.1 best=30.1 a_out=0 u_out=0 rA=0.193
p3-random c007 2/40 J=30.2 best=30.2 a_out=0 u_out=0 rA=0.188
p3-random c007 3/40 J=32.2 best=32.2 a_out=0 u_out=0 rA=0.187
p3-random c007 4/40 J=48.3 best=48.3 a_out=1 u_out=1 rA=0.184
p3-random c007 5/40 J=34.1 best=48.3 a_out=0 u_out=0 rA=0.191
p3-random c007 6/40 J=32.2 best=48.3 a_out=0 u_out=0 rA=0.187
p3-random c007 7/40 J=50.2 best=50.2 a_out=1 u_out=1 rA=0.186
p3-random c007 8/40 J=50.3 best=50.3 a_out=1 u_out=1 rA=0.183
p3-random c007 9/40 J=32.1 best=50.3 a_out=0 u_out=0 rA=0.193
p3-random c007 10/40 J=44.2 best=50.3 a_out=1 u_out=1 rA=0.186
p3-random c007 11/40 J=34.2 best=50.3 a_out=0 u_out=0 rA=0.187
p3-random c007 12/40 J=40.2 best=50.3 a_out=0 u_out=0 rA=0.187
p3-random c007 13/40 J=40.1 best=50.3 a_out=0 u_out=0 rA=0.193
p3-random c007 14/40 J=50.3 best=50.3 a_out=1 u_out=1 rA=0.183
p3-random c007 15/40 J=58.2 best=58.2 a_out=1 u_out=1 rA=0.186
p3-random c007 16/40 J=46.3 best=58.2 a_out=1 u_out=1 rA=0.183
p3-random c007 17/40 J=34.2 best=58.2 a_out=0 u_out=0 rA=0.188
p3-random c007 18/40 J=48.2 best=58.2 a_out=1 u_out=1 rA=0.186
p3-random c007 19/40 J=36.2 best=58.2 a_out=0 u_out=0 rA=0.188
p3-random c007 20/40 J=46.3 best=58.2 a_out=1 u_out=1 rA=0.182
p3-random c007 21/40 J=52.2 best=58.2 a_out=1 u_out=1 rA=0.185
p3-random c007 22/40 J=36.2 best=58.2 a_out=0 u_out=0 rA=0.187
p3-random c007 23/40 J=52.2 best=58.2 a_out=1 u_out=1 rA=0.186
p3-random c007 24/40 J=38.2 best=58.2 a_out=0 u_out=0 rA=0.188
p3-random c007 25/40 J=30.2 best=58.2 a_out=0 u_out=0 rA=0.187
p3-random c007 26/40 J=30.2 best=58.2 a_out=0 u_out=0 rA=0.188
p3-random c007 27/40 J=36.2 best=58.2 a_out=0 u_out=0 rA=0.188
p3-random c007 28/40 J=32.2 best=58.2 a_out=0 u_out=0 rA=0.187
p3-random c007 29/40 J=30.2 best=58.2 a_out=0 u_out=0 rA=0.187
p3-random c007 30/40 J=52.2 best=58.2 a_out=1 u_out=1 rA=0.186
p3-random c007 31/40 J=34.2 best=58.2 a_out=0 u_out=0 rA=0.188
p3-random c007 32/40 J=32.2 best=58.2 a_out=0 u_out=0 rA=0.189
p3-random c007 33/40 J=40.1 best=58.2 a_out=0 u_out=0 rA=0.192
p3-random c007 34/40 J=50.2 best=58.2 a_out=1 u_out=1 rA=0.185
p3-random c007 35/40 J=48.2 best=58.2 a_out=1 u_out=1 rA=0.185
p3-random c007 36/40 J=46.2 best=58.2 a_out=1 u_out=1 rA=0.186
p3-random c007 37/40 J=36.1 best=58.2 a_out=0 u_out=0 rA=0.192
p3-random c007 38/40 J=36.2 best=58.2 a_out=0 u_out=0 rA=0.188
p3-random c007 39/40 J=36.2 best=58.2 a_out=0 u_out=0 rA=0.187
p3-random c007 40/40 J=34.1 best=58.2 a_out=0 u_out=0 rA=0.191
== p3-random c008 (7/32) ==
p3-random c008 1/40 J=50.9 best=50.9 a_out=1 u_out=1 rA=0.145
p3-random c008 2/40 J=32.8 best=50.9 a_out=0 u_out=0 rA=0.151
p3-random c008 3/40 J=42.9 best=50.9 a_out=1 u_out=1 rA=0.144
p3-random c008 4/40 J=46.9 best=50.9 a_out=1 u_out=1 rA=0.141
p3-random c008 5/40 J=44.9 best=50.9 a_out=1 u_out=1 rA=0.147
p3-random c008 6/40 J=51.0 best=51.0 a_out=1 u_out=1 rA=0.140
p3-random c008 7/40 J=28.8 best=51.0 a_out=0 u_out=0 rA=0.147
p3-random c008 8/40 J=48.9 best=51.0 a_out=1 u_out=1 rA=0.146
p3-random c008 9/40 J=48.9 best=51.0 a_out=1 u_out=1 rA=0.142
p3-random c008 10/40 J=52.9 best=52.9 a_out=1 u_out=1 rA=0.142
p3-random c008 11/40 J=32.8 best=52.9 a_out=0 u_out=0 rA=0.147
p3-random c008 12/40 J=42.8 best=52.9 a_out=0 u_out=0 rA=0.149
p3-random c008 13/40 J=44.9 best=52.9 a_out=1 u_out=1 rA=0.145
p3-random c008 14/40 J=36.8 best=52.9 a_out=0 u_out=0 rA=0.149
p3-random c008 15/40 J=36.8 best=52.9 a_out=0 u_out=0 rA=0.149
p3-random c008 16/40 J=42.9 best=52.9 a_out=1 u_out=1 rA=0.145
p3-random c008 17/40 J=44.9 best=52.9 a_out=1 u_out=1 rA=0.146
p3-random c008 18/40 J=40.9 best=52.9 a_out=1 u_out=1 rA=0.144
p3-random c008 19/40 J=44.9 best=52.9 a_out=1 u_out=1 rA=0.143
p3-random c008 20/40 J=32.8 best=52.9 a_out=0 u_out=0 rA=0.147
p3-random c008 21/40 J=38.9 best=52.9 a_out=0 u_out=0 rA=0.147
p3-random c008 22/40 J=50.9 best=52.9 a_out=1 u_out=1 rA=0.144
p3-random c008 23/40 J=38.8 best=52.9 a_out=0 u_out=0 rA=0.149
p3-random c008 24/40 J=48.9 best=52.9 a_out=1 u_out=1 rA=0.141
p3-random c008 25/40 J=36.8 best=52.9 a_out=0 u_out=0 rA=0.148
p3-random c008 26/40 J=48.9 best=52.9 a_out=1 u_out=1 rA=0.145
p3-random c008 27/40 J=40.8 best=52.9 a_out=0 u_out=0 rA=0.148
p3-random c008 28/40 J=44.9 best=52.9 a_out=1 u_out=1 rA=0.146
p3-random c008 29/40 J=50.9 best=52.9 a_out=1 u_out=1 rA=0.142
p3-random c008 30/40 J=42.9 best=52.9 a_out=1 u_out=1 rA=0.146
p3-random c008 31/40 J=50.9 best=52.9 a_out=1 u_out=1 rA=0.147
p3-random c008 32/40 J=46.9 best=52.9 a_out=1 u_out=1 rA=0.146
p3-random c008 33/40 J=36.8 best=52.9 a_out=0 u_out=0 rA=0.147
p3-random c008 34/40 J=44.9 best=52.9 a_out=1 u_out=1 rA=0.145
p3-random c008 35/40 J=34.8 best=52.9 a_out=0 u_out=0 rA=0.147
p3-random c008 36/40 J=32.8 best=52.9 a_out=0 u_out=0 rA=0.147
p3-random c008 37/40 J=50.9 best=52.9 a_out=1 u_out=1 rA=0.146
p3-random c008 38/40 J=36.8 best=52.9 a_out=0 u_out=0 rA=0.149
p3-random c008 39/40 J=32.8 best=52.9 a_out=0 u_out=0 rA=0.148
p3-random c008 40/40 J=40.8 best=52.9 a_out=0 u_out=0 rA=0.153
== p3-random c009 (8/32) ==
p3-random c009 1/40 J=42.2 best=42.2 a_out=1 u_out=1 rA=0.185
p3-random c009 2/40 J=42.2 best=42.2 a_out=1 u_out=1 rA=0.188
p3-random c009 3/40 J=40.2 best=42.2 a_out=1 u_out=1 rA=0.188
p3-random c009 4/40 J=42.2 best=42.2 a_out=1 u_out=1 rA=0.185
p3-random c009 5/40 J=30.2 best=42.2 a_out=0 u_out=0 rA=0.189
p3-random c009 6/40 J=46.2 best=46.2 a_out=1 u_out=1 rA=0.187
p3-random c009 7/40 J=44.3 best=46.2 a_out=1 u_out=1 rA=0.183
p3-random c009 8/40 J=42.2 best=46.2 a_out=1 u_out=1 rA=0.185
p3-random c009 9/40 J=46.2 best=46.2 a_out=1 u_out=1 rA=0.188
p3-random c009 10/40 J=40.2 best=46.2 a_out=1 u_out=1 rA=0.187
p3-random c009 11/40 J=42.2 best=46.2 a_out=1 u_out=1 rA=0.187
p3-random c009 12/40 J=40.2 best=46.2 a_out=1 u_out=1 rA=0.186
p3-random c009 13/40 J=32.2 best=46.2 a_out=0 u_out=0 rA=0.190
p3-random c009 14/40 J=44.2 best=46.2 a_out=1 u_out=1 rA=0.187
p3-random c009 15/40 J=44.2 best=46.2 a_out=1 u_out=1 rA=0.186
p3-random c009 16/40 J=42.2 best=46.2 a_out=1 u_out=1 rA=0.187
p3-random c009 17/40 J=42.2 best=46.2 a_out=1 u_out=1 rA=0.185
p3-random c009 18/40 J=40.2 best=46.2 a_out=1 u_out=1 rA=0.187
p3-random c009 19/40 J=40.2 best=46.2 a_out=1 u_out=1 rA=0.185
p3-random c009 20/40 J=44.2 best=46.2 a_out=1 u_out=1 rA=0.187
p3-random c009 21/40 J=56.3 best=56.3 a_out=2 u_out=2 rA=0.180
p3-random c009 22/40 J=46.2 best=56.3 a_out=1 u_out=1 rA=0.187
p3-random c009 23/40 J=28.2 best=56.3 a_out=0 u_out=0 rA=0.189
p3-random c009 24/40 J=48.2 best=56.3 a_out=1 u_out=1 rA=0.185
p3-random c009 25/40 J=46.3 best=56.3 a_out=1 u_out=1 rA=0.183
p3-random c009 26/40 J=24.1 best=56.3 a_out=0 u_out=0 rA=0.191
p3-random c009 27/40 J=42.2 best=56.3 a_out=1 u_out=1 rA=0.187
p3-random c009 28/40 J=38.2 best=56.3 a_out=1 u_out=1 rA=0.186
p3-random c009 29/40 J=42.3 best=56.3 a_out=1 u_out=1 rA=0.184
p3-random c009 30/40 J=44.2 best=56.3 a_out=1 u_out=1 rA=0.187
p3-random c009 31/40 J=42.2 best=56.3 a_out=1 u_out=1 rA=0.188
p3-random c009 32/40 J=30.2 best=56.3 a_out=0 u_out=0 rA=0.189
p3-random c009 33/40 J=46.2 best=56.3 a_out=1 u_out=1 rA=0.185
p3-random c009 34/40 J=36.2 best=56.3 a_out=0 u_out=0 rA=0.189
p3-random c009 35/40 J=40.2 best=56.3 a_out=1 u_out=1 rA=0.188
p3-random c009 36/40 J=42.2 best=56.3 a_out=1 u_out=1 rA=0.188
p3-random c009 37/40 J=30.2 best=56.3 a_out=0 u_out=0 rA=0.189
p3-random c009 38/40 J=26.1 best=56.3 a_out=0 u_out=0 rA=0.191
p3-random c009 39/40 J=40.2 best=56.3 a_out=1 u_out=1 rA=0.188
p3-random c009 40/40 J=44.2 best=56.3 a_out=1 u_out=1 rA=0.188
== p3-random c011 (9/32) ==
p3-random c011 1/40 J=22.2 best=22.2 a_out=0 u_out=0 rA=0.187
p3-random c011 2/40 J=20.2 best=22.2 a_out=0 u_out=0 rA=0.189
p3-random c011 3/40 J=26.2 best=26.2 a_out=0 u_out=0 rA=0.186
p3-random c011 4/40 J=36.3 best=36.3 a_out=1 u_out=1 rA=0.183
p3-random c011 5/40 J=24.2 best=36.3 a_out=0 u_out=0 rA=0.186
p3-random c011 6/40 J=20.2 best=36.3 a_out=0 u_out=0 rA=0.187
p3-random c011 7/40 J=26.2 best=36.3 a_out=0 u_out=0 rA=0.188
p3-random c011 8/40 J=20.2 best=36.3 a_out=0 u_out=0 rA=0.187
p3-random c011 9/40 J=24.2 best=36.3 a_out=0 u_out=0 rA=0.187
p3-random c011 10/40 J=28.2 best=36.3 a_out=0 u_out=0 rA=0.186
p3-random c011 11/40 J=22.2 best=36.3 a_out=0 u_out=0 rA=0.187
p3-random c011 12/40 J=22.2 best=36.3 a_out=0 u_out=0 rA=0.186
p3-random c011 13/40 J=20.2 best=36.3 a_out=0 u_out=0 rA=0.186
p3-random c011 14/40 J=26.2 best=36.3 a_out=0 u_out=0 rA=0.187
p3-random c011 15/40 J=24.2 best=36.3 a_out=0 u_out=0 rA=0.185
p3-random c011 16/40 J=20.2 best=36.3 a_out=0 u_out=0 rA=0.186
p3-random c011 17/40 J=22.2 best=36.3 a_out=0 u_out=0 rA=0.187
p3-random c011 18/40 J=22.2 best=36.3 a_out=0 u_out=0 rA=0.187
p3-random c011 19/40 J=32.3 best=36.3 a_out=1 u_out=1 rA=0.182
p3-random c011 20/40 J=22.2 best=36.3 a_out=0 u_out=0 rA=0.185
p3-random c011 21/40 J=26.2 best=36.3 a_out=0 u_out=0 rA=0.188
p3-random c011 22/40 J=22.2 best=36.3 a_out=0 u_out=0 rA=0.188
p3-random c011 23/40 J=38.3 best=38.3 a_out=1 u_out=1 rA=0.183
p3-random c011 24/40 J=22.2 best=38.3 a_out=0 u_out=0 rA=0.186
p3-random c011 25/40 J=24.2 best=38.3 a_out=0 u_out=0 rA=0.189
p3-random c011 26/40 J=26.2 best=38.3 a_out=0 u_out=0 rA=0.185
p3-random c011 27/40 J=22.2 best=38.3 a_out=0 u_out=0 rA=0.186
p3-random c011 28/40 J=24.2 best=38.3 a_out=0 u_out=0 rA=0.187
p3-random c011 29/40 J=18.2 best=38.3 a_out=0 u_out=0 rA=0.188
p3-random c011 30/40 J=28.2 best=38.3 a_out=0 u_out=0 rA=0.186
p3-random c011 31/40 J=24.2 best=38.3 a_out=0 u_out=0 rA=0.187
p3-random c011 32/40 J=32.3 best=38.3 a_out=1 u_out=1 rA=0.183
p3-random c011 33/40 J=20.2 best=38.3 a_out=0 u_out=0 rA=0.189
p3-random c011 34/40 J=28.2 best=38.3 a_out=0 u_out=0 rA=0.185
p3-random c011 35/40 J=24.2 best=38.3 a_out=0 u_out=0 rA=0.184
p3-random c011 36/40 J=28.2 best=38.3 a_out=0 u_out=0 rA=0.188
p3-random c011 37/40 J=22.3 best=38.3 a_out=0 u_out=0 rA=0.184
p3-random c011 38/40 J=26.2 best=38.3 a_out=0 u_out=0 rA=0.185
p3-random c011 39/40 J=24.2 best=38.3 a_out=0 u_out=0 rA=0.185
p3-random c011 40/40 J=18.2 best=38.3 a_out=0 u_out=0 rA=0.190
== p3-random c012 (10/32) ==
p3-random c012 1/40 J=40.1 best=40.1 a_out=1 u_out=1 rA=0.194
p3-random c012 2/40 J=26.0 best=40.1 a_out=0 u_out=0 rA=0.199
p3-random c012 3/40 J=34.1 best=40.1 a_out=1 u_out=1 rA=0.195
p3-random c012 4/40 J=24.0 best=40.1 a_out=0 u_out=0 rA=0.201
p3-random c012 5/40 J=26.0 best=40.1 a_out=0 u_out=0 rA=0.199
p3-random c012 6/40 J=21.9 best=40.1 a_out=0 u_out=0 rA=0.204
p3-random c012 7/40 J=18.0 best=40.1 a_out=0 u_out=0 rA=0.199
p3-random c012 8/40 J=30.0 best=40.1 a_out=0 u_out=0 rA=0.201
p3-random c012 9/40 J=22.0 best=40.1 a_out=0 u_out=0 rA=0.198
p3-random c012 10/40 J=24.0 best=40.1 a_out=0 u_out=0 rA=0.198
p3-random c012 11/40 J=28.0 best=40.1 a_out=0 u_out=0 rA=0.198
p3-random c012 12/40 J=42.1 best=42.1 a_out=1 u_out=1 rA=0.193
p3-random c012 13/40 J=22.0 best=42.1 a_out=0 u_out=0 rA=0.197
p3-random c012 14/40 J=26.0 best=42.1 a_out=0 u_out=0 rA=0.197
p3-random c012 15/40 J=38.1 best=42.1 a_out=1 u_out=1 rA=0.194
p3-random c012 16/40 J=26.0 best=42.1 a_out=0 u_out=0 rA=0.200
p3-random c012 17/40 J=20.0 best=42.1 a_out=0 u_out=0 rA=0.199
p3-random c012 18/40 J=36.1 best=42.1 a_out=1 u_out=1 rA=0.196
p3-random c012 19/40 J=24.1 best=42.1 a_out=0 u_out=0 rA=0.197
p3-random c012 20/40 J=20.0 best=42.1 a_out=0 u_out=0 rA=0.200
p3-random c012 21/40 J=28.0 best=42.1 a_out=0 u_out=0 rA=0.198
p3-random c012 22/40 J=28.0 best=42.1 a_out=0 u_out=0 rA=0.201
p3-random c012 23/40 J=20.0 best=42.1 a_out=0 u_out=0 rA=0.199
p3-random c012 24/40 J=28.0 best=42.1 a_out=0 u_out=0 rA=0.198
p3-random c012 25/40 J=24.0 best=42.1 a_out=0 u_out=0 rA=0.201
p3-random c012 26/40 J=38.1 best=42.1 a_out=1 u_out=1 rA=0.194
p3-random c012 27/40 J=32.0 best=42.1 a_out=0 u_out=0 rA=0.199
p3-random c012 28/40 J=22.0 best=42.1 a_out=0 u_out=0 rA=0.198
p3-random c012 29/40 J=22.0 best=42.1 a_out=0 u_out=0 rA=0.200
p3-random c012 30/40 J=28.0 best=42.1 a_out=0 u_out=0 rA=0.197
p3-random c012 31/40 J=38.1 best=42.1 a_out=1 u_out=1 rA=0.194
p3-random c012 32/40 J=38.1 best=42.1 a_out=1 u_out=1 rA=0.196
p3-random c012 33/40 J=32.1 best=42.1 a_out=1 u_out=1 rA=0.196
p3-random c012 34/40 J=22.1 best=42.1 a_out=0 u_out=0 rA=0.196
p3-random c012 35/40 J=26.0 best=42.1 a_out=0 u_out=0 rA=0.202
p3-random c012 36/40 J=36.1 best=42.1 a_out=1 u_out=1 rA=0.194
p3-random c012 37/40 J=20.0 best=42.1 a_out=0 u_out=0 rA=0.197
p3-random c012 38/40 J=28.0 best=42.1 a_out=0 u_out=0 rA=0.198
p3-random c012 39/40 J=20.0 best=42.1 a_out=0 u_out=0 rA=0.198
p3-random c012 40/40 J=24.0 best=42.1 a_out=0 u_out=0 rA=0.197
== p3-random c013 (11/32) ==
p3-random c013 1/40 J=14.3 best=14.3 a_out=0 u_out=0 rA=0.178
p3-random c013 2/40 J=24.3 best=24.3 a_out=0 u_out=0 rA=0.179
p3-random c013 3/40 J=22.3 best=24.3 a_out=0 u_out=0 rA=0.183
p3-random c013 4/40 J=20.3 best=24.3 a_out=0 u_out=0 rA=0.182
p3-random c013 5/40 J=20.3 best=24.3 a_out=0 u_out=0 rA=0.183
p3-random c013 6/40 J=22.3 best=24.3 a_out=0 u_out=0 rA=0.181
p3-random c013 7/40 J=24.3 best=24.3 a_out=0 u_out=0 rA=0.181
p3-random c013 8/40 J=18.3 best=24.3 a_out=0 u_out=0 rA=0.182
p3-random c013 9/40 J=20.3 best=24.3 a_out=0 u_out=0 rA=0.183
p3-random c013 10/40 J=22.3 best=24.3 a_out=0 u_out=0 rA=0.181
p3-random c013 11/40 J=16.3 best=24.3 a_out=0 u_out=0 rA=0.181
p3-random c013 12/40 J=14.3 best=24.3 a_out=0 u_out=0 rA=0.180
p3-random c013 13/40 J=22.4 best=24.3 a_out=0 u_out=0 rA=0.177
p3-random c013 14/40 J=24.3 best=24.3 a_out=0 u_out=0 rA=0.180
p3-random c013 15/40 J=16.3 best=24.3 a_out=0 u_out=0 rA=0.183
p3-random c013 16/40 J=20.4 best=24.3 a_out=0 u_out=0 rA=0.178
p3-random c013 17/40 J=26.3 best=26.3 a_out=0 u_out=0 rA=0.180
p3-random c013 18/40 J=20.3 best=26.3 a_out=0 u_out=0 rA=0.179
p3-random c013 19/40 J=18.3 best=26.3 a_out=0 u_out=0 rA=0.183
p3-random c013 20/40 J=22.4 best=26.3 a_out=0 u_out=0 rA=0.178
p3-random c013 21/40 J=12.3 best=26.3 a_out=0 u_out=0 rA=0.181
p3-random c013 22/40 J=14.2 best=26.3 a_out=0 u_out=0 rA=0.185
p3-random c013 23/40 J=20.3 best=26.3 a_out=0 u_out=0 rA=0.181
p3-random c013 24/40 J=28.3 best=28.3 a_out=0 u_out=0 rA=0.181
p3-random c013 25/40 J=18.3 best=28.3 a_out=0 u_out=0 rA=0.182
p3-random c013 26/40 J=22.3 best=28.3 a_out=0 u_out=0 rA=0.182
p3-random c013 27/40 J=22.3 best=28.3 a_out=0 u_out=0 rA=0.183
p3-random c013 28/40 J=14.3 best=28.3 a_out=0 u_out=0 rA=0.181
p3-random c013 29/40 J=18.3 best=28.3 a_out=0 u_out=0 rA=0.180
p3-random c013 30/40 J=20.3 best=28.3 a_out=0 u_out=0 rA=0.181
p3-random c013 31/40 J=20.3 best=28.3 a_out=0 u_out=0 rA=0.180
p3-random c013 32/40 J=20.3 best=28.3 a_out=0 u_out=0 rA=0.182
p3-random c013 33/40 J=20.3 best=28.3 a_out=0 u_out=0 rA=0.182
p3-random c013 34/40 J=16.3 best=28.3 a_out=0 u_out=0 rA=0.178
p3-random c013 35/40 J=22.3 best=28.3 a_out=0 u_out=0 rA=0.183
p3-random c013 36/40 J=18.3 best=28.3 a_out=0 u_out=0 rA=0.180
p3-random c013 37/40 J=16.3 best=28.3 a_out=0 u_out=0 rA=0.181
p3-random c013 38/40 J=20.3 best=28.3 a_out=0 u_out=0 rA=0.181
p3-random c013 39/40 J=20.3 best=28.3 a_out=0 u_out=0 rA=0.180
p3-random c013 40/40 J=16.3 best=28.3 a_out=0 u_out=0 rA=0.183
== p3-random c015 (12/32) ==
p3-random c015 1/40 J=22.3 best=22.3 a_out=0 u_out=0 rA=0.180
p3-random c015 2/40 J=32.4 best=32.4 a_out=0 u_out=0 rA=0.177
p3-random c015 3/40 J=28.4 best=32.4 a_out=0 u_out=0 rA=0.177
p3-random c015 4/40 J=32.4 best=32.4 a_out=0 u_out=0 rA=0.175
p3-random c015 5/40 J=30.4 best=32.4 a_out=0 u_out=0 rA=0.176
p3-random c015 6/40 J=32.4 best=32.4 a_out=0 u_out=0 rA=0.173
p3-random c015 7/40 J=24.4 best=32.4 a_out=0 u_out=0 rA=0.172
p3-random c015 8/40 J=30.4 best=32.4 a_out=0 u_out=0 rA=0.177
p3-random c015 9/40 J=30.4 best=32.4 a_out=0 u_out=0 rA=0.174
p3-random c015 10/40 J=26.4 best=32.4 a_out=0 u_out=0 rA=0.174
p3-random c015 11/40 J=26.4 best=32.4 a_out=0 u_out=0 rA=0.178
p3-random c015 12/40 J=30.4 best=32.4 a_out=0 u_out=0 rA=0.174
p3-random c015 13/40 J=36.4 best=36.4 a_out=0 u_out=0 rA=0.173
p3-random c015 14/40 J=32.3 best=36.4 a_out=0 u_out=0 rA=0.179
p3-random c015 15/40 J=30.4 best=36.4 a_out=0 u_out=0 rA=0.177
p3-random c015 16/40 J=30.4 best=36.4 a_out=0 u_out=0 rA=0.177
p3-random c015 17/40 J=32.4 best=36.4 a_out=0 u_out=0 rA=0.177
p3-random c015 18/40 J=42.5 best=42.5 a_out=1 u_out=1 rA=0.170
p3-random c015 19/40 J=32.3 best=42.5 a_out=0 u_out=0 rA=0.178
p3-random c015 20/40 J=24.4 best=42.5 a_out=0 u_out=0 rA=0.177
p3-random c015 21/40 J=26.4 best=42.5 a_out=0 u_out=0 rA=0.174
p3-random c015 22/40 J=32.4 best=42.5 a_out=0 u_out=0 rA=0.174
p3-random c015 23/40 J=30.4 best=42.5 a_out=0 u_out=0 rA=0.175
p3-random c015 24/40 J=22.4 best=42.5 a_out=0 u_out=0 rA=0.175
p3-random c015 25/40 J=28.3 best=42.5 a_out=0 u_out=0 rA=0.179
p3-random c015 26/40 J=32.4 best=42.5 a_out=0 u_out=0 rA=0.173
p3-random c015 27/40 J=26.4 best=42.5 a_out=0 u_out=0 rA=0.174
p3-random c015 28/40 J=30.4 best=42.5 a_out=0 u_out=0 rA=0.177
p3-random c015 29/40 J=32.4 best=42.5 a_out=0 u_out=0 rA=0.176
p3-random c015 30/40 J=28.4 best=42.5 a_out=0 u_out=0 rA=0.177
p3-random c015 31/40 J=34.4 best=42.5 a_out=0 u_out=0 rA=0.175
p3-random c015 32/40 J=24.4 best=42.5 a_out=0 u_out=0 rA=0.176
p3-random c015 33/40 J=26.4 best=42.5 a_out=0 u_out=0 rA=0.175
p3-random c015 34/40 J=30.4 best=42.5 a_out=0 u_out=0 rA=0.175
p3-random c015 35/40 J=36.5 best=42.5 a_out=0 u_out=0 rA=0.172
p3-random c015 36/40 J=24.4 best=42.5 a_out=0 u_out=0 rA=0.176
p3-random c015 37/40 J=34.4 best=42.5 a_out=0 u_out=0 rA=0.178
p3-random c015 38/40 J=34.4 best=42.5 a_out=0 u_out=0 rA=0.174
p3-random c015 39/40 J=28.4 best=42.5 a_out=0 u_out=0 rA=0.172
p3-random c015 40/40 J=32.4 best=42.5 a_out=0 u_out=0 rA=0.176
== p3-random c016 (13/32) ==
p3-random c016 1/40 J=28.2 best=28.2 a_out=0 u_out=0 rA=0.189
p3-random c016 2/40 J=22.2 best=28.2 a_out=0 u_out=0 rA=0.187
p3-random c016 3/40 J=26.2 best=28.2 a_out=0 u_out=0 rA=0.190
p3-random c016 4/40 J=26.2 best=28.2 a_out=0 u_out=0 rA=0.187
p3-random c016 5/40 J=24.2 best=28.2 a_out=0 u_out=0 rA=0.190
p3-random c016 6/40 J=18.2 best=28.2 a_out=0 u_out=0 rA=0.190
p3-random c016 7/40 J=28.2 best=28.2 a_out=0 u_out=0 rA=0.187
p3-random c016 8/40 J=30.2 best=30.2 a_out=0 u_out=0 rA=0.189
p3-random c016 9/40 J=24.2 best=30.2 a_out=0 u_out=0 rA=0.189
p3-random c016 10/40 J=26.1 best=30.2 a_out=0 u_out=0 rA=0.191
p3-random c016 11/40 J=26.2 best=30.2 a_out=0 u_out=0 rA=0.187
p3-random c016 12/40 J=24.2 best=30.2 a_out=0 u_out=0 rA=0.188
p3-random c016 13/40 J=20.2 best=30.2 a_out=0 u_out=0 rA=0.189
p3-random c016 14/40 J=24.2 best=30.2 a_out=0 u_out=0 rA=0.188
p3-random c016 15/40 J=26.2 best=30.2 a_out=0 u_out=0 rA=0.187
p3-random c016 16/40 J=20.2 best=30.2 a_out=0 u_out=0 rA=0.189
p3-random c016 17/40 J=30.2 best=30.2 a_out=0 u_out=0 rA=0.188
p3-random c016 18/40 J=30.2 best=30.2 a_out=0 u_out=0 rA=0.188
p3-random c016 19/40 J=28.1 best=30.2 a_out=0 u_out=0 rA=0.191
p3-random c016 20/40 J=24.2 best=30.2 a_out=0 u_out=0 rA=0.190
p3-random c016 21/40 J=26.1 best=30.2 a_out=0 u_out=0 rA=0.191
p3-random c016 22/40 J=28.2 best=30.2 a_out=0 u_out=0 rA=0.189
p3-random c016 23/40 J=22.2 best=30.2 a_out=0 u_out=0 rA=0.190
p3-random c016 24/40 J=24.2 best=30.2 a_out=0 u_out=0 rA=0.189
p3-random c016 25/40 J=32.2 best=32.2 a_out=0 u_out=0 rA=0.189
p3-random c016 26/40 J=26.1 best=32.2 a_out=0 u_out=0 rA=0.192
p3-random c016 27/40 J=26.2 best=32.2 a_out=0 u_out=0 rA=0.187
p3-random c016 28/40 J=28.1 best=32.2 a_out=0 u_out=0 rA=0.193
p3-random c016 29/40 J=26.2 best=32.2 a_out=0 u_out=0 rA=0.187
p3-random c016 30/40 J=22.1 best=32.2 a_out=0 u_out=0 rA=0.193
p3-random c016 31/40 J=28.1 best=32.2 a_out=0 u_out=0 rA=0.193
p3-random c016 32/40 J=22.2 best=32.2 a_out=0 u_out=0 rA=0.190
p3-random c016 33/40 J=24.2 best=32.2 a_out=0 u_out=0 rA=0.188
p3-random c016 34/40 J=30.2 best=32.2 a_out=0 u_out=0 rA=0.190
p3-random c016 35/40 J=28.2 best=32.2 a_out=0 u_out=0 rA=0.189
p3-random c016 36/40 J=28.2 best=32.2 a_out=0 u_out=0 rA=0.187
p3-random c016 37/40 J=30.2 best=32.2 a_out=0 u_out=0 rA=0.186
p3-random c016 38/40 J=26.1 best=32.2 a_out=0 u_out=0 rA=0.191
p3-random c016 39/40 J=22.1 best=32.2 a_out=0 u_out=0 rA=0.194
p3-random c016 40/40 J=28.2 best=32.2 a_out=0 u_out=0 rA=0.187
== p3-random c018 (14/32) ==
p3-random c018 1/40 J=42.5 best=42.5 a_out=1 u_out=1 rA=0.166
p3-random c018 2/40 J=24.4 best=42.5 a_out=0 u_out=0 rA=0.174
p3-random c018 3/40 J=40.5 best=42.5 a_out=1 u_out=1 rA=0.166
p3-random c018 4/40 J=42.5 best=42.5 a_out=1 u_out=1 rA=0.168
p3-random c018 5/40 J=40.5 best=42.5 a_out=1 u_out=1 rA=0.169
p3-random c018 6/40 J=38.6 best=42.5 a_out=1 u_out=1 rA=0.165
p3-random c018 7/40 J=24.5 best=42.5 a_out=0 u_out=0 rA=0.172
p3-random c018 8/40 J=36.5 best=42.5 a_out=1 u_out=1 rA=0.170
p3-random c018 9/40 J=38.5 best=42.5 a_out=1 u_out=1 rA=0.171
p3-random c018 10/40 J=38.5 best=42.5 a_out=1 u_out=1 rA=0.166
p3-random c018 11/40 J=46.5 best=46.5 a_out=1 u_out=1 rA=0.166
p3-random c018 12/40 J=42.5 best=46.5 a_out=1 u_out=1 rA=0.169
p3-random c018 13/40 J=40.5 best=46.5 a_out=1 u_out=1 rA=0.169
p3-random c018 14/40 J=26.3 best=46.5 a_out=0 u_out=0 rA=0.178
p3-random c018 15/40 J=38.5 best=46.5 a_out=1 u_out=1 rA=0.167
p3-random c018 16/40 J=38.5 best=46.5 a_out=1 u_out=1 rA=0.170
p3-random c018 17/40 J=22.5 best=46.5 a_out=0 u_out=0 rA=0.172
p3-random c018 18/40 J=38.5 best=46.5 a_out=1 u_out=1 rA=0.170
p3-random c018 19/40 J=40.5 best=46.5 a_out=1 u_out=1 rA=0.170
p3-random c018 20/40 J=40.5 best=46.5 a_out=1 u_out=1 rA=0.167
p3-random c018 21/40 J=36.5 best=46.5 a_out=1 u_out=1 rA=0.170
p3-random c018 22/40 J=34.5 best=46.5 a_out=1 u_out=1 rA=0.170
p3-random c018 23/40 J=30.4 best=46.5 a_out=0 u_out=0 rA=0.175
p3-random c018 24/40 J=42.5 best=46.5 a_out=1 u_out=1 rA=0.169
p3-random c018 25/40 J=24.5 best=46.5 a_out=0 u_out=0 rA=0.171
p3-random c018 26/40 J=36.4 best=46.5 a_out=0 u_out=0 rA=0.173
p3-random c018 27/40 J=40.5 best=46.5 a_out=1 u_out=1 rA=0.171
p3-random c018 28/40 J=24.4 best=46.5 a_out=0 u_out=0 rA=0.172
p3-random c018 29/40 J=38.5 best=46.5 a_out=1 u_out=1 rA=0.167
p3-random c018 30/40 J=40.5 best=46.5 a_out=1 u_out=1 rA=0.168
p3-random c018 31/40 J=38.5 best=46.5 a_out=1 u_out=1 rA=0.168
p3-random c018 32/40 J=36.5 best=46.5 a_out=1 u_out=1 rA=0.167
p3-random c018 33/40 J=22.4 best=46.5 a_out=0 u_out=0 rA=0.173
p3-random c018 34/40 J=40.5 best=46.5 a_out=1 u_out=1 rA=0.169
p3-random c018 35/40 J=44.6 best=46.5 a_out=1 u_out=1 rA=0.164
p3-random c018 36/40 J=36.5 best=46.5 a_out=1 u_out=1 rA=0.170
p3-random c018 37/40 J=42.5 best=46.5 a_out=1 u_out=1 rA=0.168
p3-random c018 38/40 J=26.4 best=46.5 a_out=0 u_out=0 rA=0.172
p3-random c018 39/40 J=28.4 best=46.5 a_out=0 u_out=0 rA=0.172
p3-random c018 40/40 J=24.4 best=46.5 a_out=0 u_out=0 rA=0.175
== p3-random c020 (15/32) ==
p3-random c020 1/40 J=20.1 best=20.1 a_out=0 u_out=0 rA=0.191
p3-random c020 2/40 J=24.2 best=24.2 a_out=0 u_out=0 rA=0.189
p3-random c020 3/40 J=18.2 best=24.2 a_out=0 u_out=0 rA=0.190
p3-random c020 4/40 J=22.1 best=24.2 a_out=0 u_out=0 rA=0.192
p3-random c020 5/40 J=20.2 best=24.2 a_out=0 u_out=0 rA=0.191
p3-random c020 6/40 J=24.1 best=24.2 a_out=0 u_out=0 rA=0.195
p3-random c020 7/40 J=24.2 best=24.2 a_out=0 u_out=0 rA=0.189
p3-random c020 8/40 J=24.1 best=24.2 a_out=0 u_out=0 rA=0.194
p3-random c020 9/40 J=22.2 best=24.2 a_out=0 u_out=0 rA=0.189
p3-random c020 10/40 J=24.1 best=24.2 a_out=0 u_out=0 rA=0.194
p3-random c020 11/40 J=18.1 best=24.2 a_out=0 u_out=0 rA=0.192
p3-random c020 12/40 J=20.1 best=24.2 a_out=0 u_out=0 rA=0.193
p3-random c020 13/40 J=24.2 best=24.2 a_out=0 u_out=0 rA=0.190
p3-random c020 14/40 J=26.2 best=26.2 a_out=0 u_out=0 rA=0.190
p3-random c020 15/40 J=22.1 best=26.2 a_out=0 u_out=0 rA=0.193
p3-random c020 16/40 J=22.1 best=26.2 a_out=0 u_out=0 rA=0.191
p3-random c020 17/40 J=20.2 best=26.2 a_out=0 u_out=0 rA=0.190
p3-random c020 18/40 J=24.1 best=26.2 a_out=0 u_out=0 rA=0.192
p3-random c020 19/40 J=20.1 best=26.2 a_out=0 u_out=0 rA=0.193
p3-random c020 20/40 J=24.2 best=26.2 a_out=0 u_out=0 rA=0.190
p3-random c020 21/40 J=18.2 best=26.2 a_out=0 u_out=0 rA=0.189
p3-random c020 22/40 J=20.1 best=26.2 a_out=0 u_out=0 rA=0.193
p3-random c020 23/40 J=22.1 best=26.2 a_out=0 u_out=0 rA=0.191
p3-random c020 24/40 J=22.2 best=26.2 a_out=0 u_out=0 rA=0.189
p3-random c020 25/40 J=16.1 best=26.2 a_out=0 u_out=0 rA=0.191
p3-random c020 26/40 J=22.2 best=26.2 a_out=0 u_out=0 rA=0.190
p3-random c020 27/40 J=22.1 best=26.2 a_out=0 u_out=0 rA=0.194
p3-random c020 28/40 J=24.2 best=26.2 a_out=0 u_out=0 rA=0.188
p3-random c020 29/40 J=20.1 best=26.2 a_out=0 u_out=0 rA=0.191
p3-random c020 30/40 J=26.2 best=26.2 a_out=0 u_out=0 rA=0.190
p3-random c020 31/40 J=20.1 best=26.2 a_out=0 u_out=0 rA=0.194
p3-random c020 32/40 J=20.1 best=26.2 a_out=0 u_out=0 rA=0.194
p3-random c020 33/40 J=22.1 best=26.2 a_out=0 u_out=0 rA=0.191
p3-random c020 34/40 J=24.2 best=26.2 a_out=0 u_out=0 rA=0.190
p3-random c020 35/40 J=22.1 best=26.2 a_out=0 u_out=0 rA=0.194
p3-random c020 36/40 J=26.1 best=26.2 a_out=0 u_out=0 rA=0.193
p3-random c020 37/40 J=20.2 best=26.2 a_out=0 u_out=0 rA=0.190
p3-random c020 38/40 J=20.1 best=26.2 a_out=0 u_out=0 rA=0.193
p3-random c020 39/40 J=20.1 best=26.2 a_out=0 u_out=0 rA=0.194
p3-random c020 40/40 J=28.2 best=28.2 a_out=0 u_out=0 rA=0.188
== p3-random c021 (16/32) ==
p3-random c021 1/40 J=22.4 best=22.4 a_out=0 u_out=0 rA=0.174
p3-random c021 2/40 J=24.5 best=24.5 a_out=0 u_out=0 rA=0.170
p3-random c021 3/40 J=22.6 best=24.5 a_out=0 u_out=0 rA=0.165
p3-random c021 4/40 J=22.5 best=24.5 a_out=0 u_out=0 rA=0.169
p3-random c021 5/40 J=28.4 best=28.4 a_out=0 u_out=0 rA=0.172
p3-random c021 6/40 J=30.5 best=30.5 a_out=0 u_out=0 rA=0.171
p3-random c021 7/40 J=22.5 best=30.5 a_out=0 u_out=0 rA=0.170
p3-random c021 8/40 J=16.5 best=30.5 a_out=0 u_out=0 rA=0.169
p3-random c021 9/40 J=18.5 best=30.5 a_out=0 u_out=0 rA=0.167
p3-random c021 10/40 J=22.5 best=30.5 a_out=0 u_out=0 rA=0.169
p3-random c021 11/40 J=22.5 best=30.5 a_out=0 u_out=0 rA=0.171
p3-random c021 12/40 J=26.6 best=30.5 a_out=0 u_out=0 rA=0.166
p3-random c021 13/40 J=24.5 best=30.5 a_out=0 u_out=0 rA=0.170
p3-random c021 14/40 J=20.4 best=30.5 a_out=0 u_out=0 rA=0.172
p3-random c021 15/40 J=24.5 best=30.5 a_out=0 u_out=0 rA=0.170
p3-random c021 16/40 J=28.5 best=30.5 a_out=0 u_out=0 rA=0.167
p3-random c021 17/40 J=26.6 best=30.5 a_out=0 u_out=0 rA=0.163
p3-random c021 18/40 J=26.5 best=30.5 a_out=0 u_out=0 rA=0.168
p3-random c021 19/40 J=28.5 best=30.5 a_out=0 u_out=0 rA=0.169
p3-random c021 20/40 J=22.5 best=30.5 a_out=0 u_out=0 rA=0.169
p3-random c021 21/40 J=24.5 best=30.5 a_out=0 u_out=0 rA=0.167
p3-random c021 22/40 J=18.5 best=30.5 a_out=0 u_out=0 rA=0.167
p3-random c021 23/40 J=24.5 best=30.5 a_out=0 u_out=0 rA=0.167
p3-random c021 24/40 J=26.5 best=30.5 a_out=0 u_out=0 rA=0.171
p3-random c021 25/40 J=20.5 best=30.5 a_out=0 u_out=0 rA=0.169
p3-random c021 26/40 J=18.5 best=30.5 a_out=0 u_out=0 rA=0.168
p3-random c021 27/40 J=20.5 best=30.5 a_out=0 u_out=0 rA=0.170
p3-random c021 28/40 J=22.6 best=30.5 a_out=0 u_out=0 rA=0.165
p3-random c021 29/40 J=26.6 best=30.5 a_out=0 u_out=0 rA=0.164
p3-random c021 30/40 J=16.5 best=30.5 a_out=0 u_out=0 rA=0.169
p3-random c021 31/40 J=18.5 best=30.5 a_out=0 u_out=0 rA=0.169
p3-random c021 32/40 J=26.6 best=30.5 a_out=0 u_out=0 rA=0.165
p3-random c021 33/40 J=24.5 best=30.5 a_out=0 u_out=0 rA=0.168
p3-random c021 34/40 J=26.6 best=30.5 a_out=0 u_out=0 rA=0.165
p3-random c021 35/40 J=20.5 best=30.5 a_out=0 u_out=0 rA=0.170
p3-random c021 36/40 J=22.5 best=30.5 a_out=0 u_out=0 rA=0.171
p3-random c021 37/40 J=32.5 best=32.5 a_out=0 u_out=0 rA=0.169
p3-random c021 38/40 J=28.5 best=32.5 a_out=0 u_out=0 rA=0.166
p3-random c021 39/40 J=28.5 best=32.5 a_out=0 u_out=0 rA=0.169
p3-random c021 40/40 J=20.5 best=32.5 a_out=0 u_out=0 rA=0.172
== p3-random c022 (17/32) ==
p3-random c022 1/40 J=28.6 best=28.6 a_out=0 u_out=0 rA=0.162
p3-random c022 2/40 J=32.7 best=32.7 a_out=0 u_out=0 rA=0.157
p3-random c022 3/40 J=34.7 best=34.7 a_out=0 u_out=0 rA=0.157
p3-random c022 4/40 J=36.7 best=36.7 a_out=0 u_out=0 rA=0.156
p3-random c022 5/40 J=32.6 best=36.7 a_out=0 u_out=0 rA=0.160
p3-random c022 6/40 J=34.6 best=36.7 a_out=0 u_out=0 rA=0.162
p3-random c022 7/40 J=30.7 best=36.7 a_out=0 u_out=0 rA=0.158
p3-random c022 8/40 J=30.6 best=36.7 a_out=0 u_out=0 rA=0.160
p3-random c022 9/40 J=32.7 best=36.7 a_out=0 u_out=0 rA=0.159
p3-random c022 10/40 J=26.6 best=36.7 a_out=0 u_out=0 rA=0.161
p3-random c022 11/40 J=32.6 best=36.7 a_out=0 u_out=0 rA=0.162
p3-random c022 12/40 J=26.7 best=36.7 a_out=0 u_out=0 rA=0.159
p3-random c022 13/40 J=30.7 best=36.7 a_out=0 u_out=0 rA=0.157
p3-random c022 14/40 J=28.6 best=36.7 a_out=0 u_out=0 rA=0.160
p3-random c022 15/40 J=30.6 best=36.7 a_out=0 u_out=0 rA=0.160
p3-random c022 16/40 J=30.7 best=36.7 a_out=0 u_out=0 rA=0.157
p3-random c022 17/40 J=28.7 best=36.7 a_out=0 u_out=0 rA=0.159
p3-random c022 18/40 J=32.6 best=36.7 a_out=0 u_out=0 rA=0.161
p3-random c022 19/40 J=38.7 best=38.7 a_out=0 u_out=0 rA=0.157
p3-random c022 20/40 J=28.7 best=38.7 a_out=0 u_out=0 rA=0.157
p3-random c022 21/40 J=36.7 best=38.7 a_out=0 u_out=0 rA=0.158
p3-random c022 22/40 J=32.7 best=38.7 a_out=0 u_out=0 rA=0.159
p3-random c022 23/40 J=30.7 best=38.7 a_out=0 u_out=0 rA=0.157
p3-random c022 24/40 J=32.7 best=38.7 a_out=0 u_out=0 rA=0.156
p3-random c022 25/40 J=26.6 best=38.7 a_out=0 u_out=0 rA=0.161
p3-random c022 26/40 J=30.7 best=38.7 a_out=0 u_out=0 rA=0.158
p3-random c022 27/40 J=26.6 best=38.7 a_out=0 u_out=0 rA=0.161
p3-random c022 28/40 J=30.6 best=38.7 a_out=0 u_out=0 rA=0.162
p3-random c022 29/40 J=26.6 best=38.7 a_out=0 u_out=0 rA=0.160
p3-random c022 30/40 J=32.6 best=38.7 a_out=0 u_out=0 rA=0.161
p3-random c022 31/40 J=28.6 best=38.7 a_out=0 u_out=0 rA=0.159
p3-random c022 32/40 J=28.7 best=38.7 a_out=0 u_out=0 rA=0.158
p3-random c022 33/40 J=32.6 best=38.7 a_out=0 u_out=0 rA=0.160
p3-random c022 34/40 J=26.7 best=38.7 a_out=0 u_out=0 rA=0.159
p3-random c022 35/40 J=26.7 best=38.7 a_out=0 u_out=0 rA=0.159
p3-random c022 36/40 J=32.6 best=38.7 a_out=0 u_out=0 rA=0.162
p3-random c022 37/40 J=24.7 best=38.7 a_out=0 u_out=0 rA=0.158
p3-random c022 38/40 J=30.6 best=38.7 a_out=0 u_out=0 rA=0.160
p3-random c022 39/40 J=30.7 best=38.7 a_out=0 u_out=0 rA=0.159
p3-random c022 40/40 J=26.6 best=38.7 a_out=0 u_out=0 rA=0.162
== p3-random c023 (18/32) ==
p3-random c023 1/40 J=24.2 best=24.2 a_out=0 u_out=0 rA=0.186
p3-random c023 2/40 J=14.2 best=24.2 a_out=0 u_out=0 rA=0.185
p3-random c023 3/40 J=18.2 best=24.2 a_out=0 u_out=0 rA=0.188
p3-random c023 4/40 J=18.2 best=24.2 a_out=0 u_out=0 rA=0.191
p3-random c023 5/40 J=16.2 best=24.2 a_out=0 u_out=0 rA=0.185
p3-random c023 6/40 J=16.3 best=24.2 a_out=0 u_out=0 rA=0.183
p3-random c023 7/40 J=20.2 best=24.2 a_out=0 u_out=0 rA=0.188
p3-random c023 8/40 J=18.2 best=24.2 a_out=0 u_out=0 rA=0.188
p3-random c023 9/40 J=18.3 best=24.2 a_out=0 u_out=0 rA=0.184
p3-random c023 10/40 J=12.2 best=24.2 a_out=0 u_out=0 rA=0.188
p3-random c023 11/40 J=24.2 best=24.2 a_out=0 u_out=0 rA=0.186
p3-random c023 12/40 J=16.2 best=24.2 a_out=0 u_out=0 rA=0.186
p3-random c023 13/40 J=20.2 best=24.2 a_out=0 u_out=0 rA=0.187
p3-random c023 14/40 J=22.2 best=24.2 a_out=0 u_out=0 rA=0.188
p3-random c023 15/40 J=14.2 best=24.2 a_out=0 u_out=0 rA=0.189
p3-random c023 16/40 J=14.3 best=24.2 a_out=0 u_out=0 rA=0.183
p3-random c023 17/40 J=18.2 best=24.2 a_out=0 u_out=0 rA=0.186
p3-random c023 18/40 J=18.2 best=24.2 a_out=0 u_out=0 rA=0.191
p3-random c023 19/40 J=14.2 best=24.2 a_out=0 u_out=0 rA=0.188
p3-random c023 20/40 J=20.2 best=24.2 a_out=0 u_out=0 rA=0.186
p3-random c023 21/40 J=18.2 best=24.2 a_out=0 u_out=0 rA=0.187
p3-random c023 22/40 J=22.2 best=24.2 a_out=0 u_out=0 rA=0.185
p3-random c023 23/40 J=24.2 best=24.2 a_out=0 u_out=0 rA=0.185
p3-random c023 24/40 J=10.2 best=24.2 a_out=0 u_out=0 rA=0.187
p3-random c023 25/40 J=16.2 best=24.2 a_out=0 u_out=0 rA=0.187
p3-random c023 26/40 J=14.2 best=24.2 a_out=0 u_out=0 rA=0.190
p3-random c023 27/40 J=22.2 best=24.2 a_out=0 u_out=0 rA=0.186
p3-random c023 28/40 J=20.2 best=24.2 a_out=0 u_out=0 rA=0.189
p3-random c023 29/40 J=16.3 best=24.2 a_out=0 u_out=0 rA=0.184
p3-random c023 30/40 J=18.2 best=24.2 a_out=0 u_out=0 rA=0.188
p3-random c023 31/40 J=20.2 best=24.2 a_out=0 u_out=0 rA=0.187
p3-random c023 32/40 J=18.2 best=24.2 a_out=0 u_out=0 rA=0.185
p3-random c023 33/40 J=16.2 best=24.2 a_out=0 u_out=0 rA=0.186
p3-random c023 34/40 J=18.2 best=24.2 a_out=0 u_out=0 rA=0.185
p3-random c023 35/40 J=18.2 best=24.2 a_out=0 u_out=0 rA=0.185
p3-random c023 36/40 J=18.2 best=24.2 a_out=0 u_out=0 rA=0.188
p3-random c023 37/40 J=20.2 best=24.2 a_out=0 u_out=0 rA=0.190
p3-random c023 38/40 J=18.2 best=24.2 a_out=0 u_out=0 rA=0.188
p3-random c023 39/40 J=16.2 best=24.2 a_out=0 u_out=0 rA=0.190
p3-random c023 40/40 J=18.2 best=24.2 a_out=0 u_out=0 rA=0.187
== p3-random c025 (19/32) ==
p3-random c025 1/40 J=26.1 best=26.1 a_out=0 u_out=0 rA=0.196
p3-random c025 2/40 J=24.1 best=26.1 a_out=0 u_out=0 rA=0.194
p3-random c025 3/40 J=28.1 best=28.1 a_out=0 u_out=0 rA=0.196
p3-random c025 4/40 J=22.1 best=28.1 a_out=0 u_out=0 rA=0.191
p3-random c025 5/40 J=26.1 best=28.1 a_out=0 u_out=0 rA=0.194
p3-random c025 6/40 J=24.1 best=28.1 a_out=0 u_out=0 rA=0.192
p3-random c025 7/40 J=24.1 best=28.1 a_out=0 u_out=0 rA=0.193
p3-random c025 8/40 J=24.1 best=28.1 a_out=0 u_out=0 rA=0.194
p3-random c025 9/40 J=20.0 best=28.1 a_out=0 u_out=0 rA=0.200
p3-random c025 10/40 J=20.1 best=28.1 a_out=0 u_out=0 rA=0.196
p3-random c025 11/40 J=24.1 best=28.1 a_out=0 u_out=0 rA=0.195
p3-random c025 12/40 J=40.1 best=40.1 a_out=1 u_out=1 rA=0.191
p3-random c025 13/40 J=26.1 best=40.1 a_out=0 u_out=0 rA=0.194
p3-random c025 14/40 J=26.1 best=40.1 a_out=0 u_out=0 rA=0.195
p3-random c025 15/40 J=20.1 best=40.1 a_out=0 u_out=0 rA=0.195
p3-random c025 16/40 J=22.1 best=40.1 a_out=0 u_out=0 rA=0.193
p3-random c025 17/40 J=20.1 best=40.1 a_out=0 u_out=0 rA=0.194
p3-random c025 18/40 J=24.1 best=40.1 a_out=0 u_out=0 rA=0.193
p3-random c025 19/40 J=22.1 best=40.1 a_out=0 u_out=0 rA=0.194
p3-random c025 20/40 J=24.1 best=40.1 a_out=0 u_out=0 rA=0.193
p3-random c025 21/40 J=30.1 best=40.1 a_out=0 u_out=0 rA=0.195
p3-random c025 22/40 J=20.1 best=40.1 a_out=0 u_out=0 rA=0.195
p3-random c025 23/40 J=28.1 best=40.1 a_out=0 u_out=0 rA=0.191
p3-random c025 24/40 J=26.0 best=40.1 a_out=0 u_out=0 rA=0.200
p3-random c025 25/40 J=22.0 best=40.1 a_out=0 u_out=0 rA=0.197
p3-random c025 26/40 J=22.1 best=40.1 a_out=0 u_out=0 rA=0.194
p3-random c025 27/40 J=24.1 best=40.1 a_out=0 u_out=0 rA=0.196
p3-random c025 28/40 J=30.1 best=40.1 a_out=0 u_out=0 rA=0.192
p3-random c025 29/40 J=22.0 best=40.1 a_out=0 u_out=0 rA=0.197
p3-random c025 30/40 J=28.1 best=40.1 a_out=0 u_out=0 rA=0.192
p3-random c025 31/40 J=20.1 best=40.1 a_out=0 u_out=0 rA=0.192
p3-random c025 32/40 J=22.1 best=40.1 a_out=0 u_out=0 rA=0.194
p3-random c025 33/40 J=20.0 best=40.1 a_out=0 u_out=0 rA=0.197
p3-random c025 34/40 J=26.1 best=40.1 a_out=0 u_out=0 rA=0.191
p3-random c025 35/40 J=18.1 best=40.1 a_out=0 u_out=0 rA=0.194
p3-random c025 36/40 J=22.1 best=40.1 a_out=0 u_out=0 rA=0.192
p3-random c025 37/40 J=20.1 best=40.1 a_out=0 u_out=0 rA=0.195
p3-random c025 38/40 J=20.1 best=40.1 a_out=0 u_out=0 rA=0.194
p3-random c025 39/40 J=24.0 best=40.1 a_out=0 u_out=0 rA=0.197
p3-random c025 40/40 J=14.1 best=40.1 a_out=0 u_out=0 rA=0.194
== p3-random c026 (20/32) ==
p3-random c026 1/40 J=50.5 best=50.5 a_out=1 u_out=1 rA=0.172
p3-random c026 2/40 J=54.5 best=54.5 a_out=1 u_out=1 rA=0.172
p3-random c026 3/40 J=56.5 best=56.5 a_out=1 u_out=1 rA=0.172
p3-random c026 4/40 J=36.4 best=56.5 a_out=0 u_out=0 rA=0.177
p3-random c026 5/40 J=44.4 best=56.5 a_out=1 u_out=1 rA=0.173
p3-random c026 6/40 J=38.4 best=56.5 a_out=0 u_out=0 rA=0.177
p3-random c026 7/40 J=46.5 best=56.5 a_out=1 u_out=1 rA=0.166
p3-random c026 8/40 J=42.4 best=56.5 a_out=0 u_out=0 rA=0.174
p3-random c026 9/40 J=54.5 best=56.5 a_out=1 u_out=1 rA=0.171
p3-random c026 10/40 J=54.5 best=56.5 a_out=1 u_out=1 rA=0.171
p3-random c026 11/40 J=36.4 best=56.5 a_out=0 u_out=0 rA=0.176
p3-random c026 12/40 J=32.4 best=56.5 a_out=0 u_out=0 rA=0.176
p3-random c026 13/40 J=52.5 best=56.5 a_out=1 u_out=1 rA=0.170
p3-random c026 14/40 J=46.5 best=56.5 a_out=1 u_out=1 rA=0.171
p3-random c026 15/40 J=32.4 best=56.5 a_out=0 u_out=0 rA=0.174
p3-random c026 16/40 J=54.4 best=56.5 a_out=1 u_out=1 rA=0.173
p3-random c026 17/40 J=42.4 best=56.5 a_out=0 u_out=0 rA=0.173
p3-random c026 18/40 J=42.4 best=56.5 a_out=0 u_out=0 rA=0.173
p3-random c026 19/40 J=50.4 best=56.5 a_out=1 u_out=1 rA=0.172
p3-random c026 20/40 J=32.4 best=56.5 a_out=0 u_out=0 rA=0.174
p3-random c026 21/40 J=36.4 best=56.5 a_out=0 u_out=0 rA=0.174
p3-random c026 22/40 J=36.4 best=56.5 a_out=0 u_out=0 rA=0.177
p3-random c026 23/40 J=32.4 best=56.5 a_out=0 u_out=0 rA=0.174
p3-random c026 24/40 J=56.5 best=56.5 a_out=1 u_out=1 rA=0.171
p3-random c026 25/40 J=34.4 best=56.5 a_out=0 u_out=0 rA=0.173
p3-random c026 26/40 J=46.5 best=56.5 a_out=1 u_out=1 rA=0.171
p3-random c026 27/40 J=58.5 best=58.5 a_out=1 u_out=1 rA=0.170
p3-random c026 28/40 J=50.4 best=58.5 a_out=1 u_out=1 rA=0.173
p3-random c026 29/40 J=56.5 best=58.5 a_out=1 u_out=1 rA=0.170
p3-random c026 30/40 J=52.5 best=58.5 a_out=1 u_out=1 rA=0.167
p3-random c026 31/40 J=54.5 best=58.5 a_out=1 u_out=1 rA=0.170
p3-random c026 32/40 J=38.4 best=58.5 a_out=0 u_out=0 rA=0.174
p3-random c026 33/40 J=38.4 best=58.5 a_out=0 u_out=0 rA=0.178
p3-random c026 34/40 J=44.4 best=58.5 a_out=0 u_out=0 rA=0.177
p3-random c026 35/40 J=36.4 best=58.5 a_out=0 u_out=0 rA=0.174
p3-random c026 36/40 J=54.4 best=58.5 a_out=1 u_out=1 rA=0.172
p3-random c026 37/40 J=56.5 best=58.5 a_out=1 u_out=1 rA=0.171
p3-random c026 38/40 J=36.4 best=58.5 a_out=0 u_out=0 rA=0.175
p3-random c026 39/40 J=36.4 best=58.5 a_out=0 u_out=0 rA=0.176
p3-random c026 40/40 J=30.3 best=58.5 a_out=0 u_out=0 rA=0.178
== p3-random c028 (21/32) ==
p3-random c028 1/40 J=58.1 best=58.1 a_out=2 u_out=2 rA=0.193
p3-random c028 2/40 J=58.1 best=58.1 a_out=2 u_out=2 rA=0.194
p3-random c028 3/40 J=44.0 best=58.1 a_out=1 u_out=1 rA=0.203
p3-random c028 4/40 J=60.2 best=60.2 a_out=2 u_out=2 rA=0.190
p3-random c028 5/40 J=58.1 best=60.2 a_out=2 u_out=2 rA=0.193
p3-random c028 6/40 J=44.1 best=60.2 a_out=1 u_out=1 rA=0.197
p3-random c028 7/40 J=44.0 best=60.2 a_out=1 u_out=1 rA=0.200
p3-random c028 8/40 J=62.2 best=62.2 a_out=2 u_out=2 rA=0.190
p3-random c028 9/40 J=60.1 best=62.2 a_out=2 u_out=2 rA=0.192
p3-random c028 10/40 J=48.1 best=62.2 a_out=1 u_out=1 rA=0.196
p3-random c028 11/40 J=60.1 best=62.2 a_out=2 u_out=2 rA=0.191
p3-random c028 12/40 J=56.1 best=62.2 a_out=2 u_out=2 rA=0.194
p3-random c028 13/40 J=56.1 best=62.2 a_out=2 u_out=2 rA=0.196
p3-random c028 14/40 J=48.0 best=62.2 a_out=1 u_out=1 rA=0.198
p3-random c028 15/40 J=58.1 best=62.2 a_out=2 u_out=2 rA=0.194
p3-random c028 16/40 J=60.1 best=62.2 a_out=2 u_out=2 rA=0.195
p3-random c028 17/40 J=44.0 best=62.2 a_out=1 u_out=1 rA=0.201
p3-random c028 18/40 J=62.1 best=62.2 a_out=2 u_out=2 rA=0.192
p3-random c028 19/40 J=78.2 best=78.2 a_out=3 u_out=3 rA=0.188
p3-random c028 20/40 J=62.1 best=78.2 a_out=2 u_out=2 rA=0.192
p3-random c028 21/40 J=38.0 best=78.2 a_out=1 u_out=1 rA=0.198
p3-random c028 22/40 J=60.2 best=78.2 a_out=2 u_out=2 rA=0.190
p3-random c028 23/40 J=58.1 best=78.2 a_out=2 u_out=2 rA=0.196
p3-random c028 24/40 J=62.1 best=78.2 a_out=2 u_out=2 rA=0.191
p3-random c028 25/40 J=76.2 best=78.2 a_out=3 u_out=3 rA=0.187
p3-random c028 26/40 J=64.1 best=78.2 a_out=2 u_out=2 rA=0.191
p3-random c028 27/40 J=54.1 best=78.2 a_out=2 u_out=2 rA=0.192
p3-random c028 28/40 J=62.2 best=78.2 a_out=2 u_out=2 rA=0.190
p3-random c028 29/40 J=60.1 best=78.2 a_out=2 u_out=2 rA=0.195
p3-random c028 30/40 J=62.1 best=78.2 a_out=2 u_out=2 rA=0.191
p3-random c028 31/40 J=60.1 best=78.2 a_out=2 u_out=2 rA=0.193
p3-random c028 32/40 J=44.0 best=78.2 a_out=1 u_out=1 rA=0.199
p3-random c028 33/40 J=42.0 best=78.2 a_out=1 u_out=1 rA=0.199
p3-random c028 34/40 J=46.0 best=78.2 a_out=1 u_out=1 rA=0.197
p3-random c028 35/40 J=54.1 best=78.2 a_out=2 u_out=2 rA=0.195
p3-random c028 36/40 J=44.0 best=78.2 a_out=1 u_out=1 rA=0.198
p3-random c028 37/40 J=72.2 best=78.2 a_out=3 u_out=3 rA=0.187
p3-random c028 38/40 J=46.0 best=78.2 a_out=1 u_out=1 rA=0.198
p3-random c028 39/40 J=46.0 best=78.2 a_out=1 u_out=1 rA=0.198
p3-random c028 40/40 J=60.2 best=78.2 a_out=2 u_out=2 rA=0.189
== p3-random c029 (22/32) ==
p3-random c029 1/40 J=26.5 best=26.5 a_out=0 u_out=0 rA=0.169
p3-random c029 2/40 J=28.5 best=28.5 a_out=0 u_out=0 rA=0.171
p3-random c029 3/40 J=24.5 best=28.5 a_out=0 u_out=0 rA=0.167
p3-random c029 4/40 J=18.5 best=28.5 a_out=0 u_out=0 rA=0.169
p3-random c029 5/40 J=26.4 best=28.5 a_out=0 u_out=0 rA=0.173
p3-random c029 6/40 J=24.5 best=28.5 a_out=0 u_out=0 rA=0.169
p3-random c029 7/40 J=30.5 best=30.5 a_out=0 u_out=0 rA=0.166
p3-random c029 8/40 J=20.5 best=30.5 a_out=0 u_out=0 rA=0.172
p3-random c029 9/40 J=30.5 best=30.5 a_out=0 u_out=0 rA=0.168
p3-random c029 10/40 J=28.5 best=30.5 a_out=0 u_out=0 rA=0.168
p3-random c029 11/40 J=30.5 best=30.5 a_out=0 u_out=0 rA=0.171
p3-random c029 12/40 J=26.5 best=30.5 a_out=0 u_out=0 rA=0.169
p3-random c029 13/40 J=30.5 best=30.5 a_out=0 u_out=0 rA=0.169
p3-random c029 14/40 J=24.5 best=30.5 a_out=0 u_out=0 rA=0.170
p3-random c029 15/40 J=28.5 best=30.5 a_out=0 u_out=0 rA=0.171
p3-random c029 16/40 J=26.5 best=30.5 a_out=0 u_out=0 rA=0.168
p3-random c029 17/40 J=20.5 best=30.5 a_out=0 u_out=0 rA=0.170
p3-random c029 18/40 J=34.6 best=34.6 a_out=0 u_out=0 rA=0.165
p3-random c029 19/40 J=26.5 best=34.6 a_out=0 u_out=0 rA=0.168
p3-random c029 20/40 J=30.5 best=34.6 a_out=0 u_out=0 rA=0.168
p3-random c029 21/40 J=24.5 best=34.6 a_out=0 u_out=0 rA=0.166
p3-random c029 22/40 J=28.4 best=34.6 a_out=0 u_out=0 rA=0.175
p3-random c029 23/40 J=24.5 best=34.6 a_out=0 u_out=0 rA=0.170
p3-random c029 24/40 J=26.5 best=34.6 a_out=0 u_out=0 rA=0.170
p3-random c029 25/40 J=28.5 best=34.6 a_out=0 u_out=0 rA=0.170
p3-random c029 26/40 J=28.5 best=34.6 a_out=0 u_out=0 rA=0.172
p3-random c029 27/40 J=26.5 best=34.6 a_out=0 u_out=0 rA=0.167
p3-random c029 28/40 J=28.4 best=34.6 a_out=0 u_out=0 rA=0.174
p3-random c029 29/40 J=24.5 best=34.6 a_out=0 u_out=0 rA=0.169
p3-random c029 30/40 J=32.5 best=34.6 a_out=0 u_out=0 rA=0.171
p3-random c029 31/40 J=22.5 best=34.6 a_out=0 u_out=0 rA=0.170
p3-random c029 32/40 J=30.5 best=34.6 a_out=0 u_out=0 rA=0.168
p3-random c029 33/40 J=30.4 best=34.6 a_out=0 u_out=0 rA=0.173
p3-random c029 34/40 J=28.5 best=34.6 a_out=0 u_out=0 rA=0.170
p3-random c029 35/40 J=34.5 best=34.6 a_out=0 u_out=0 rA=0.169
p3-random c029 36/40 J=26.4 best=34.6 a_out=0 u_out=0 rA=0.173
p3-random c029 37/40 J=26.4 best=34.6 a_out=0 u_out=0 rA=0.172
p3-random c029 38/40 J=24.5 best=34.6 a_out=0 u_out=0 rA=0.168
p3-random c029 39/40 J=30.5 best=34.6 a_out=0 u_out=0 rA=0.168
p3-random c029 40/40 J=28.5 best=34.6 a_out=0 u_out=0 rA=0.167
== p3-random c030 (23/32) ==
p3-random c030 1/40 J=40.3 best=40.3 a_out=1 u_out=1 rA=0.181
p3-random c030 2/40 J=40.3 best=40.3 a_out=1 u_out=1 rA=0.183
p3-random c030 3/40 J=40.2 best=40.3 a_out=1 u_out=1 rA=0.188
p3-random c030 4/40 J=40.2 best=40.3 a_out=1 u_out=1 rA=0.187
p3-random c030 5/40 J=44.2 best=44.2 a_out=1 u_out=1 rA=0.187
p3-random c030 6/40 J=40.3 best=44.2 a_out=1 u_out=1 rA=0.181
p3-random c030 7/40 J=44.2 best=44.2 a_out=1 u_out=1 rA=0.187
p3-random c030 8/40 J=40.3 best=44.2 a_out=1 u_out=1 rA=0.184
p3-random c030 9/40 J=38.2 best=44.2 a_out=1 u_out=1 rA=0.187
p3-random c030 10/40 J=40.3 best=44.2 a_out=1 u_out=1 rA=0.183
p3-random c030 11/40 J=42.2 best=44.2 a_out=1 u_out=1 rA=0.186
p3-random c030 12/40 J=36.2 best=44.2 a_out=1 u_out=1 rA=0.188
p3-random c030 13/40 J=38.3 best=44.2 a_out=1 u_out=1 rA=0.183
p3-random c030 14/40 J=46.2 best=46.2 a_out=1 u_out=1 rA=0.186
p3-random c030 15/40 J=28.2 best=46.2 a_out=0 u_out=0 rA=0.189
p3-random c030 16/40 J=32.2 best=46.2 a_out=0 u_out=0 rA=0.190
p3-random c030 17/40 J=40.2 best=46.2 a_out=1 u_out=1 rA=0.186
p3-random c030 18/40 J=40.3 best=46.2 a_out=1 u_out=1 rA=0.182
p3-random c030 19/40 J=42.2 best=46.2 a_out=1 u_out=1 rA=0.185
p3-random c030 20/40 J=44.2 best=46.2 a_out=1 u_out=1 rA=0.188
p3-random c030 21/40 J=40.3 best=46.2 a_out=1 u_out=1 rA=0.182
p3-random c030 22/40 J=42.3 best=46.2 a_out=1 u_out=1 rA=0.183
p3-random c030 23/40 J=42.3 best=46.2 a_out=1 u_out=1 rA=0.183
p3-random c030 24/40 J=46.2 best=46.2 a_out=1 u_out=1 rA=0.185
p3-random c030 25/40 J=38.2 best=46.2 a_out=1 u_out=1 rA=0.186
p3-random c030 26/40 J=32.2 best=46.2 a_out=1 u_out=1 rA=0.187
p3-random c030 27/40 J=42.2 best=46.2 a_out=1 u_out=1 rA=0.186
p3-random c030 28/40 J=46.2 best=46.2 a_out=1 u_out=1 rA=0.186
p3-random c030 29/40 J=38.3 best=46.2 a_out=1 u_out=1 rA=0.184
p3-random c030 30/40 J=40.3 best=46.2 a_out=1 u_out=1 rA=0.184
p3-random c030 31/40 J=40.3 best=46.2 a_out=1 u_out=1 rA=0.182
p3-random c030 32/40 J=30.2 best=46.2 a_out=0 u_out=0 rA=0.190
p3-random c030 33/40 J=40.2 best=46.2 a_out=1 u_out=1 rA=0.186
p3-random c030 34/40 J=46.2 best=46.2 a_out=1 u_out=1 rA=0.188
p3-random c030 35/40 J=42.2 best=46.2 a_out=1 u_out=1 rA=0.186
p3-random c030 36/40 J=42.2 best=46.2 a_out=1 u_out=1 rA=0.185
p3-random c030 37/40 J=32.2 best=46.2 a_out=0 u_out=0 rA=0.189
p3-random c030 38/40 J=48.2 best=48.2 a_out=1 u_out=1 rA=0.185
p3-random c030 39/40 J=38.3 best=48.2 a_out=1 u_out=1 rA=0.183
p3-random c030 40/40 J=28.2 best=48.2 a_out=0 u_out=0 rA=0.189
== p3-random c031 (24/32) ==
p3-random c031 1/40 J=26.4 best=26.4 a_out=0 u_out=0 rA=0.176
p3-random c031 2/40 J=26.4 best=26.4 a_out=0 u_out=0 rA=0.173
p3-random c031 3/40 J=22.5 best=26.4 a_out=0 u_out=0 rA=0.172
p3-random c031 4/40 J=30.4 best=30.4 a_out=0 u_out=0 rA=0.176
p3-random c031 5/40 J=22.4 best=30.4 a_out=0 u_out=0 rA=0.175
p3-random c031 6/40 J=28.4 best=30.4 a_out=0 u_out=0 rA=0.177
p3-random c031 7/40 J=32.4 best=32.4 a_out=0 u_out=0 rA=0.173
p3-random c031 8/40 J=26.4 best=32.4 a_out=0 u_out=0 rA=0.175
p3-random c031 9/40 J=30.4 best=32.4 a_out=0 u_out=0 rA=0.174
p3-random c031 10/40 J=22.4 best=32.4 a_out=0 u_out=0 rA=0.175
p3-random c031 11/40 J=24.4 best=32.4 a_out=0 u_out=0 rA=0.176
p3-random c031 12/40 J=28.4 best=32.4 a_out=0 u_out=0 rA=0.176
p3-random c031 13/40 J=28.4 best=32.4 a_out=0 u_out=0 rA=0.177
p3-random c031 14/40 J=28.4 best=32.4 a_out=0 u_out=0 rA=0.173
p3-random c031 15/40 J=30.4 best=32.4 a_out=0 u_out=0 rA=0.174
p3-random c031 16/40 J=26.3 best=32.4 a_out=0 u_out=0 rA=0.178
p3-random c031 17/40 J=24.5 best=32.4 a_out=0 u_out=0 rA=0.171
p3-random c031 18/40 J=26.4 best=32.4 a_out=0 u_out=0 rA=0.175
p3-random c031 19/40 J=28.4 best=32.4 a_out=0 u_out=0 rA=0.175
p3-random c031 20/40 J=30.4 best=32.4 a_out=0 u_out=0 rA=0.174
p3-random c031 21/40 J=26.3 best=32.4 a_out=0 u_out=0 rA=0.181
p3-random c031 22/40 J=30.4 best=32.4 a_out=0 u_out=0 rA=0.177
p3-random c031 23/40 J=26.4 best=32.4 a_out=0 u_out=0 rA=0.177
p3-random c031 24/40 J=28.4 best=32.4 a_out=0 u_out=0 rA=0.173
p3-random c031 25/40 J=18.4 best=32.4 a_out=0 u_out=0 rA=0.177
p3-random c031 26/40 J=24.4 best=32.4 a_out=0 u_out=0 rA=0.175
p3-random c031 27/40 J=30.4 best=32.4 a_out=0 u_out=0 rA=0.176
p3-random c031 28/40 J=26.3 best=32.4 a_out=0 u_out=0 rA=0.179
p3-random c031 29/40 J=28.4 best=32.4 a_out=0 u_out=0 rA=0.177
p3-random c031 30/40 J=24.4 best=32.4 a_out=0 u_out=0 rA=0.175
p3-random c031 31/40 J=26.4 best=32.4 a_out=0 u_out=0 rA=0.177
p3-random c031 32/40 J=22.3 best=32.4 a_out=0 u_out=0 rA=0.179
p3-random c031 33/40 J=20.4 best=32.4 a_out=0 u_out=0 rA=0.173
p3-random c031 34/40 J=22.3 best=32.4 a_out=0 u_out=0 rA=0.179
p3-random c031 35/40 J=26.4 best=32.4 a_out=0 u_out=0 rA=0.174
p3-random c031 36/40 J=26.4 best=32.4 a_out=0 u_out=0 rA=0.177
p3-random c031 37/40 J=30.4 best=32.4 a_out=0 u_out=0 rA=0.175
p3-random c031 38/40 J=22.4 best=32.4 a_out=0 u_out=0 rA=0.175
p3-random c031 39/40 J=30.4 best=32.4 a_out=0 u_out=0 rA=0.176
p3-random c031 40/40 J=28.4 best=32.4 a_out=0 u_out=0 rA=0.175
== p3-random c032 (25/32) ==
p3-random c032 1/40 J=38.2 best=38.2 a_out=0 u_out=0 rA=0.187
p3-random c032 2/40 J=40.2 best=40.2 a_out=0 u_out=0 rA=0.185
p3-random c032 3/40 J=34.2 best=40.2 a_out=0 u_out=0 rA=0.185
p3-random c032 4/40 J=26.2 best=40.2 a_out=0 u_out=0 rA=0.188
p3-random c032 5/40 J=32.2 best=40.2 a_out=0 u_out=0 rA=0.187
p3-random c032 6/40 J=36.2 best=40.2 a_out=0 u_out=0 rA=0.186
p3-random c032 7/40 J=34.2 best=40.2 a_out=0 u_out=0 rA=0.187
p3-random c032 8/40 J=30.1 best=40.2 a_out=0 u_out=0 rA=0.191
p3-random c032 9/40 J=30.3 best=40.2 a_out=0 u_out=0 rA=0.182
p3-random c032 10/40 J=24.2 best=40.2 a_out=0 u_out=0 rA=0.186
p3-random c032 11/40 J=30.1 best=40.2 a_out=0 u_out=0 rA=0.191
p3-random c032 12/40 J=28.2 best=40.2 a_out=0 u_out=0 rA=0.187
p3-random c032 13/40 J=30.2 best=40.2 a_out=0 u_out=0 rA=0.190
p3-random c032 14/40 J=34.2 best=40.2 a_out=0 u_out=0 rA=0.185
p3-random c032 15/40 J=30.2 best=40.2 a_out=0 u_out=0 rA=0.186
p3-random c032 16/40 J=30.2 best=40.2 a_out=0 u_out=0 rA=0.187
p3-random c032 17/40 J=26.3 best=40.2 a_out=0 u_out=0 rA=0.184
p3-random c032 18/40 J=32.2 best=40.2 a_out=0 u_out=0 rA=0.188
p3-random c032 19/40 J=30.3 best=40.2 a_out=0 u_out=0 rA=0.184
p3-random c032 20/40 J=38.2 best=40.2 a_out=0 u_out=0 rA=0.188
p3-random c032 21/40 J=34.3 best=40.2 a_out=0 u_out=0 rA=0.182
p3-random c032 22/40 J=30.2 best=40.2 a_out=0 u_out=0 rA=0.186
p3-random c032 23/40 J=34.1 best=40.2 a_out=0 u_out=0 rA=0.194
p3-random c032 24/40 J=34.3 best=40.2 a_out=0 u_out=0 rA=0.183
p3-random c032 25/40 J=36.3 best=40.2 a_out=0 u_out=0 rA=0.184
p3-random c032 26/40 J=30.3 best=40.2 a_out=0 u_out=0 rA=0.183
p3-random c032 27/40 J=36.2 best=40.2 a_out=0 u_out=0 rA=0.185
p3-random c032 28/40 J=24.2 best=40.2 a_out=0 u_out=0 rA=0.187
p3-random c032 29/40 J=28.3 best=40.2 a_out=0 u_out=0 rA=0.184
p3-random c032 30/40 J=32.2 best=40.2 a_out=0 u_out=0 rA=0.186
p3-random c032 31/40 J=40.2 best=40.2 a_out=0 u_out=0 rA=0.188
p3-random c032 32/40 J=32.2 best=40.2 a_out=0 u_out=0 rA=0.187
p3-random c032 33/40 J=28.2 best=40.2 a_out=0 u_out=0 rA=0.188
p3-random c032 34/40 J=30.2 best=40.2 a_out=0 u_out=0 rA=0.186
p3-random c032 35/40 J=34.2 best=40.2 a_out=0 u_out=0 rA=0.190
p3-random c032 36/40 J=30.2 best=40.2 a_out=0 u_out=0 rA=0.189
p3-random c032 37/40 J=30.3 best=40.2 a_out=0 u_out=0 rA=0.181
p3-random c032 38/40 J=32.2 best=40.2 a_out=0 u_out=0 rA=0.190
p3-random c032 39/40 J=30.2 best=40.2 a_out=0 u_out=0 rA=0.185
p3-random c032 40/40 J=28.2 best=40.2 a_out=0 u_out=0 rA=0.186
== p3-random c033 (26/32) ==
p3-random c033 1/40 J=52.3 best=52.3 a_out=2 u_out=2 rA=0.181
p3-random c033 2/40 J=44.3 best=52.3 a_out=1 u_out=1 rA=0.182
p3-random c033 3/40 J=60.4 best=60.4 a_out=2 u_out=2 rA=0.177
p3-random c033 4/40 J=40.2 best=60.4 a_out=1 u_out=1 rA=0.186
p3-random c033 5/40 J=46.3 best=60.4 a_out=1 u_out=1 rA=0.183
p3-random c033 6/40 J=46.2 best=60.4 a_out=1 u_out=1 rA=0.186
p3-random c033 7/40 J=38.3 best=60.4 a_out=1 u_out=1 rA=0.182
p3-random c033 8/40 J=54.3 best=60.4 a_out=2 u_out=2 rA=0.180
p3-random c033 9/40 J=40.3 best=60.4 a_out=1 u_out=1 rA=0.184
p3-random c033 10/40 J=38.3 best=60.4 a_out=1 u_out=1 rA=0.183
p3-random c033 11/40 J=46.3 best=60.4 a_out=1 u_out=1 rA=0.182
p3-random c033 12/40 J=46.2 best=60.4 a_out=1 u_out=1 rA=0.185
p3-random c033 13/40 J=56.3 best=60.4 a_out=2 u_out=2 rA=0.180
p3-random c033 14/40 J=44.2 best=60.4 a_out=1 u_out=1 rA=0.185
p3-random c033 15/40 J=50.3 best=60.4 a_out=1 u_out=1 rA=0.182
p3-random c033 16/40 J=40.2 best=60.4 a_out=1 u_out=1 rA=0.186
p3-random c033 17/40 J=60.3 best=60.4 a_out=2 u_out=2 rA=0.179
p3-random c033 18/40 J=48.3 best=60.4 a_out=1 u_out=1 rA=0.181
p3-random c033 19/40 J=44.3 best=60.4 a_out=1 u_out=1 rA=0.182
p3-random c033 20/40 J=58.4 best=60.4 a_out=2 u_out=2 rA=0.177
p3-random c033 21/40 J=54.3 best=60.4 a_out=2 u_out=2 rA=0.179
p3-random c033 22/40 J=46.3 best=60.4 a_out=1 u_out=1 rA=0.181
p3-random c033 23/40 J=42.3 best=60.4 a_out=1 u_out=1 rA=0.182
p3-random c033 24/40 J=42.2 best=60.4 a_out=1 u_out=1 rA=0.186
p3-random c033 25/40 J=44.3 best=60.4 a_out=1 u_out=1 rA=0.183
p3-random c033 26/40 J=56.3 best=60.4 a_out=2 u_out=2 rA=0.180
p3-random c033 27/40 J=46.3 best=60.4 a_out=1 u_out=1 rA=0.182
p3-random c033 28/40 J=46.3 best=60.4 a_out=1 u_out=1 rA=0.183
p3-random c033 29/40 J=40.3 best=60.4 a_out=1 u_out=1 rA=0.184
p3-random c033 30/40 J=42.3 best=60.4 a_out=1 u_out=1 rA=0.183
p3-random c033 31/40 J=44.3 best=60.4 a_out=1 u_out=1 rA=0.184
p3-random c033 32/40 J=42.3 best=60.4 a_out=1 u_out=1 rA=0.182
p3-random c033 33/40 J=42.3 best=60.4 a_out=1 u_out=1 rA=0.183
p3-random c033 34/40 J=56.3 best=60.4 a_out=2 u_out=2 rA=0.179
p3-random c033 35/40 J=40.2 best=60.4 a_out=1 u_out=1 rA=0.186
p3-random c033 36/40 J=46.2 best=60.4 a_out=1 u_out=1 rA=0.188
p3-random c033 37/40 J=40.3 best=60.4 a_out=1 u_out=1 rA=0.183
p3-random c033 38/40 J=46.3 best=60.4 a_out=1 u_out=1 rA=0.184
p3-random c033 39/40 J=54.3 best=60.4 a_out=2 u_out=2 rA=0.179
p3-random c033 40/40 J=44.3 best=60.4 a_out=1 u_out=1 rA=0.183
== p3-random c034 (27/32) ==
p3-random c034 1/40 J=56.4 best=56.4 a_out=2 u_out=2 rA=0.173
p3-random c034 2/40 J=46.3 best=56.4 a_out=1 u_out=1 rA=0.179
p3-random c034 3/40 J=62.4 best=62.4 a_out=2 u_out=2 rA=0.174
p3-random c034 4/40 J=48.3 best=62.4 a_out=1 u_out=1 rA=0.179
p3-random c034 5/40 J=56.4 best=62.4 a_out=2 u_out=2 rA=0.175
p3-random c034 6/40 J=46.3 best=62.4 a_out=1 u_out=1 rA=0.179
p3-random c034 7/40 J=54.4 best=62.4 a_out=2 u_out=2 rA=0.175
p3-random c034 8/40 J=58.4 best=62.4 a_out=2 u_out=2 rA=0.177
p3-random c034 9/40 J=54.4 best=62.4 a_out=2 u_out=2 rA=0.176
p3-random c034 10/40 J=54.4 best=62.4 a_out=2 u_out=2 rA=0.178
p3-random c034 11/40 J=54.4 best=62.4 a_out=2 u_out=2 rA=0.173
p3-random c034 12/40 J=54.4 best=62.4 a_out=2 u_out=2 rA=0.177
p3-random c034 13/40 J=42.3 best=62.4 a_out=1 u_out=1 rA=0.180
p3-random c034 14/40 J=58.4 best=62.4 a_out=2 u_out=2 rA=0.177
p3-random c034 15/40 J=60.4 best=62.4 a_out=2 u_out=2 rA=0.178
p3-random c034 16/40 J=58.4 best=62.4 a_out=2 u_out=2 rA=0.178
p3-random c034 17/40 J=42.3 best=62.4 a_out=1 u_out=1 rA=0.181
p3-random c034 18/40 J=56.4 best=62.4 a_out=2 u_out=2 rA=0.177
p3-random c034 19/40 J=58.4 best=62.4 a_out=2 u_out=2 rA=0.175
p3-random c034 20/40 J=40.3 best=62.4 a_out=1 u_out=1 rA=0.180
p3-random c034 21/40 J=54.4 best=62.4 a_out=2 u_out=2 rA=0.175
p3-random c034 22/40 J=50.4 best=62.4 a_out=2 u_out=2 rA=0.175
p3-random c034 23/40 J=46.3 best=62.4 a_out=1 u_out=1 rA=0.181
p3-random c034 24/40 J=66.4 best=66.4 a_out=2 u_out=2 rA=0.178
p3-random c034 25/40 J=50.4 best=66.4 a_out=2 u_out=2 rA=0.178
p3-random c034 26/40 J=62.4 best=66.4 a_out=2 u_out=2 rA=0.176
p3-random c034 27/40 J=38.3 best=66.4 a_out=1 u_out=1 rA=0.179
p3-random c034 28/40 J=42.3 best=66.4 a_out=1 u_out=1 rA=0.179
p3-random c034 29/40 J=40.3 best=66.4 a_out=1 u_out=1 rA=0.180
p3-random c034 30/40 J=52.4 best=66.4 a_out=2 u_out=2 rA=0.176
p3-random c034 31/40 J=42.3 best=66.4 a_out=1 u_out=1 rA=0.179
p3-random c034 32/40 J=50.4 best=66.4 a_out=2 u_out=2 rA=0.178
p3-random c034 33/40 J=58.4 best=66.4 a_out=2 u_out=2 rA=0.176
p3-random c034 34/40 J=56.4 best=66.4 a_out=2 u_out=2 rA=0.178
p3-random c034 35/40 J=58.4 best=66.4 a_out=2 u_out=2 rA=0.177
p3-random c034 36/40 J=54.4 best=66.4 a_out=2 u_out=2 rA=0.178
p3-random c034 37/40 J=42.3 best=66.4 a_out=1 u_out=1 rA=0.179
p3-random c034 38/40 J=58.4 best=66.4 a_out=2 u_out=2 rA=0.177
p3-random c034 39/40 J=54.4 best=66.4 a_out=2 u_out=2 rA=0.178
p3-random c034 40/40 J=54.4 best=66.4 a_out=2 u_out=2 rA=0.177
== p3-random c035 (28/32) ==
p3-random c035 1/40 J=18.4 best=18.4 a_out=0 u_out=0 rA=0.175
p3-random c035 2/40 J=18.3 best=18.4 a_out=0 u_out=0 rA=0.184
p3-random c035 3/40 J=16.3 best=18.4 a_out=0 u_out=0 rA=0.180
p3-random c035 4/40 J=22.3 best=22.3 a_out=0 u_out=0 rA=0.179
p3-random c035 5/40 J=20.3 best=22.3 a_out=0 u_out=0 rA=0.181
p3-random c035 6/40 J=16.3 best=22.3 a_out=0 u_out=0 rA=0.180
p3-random c035 7/40 J=18.3 best=22.3 a_out=0 u_out=0 rA=0.178
p3-random c035 8/40 J=14.3 best=22.3 a_out=0 u_out=0 rA=0.183
p3-random c035 9/40 J=16.3 best=22.3 a_out=0 u_out=0 rA=0.179
p3-random c035 10/40 J=20.4 best=22.3 a_out=0 u_out=0 rA=0.178
p3-random c035 11/40 J=18.4 best=22.3 a_out=0 u_out=0 rA=0.177
p3-random c035 12/40 J=20.3 best=22.3 a_out=0 u_out=0 rA=0.182
p3-random c035 13/40 J=22.3 best=22.3 a_out=0 u_out=0 rA=0.181
p3-random c035 14/40 J=20.3 best=22.3 a_out=0 u_out=0 rA=0.180
p3-random c035 15/40 J=20.3 best=22.3 a_out=0 u_out=0 rA=0.179
p3-random c035 16/40 J=16.3 best=22.3 a_out=0 u_out=0 rA=0.183
p3-random c035 17/40 J=18.2 best=22.3 a_out=0 u_out=0 rA=0.184
p3-random c035 18/40 J=14.2 best=22.3 a_out=0 u_out=0 rA=0.186
p3-random c035 19/40 J=20.3 best=22.3 a_out=0 u_out=0 rA=0.181
p3-random c035 20/40 J=18.3 best=22.3 a_out=0 u_out=0 rA=0.181
p3-random c035 21/40 J=16.3 best=22.3 a_out=0 u_out=0 rA=0.183
p3-random c035 22/40 J=18.3 best=22.3 a_out=0 u_out=0 rA=0.180
p3-random c035 23/40 J=16.4 best=22.3 a_out=0 u_out=0 rA=0.178
p3-random c035 24/40 J=20.3 best=22.3 a_out=0 u_out=0 rA=0.180
p3-random c035 25/40 J=18.3 best=22.3 a_out=0 u_out=0 rA=0.180
p3-random c035 26/40 J=20.3 best=22.3 a_out=0 u_out=0 rA=0.180
p3-random c035 27/40 J=14.3 best=22.3 a_out=0 u_out=0 rA=0.182
p3-random c035 28/40 J=12.3 best=22.3 a_out=0 u_out=0 rA=0.183
p3-random c035 29/40 J=20.3 best=22.3 a_out=0 u_out=0 rA=0.180
p3-random c035 30/40 J=22.3 best=22.3 a_out=0 u_out=0 rA=0.181
p3-random c035 31/40 J=18.3 best=22.3 a_out=0 u_out=0 rA=0.181
p3-random c035 32/40 J=18.3 best=22.3 a_out=0 u_out=0 rA=0.179
p3-random c035 33/40 J=14.3 best=22.3 a_out=0 u_out=0 rA=0.182
p3-random c035 34/40 J=24.3 best=24.3 a_out=0 u_out=0 rA=0.178
p3-random c035 35/40 J=18.4 best=24.3 a_out=0 u_out=0 rA=0.178
p3-random c035 36/40 J=12.2 best=24.3 a_out=0 u_out=0 rA=0.186
p3-random c035 37/40 J=20.3 best=24.3 a_out=0 u_out=0 rA=0.183
p3-random c035 38/40 J=16.2 best=24.3 a_out=0 u_out=0 rA=0.186
p3-random c035 39/40 J=20.3 best=24.3 a_out=0 u_out=0 rA=0.181
p3-random c035 40/40 J=22.3 best=24.3 a_out=0 u_out=0 rA=0.182
== p3-random c036 (29/32) ==
p3-random c036 1/40 J=28.5 best=28.5 a_out=1 u_out=1 rA=0.171
p3-random c036 2/40 J=18.4 best=28.5 a_out=0 u_out=0 rA=0.175
p3-random c036 3/40 J=16.4 best=28.5 a_out=0 u_out=0 rA=0.175
p3-random c036 4/40 J=20.4 best=28.5 a_out=0 u_out=0 rA=0.175
p3-random c036 5/40 J=16.4 best=28.5 a_out=0 u_out=0 rA=0.176
p3-random c036 6/40 J=16.3 best=28.5 a_out=0 u_out=0 rA=0.178
p3-random c036 7/40 J=14.4 best=28.5 a_out=0 u_out=0 rA=0.175
p3-random c036 8/40 J=32.4 best=32.4 a_out=1 u_out=1 rA=0.173
p3-random c036 9/40 J=28.4 best=32.4 a_out=1 u_out=1 rA=0.172
p3-random c036 10/40 J=18.3 best=32.4 a_out=0 u_out=0 rA=0.183
p3-random c036 11/40 J=18.3 best=32.4 a_out=0 u_out=0 rA=0.180
p3-random c036 12/40 J=16.4 best=32.4 a_out=0 u_out=0 rA=0.176
p3-random c036 13/40 J=16.4 best=32.4 a_out=0 u_out=0 rA=0.175
p3-random c036 14/40 J=16.4 best=32.4 a_out=0 u_out=0 rA=0.175
p3-random c036 15/40 J=28.4 best=32.4 a_out=1 u_out=1 rA=0.173
p3-random c036 16/40 J=16.4 best=32.4 a_out=0 u_out=0 rA=0.176
p3-random c036 17/40 J=32.4 best=32.4 a_out=1 u_out=1 rA=0.174
p3-random c036 18/40 J=22.4 best=32.4 a_out=0 u_out=0 rA=0.177
p3-random c036 19/40 J=18.4 best=32.4 a_out=0 u_out=0 rA=0.174
p3-random c036 20/40 J=14.4 best=32.4 a_out=0 u_out=0 rA=0.175
p3-random c036 21/40 J=14.3 best=32.4 a_out=0 u_out=0 rA=0.180
p3-random c036 22/40 J=18.4 best=32.4 a_out=0 u_out=0 rA=0.177
p3-random c036 23/40 J=12.4 best=32.4 a_out=0 u_out=0 rA=0.176
p3-random c036 24/40 J=18.4 best=32.4 a_out=0 u_out=0 rA=0.174
p3-random c036 25/40 J=14.4 best=32.4 a_out=0 u_out=0 rA=0.175
p3-random c036 26/40 J=16.4 best=32.4 a_out=0 u_out=0 rA=0.176
p3-random c036 27/40 J=18.3 best=32.4 a_out=0 u_out=0 rA=0.180
p3-random c036 28/40 J=28.4 best=32.4 a_out=1 u_out=1 rA=0.173
p3-random c036 29/40 J=16.4 best=32.4 a_out=0 u_out=0 rA=0.176
p3-random c036 30/40 J=18.4 best=32.4 a_out=0 u_out=0 rA=0.174
p3-random c036 31/40 J=14.4 best=32.4 a_out=0 u_out=0 rA=0.177
p3-random c036 32/40 J=18.4 best=32.4 a_out=0 u_out=0 rA=0.175
p3-random c036 33/40 J=18.4 best=32.4 a_out=0 u_out=0 rA=0.177
p3-random c036 34/40 J=16.4 best=32.4 a_out=0 u_out=0 rA=0.178
p3-random c036 35/40 J=28.4 best=32.4 a_out=1 u_out=1 rA=0.174
p3-random c036 36/40 J=18.4 best=32.4 a_out=0 u_out=0 rA=0.178
p3-random c036 37/40 J=16.3 best=32.4 a_out=0 u_out=0 rA=0.180
p3-random c036 38/40 J=22.5 best=32.4 a_out=1 u_out=1 rA=0.171
p3-random c036 39/40 J=22.4 best=32.4 a_out=0 u_out=0 rA=0.175
p3-random c036 40/40 J=30.4 best=32.4 a_out=1 u_out=1 rA=0.174
== p3-random c037 (30/32) ==
p3-random c037 1/40 J=42.3 best=42.3 a_out=1 u_out=1 rA=0.182
p3-random c037 2/40 J=44.3 best=44.3 a_out=1 u_out=1 rA=0.183
p3-random c037 3/40 J=42.3 best=44.3 a_out=1 u_out=1 rA=0.180
p3-random c037 4/40 J=40.3 best=44.3 a_out=1 u_out=1 rA=0.182
p3-random c037 5/40 J=48.3 best=48.3 a_out=1 u_out=1 rA=0.180
p3-random c037 6/40 J=44.3 best=48.3 a_out=1 u_out=1 rA=0.182
p3-random c037 7/40 J=40.3 best=48.3 a_out=1 u_out=1 rA=0.183
p3-random c037 8/40 J=48.3 best=48.3 a_out=1 u_out=1 rA=0.182
p3-random c037 9/40 J=40.3 best=48.3 a_out=1 u_out=1 rA=0.182
p3-random c037 10/40 J=46.3 best=48.3 a_out=1 u_out=1 rA=0.179
p3-random c037 11/40 J=42.3 best=48.3 a_out=1 u_out=1 rA=0.180
p3-random c037 12/40 J=44.2 best=48.3 a_out=1 u_out=1 rA=0.185
p3-random c037 13/40 J=46.3 best=48.3 a_out=1 u_out=1 rA=0.182
p3-random c037 14/40 J=50.3 best=50.3 a_out=1 u_out=1 rA=0.183
p3-random c037 15/40 J=46.3 best=50.3 a_out=1 u_out=1 rA=0.179
p3-random c037 16/40 J=48.3 best=50.3 a_out=1 u_out=1 rA=0.184
p3-random c037 17/40 J=48.3 best=50.3 a_out=1 u_out=1 rA=0.180
p3-random c037 18/40 J=38.3 best=50.3 a_out=1 u_out=1 rA=0.181
p3-random c037 19/40 J=40.3 best=50.3 a_out=1 u_out=1 rA=0.180
p3-random c037 20/40 J=40.3 best=50.3 a_out=1 u_out=1 rA=0.183
p3-random c037 21/40 J=36.3 best=50.3 a_out=1 u_out=1 rA=0.181
p3-random c037 22/40 J=44.3 best=50.3 a_out=1 u_out=1 rA=0.179
p3-random c037 23/40 J=44.3 best=50.3 a_out=1 u_out=1 rA=0.181
p3-random c037 24/40 J=42.3 best=50.3 a_out=1 u_out=1 rA=0.180
p3-random c037 25/40 J=40.3 best=50.3 a_out=1 u_out=1 rA=0.183
p3-random c037 26/40 J=50.3 best=50.3 a_out=1 u_out=1 rA=0.182
p3-random c037 27/40 J=48.3 best=50.3 a_out=1 u_out=1 rA=0.180
p3-random c037 28/40 J=42.3 best=50.3 a_out=1 u_out=1 rA=0.182
p3-random c037 29/40 J=40.3 best=50.3 a_out=1 u_out=1 rA=0.183
p3-random c037 30/40 J=50.3 best=50.3 a_out=1 u_out=1 rA=0.184
p3-random c037 31/40 J=42.3 best=50.3 a_out=1 u_out=1 rA=0.184
p3-random c037 32/40 J=44.3 best=50.3 a_out=1 u_out=1 rA=0.182
p3-random c037 33/40 J=46.3 best=50.3 a_out=1 u_out=1 rA=0.184
p3-random c037 34/40 J=44.3 best=50.3 a_out=1 u_out=1 rA=0.183
p3-random c037 35/40 J=48.3 best=50.3 a_out=1 u_out=1 rA=0.183
p3-random c037 36/40 J=46.3 best=50.3 a_out=1 u_out=1 rA=0.183
p3-random c037 37/40 J=46.3 best=50.3 a_out=1 u_out=1 rA=0.183
p3-random c037 38/40 J=58.3 best=58.3 a_out=2 u_out=2 rA=0.179
p3-random c037 39/40 J=58.3 best=58.3 a_out=2 u_out=2 rA=0.179
p3-random c037 40/40 J=44.3 best=58.3 a_out=1 u_out=1 rA=0.180
== p3-random c038 (31/32) ==
p3-random c038 1/40 J=24.3 best=24.3 a_out=0 u_out=0 rA=0.183
p3-random c038 2/40 J=26.3 best=26.3 a_out=0 u_out=0 rA=0.183
p3-random c038 3/40 J=32.3 best=32.3 a_out=0 u_out=0 rA=0.179
p3-random c038 4/40 J=32.3 best=32.3 a_out=0 u_out=0 rA=0.182
p3-random c038 5/40 J=30.3 best=32.3 a_out=0 u_out=0 rA=0.184
p3-random c038 6/40 J=20.3 best=32.3 a_out=0 u_out=0 rA=0.179
p3-random c038 7/40 J=28.2 best=32.3 a_out=0 u_out=0 rA=0.189
p3-random c038 8/40 J=24.3 best=32.3 a_out=0 u_out=0 rA=0.182
p3-random c038 9/40 J=30.3 best=32.3 a_out=0 u_out=0 rA=0.179
p3-random c038 10/40 J=26.2 best=32.3 a_out=0 u_out=0 rA=0.186
p3-random c038 11/40 J=28.3 best=32.3 a_out=0 u_out=0 rA=0.182
p3-random c038 12/40 J=30.3 best=32.3 a_out=0 u_out=0 rA=0.184
p3-random c038 13/40 J=30.3 best=32.3 a_out=0 u_out=0 rA=0.184
p3-random c038 14/40 J=32.3 best=32.3 a_out=0 u_out=0 rA=0.179
p3-random c038 15/40 J=40.4 best=40.4 a_out=1 u_out=1 rA=0.178
p3-random c038 16/40 J=24.2 best=40.4 a_out=0 u_out=0 rA=0.184
p3-random c038 17/40 J=22.3 best=40.4 a_out=0 u_out=0 rA=0.182
p3-random c038 18/40 J=22.3 best=40.4 a_out=0 u_out=0 rA=0.183
p3-random c038 19/40 J=32.3 best=40.4 a_out=0 u_out=0 rA=0.180
p3-random c038 20/40 J=24.3 best=40.4 a_out=0 u_out=0 rA=0.183
p3-random c038 21/40 J=26.2 best=40.4 a_out=0 u_out=0 rA=0.185
p3-random c038 22/40 J=32.3 best=40.4 a_out=0 u_out=0 rA=0.181
p3-random c038 23/40 J=28.3 best=40.4 a_out=0 u_out=0 rA=0.179
p3-random c038 24/40 J=22.3 best=40.4 a_out=0 u_out=0 rA=0.183
p3-random c038 25/40 J=26.2 best=40.4 a_out=0 u_out=0 rA=0.184
p3-random c038 26/40 J=26.3 best=40.4 a_out=0 u_out=0 rA=0.180
p3-random c038 27/40 J=22.3 best=40.4 a_out=0 u_out=0 rA=0.181
p3-random c038 28/40 J=40.3 best=40.4 a_out=0 u_out=0 rA=0.180
p3-random c038 29/40 J=28.2 best=40.4 a_out=0 u_out=0 rA=0.185
p3-random c038 30/40 J=34.3 best=40.4 a_out=0 u_out=0 rA=0.181
p3-random c038 31/40 J=26.2 best=40.4 a_out=0 u_out=0 rA=0.186
p3-random c038 32/40 J=32.3 best=40.4 a_out=0 u_out=0 rA=0.182
p3-random c038 33/40 J=24.3 best=40.4 a_out=0 u_out=0 rA=0.181
p3-random c038 34/40 J=28.3 best=40.4 a_out=0 u_out=0 rA=0.179
p3-random c038 35/40 J=26.3 best=40.4 a_out=0 u_out=0 rA=0.181
p3-random c038 36/40 J=30.3 best=40.4 a_out=0 u_out=0 rA=0.182
p3-random c038 37/40 J=28.3 best=40.4 a_out=0 u_out=0 rA=0.183
p3-random c038 38/40 J=24.2 best=40.4 a_out=0 u_out=0 rA=0.186
p3-random c038 39/40 J=26.3 best=40.4 a_out=0 u_out=0 rA=0.180
p3-random c038 40/40 J=26.3 best=40.4 a_out=0 u_out=0 rA=0.182
== p3-random c039 (32/32) ==
p3-random c039 1/40 J=52.6 best=52.6 a_out=2 u_out=2 rA=0.165
p3-random c039 2/40 J=46.5 best=52.6 a_out=1 u_out=1 rA=0.166
p3-random c039 3/40 J=44.5 best=52.6 a_out=1 u_out=1 rA=0.166
p3-random c039 4/40 J=42.5 best=52.6 a_out=1 u_out=1 rA=0.168
p3-random c039 5/40 J=40.5 best=52.6 a_out=1 u_out=1 rA=0.171
p3-random c039 6/40 J=48.5 best=52.6 a_out=1 u_out=1 rA=0.168
p3-random c039 7/40 J=40.5 best=52.6 a_out=1 u_out=1 rA=0.166
p3-random c039 8/40 J=40.5 best=52.6 a_out=1 u_out=1 rA=0.167
p3-random c039 9/40 J=40.5 best=52.6 a_out=1 u_out=1 rA=0.169
p3-random c039 10/40 J=42.6 best=52.6 a_out=1 u_out=1 rA=0.166
p3-random c039 11/40 J=42.5 best=52.6 a_out=1 u_out=1 rA=0.168
p3-random c039 12/40 J=42.5 best=52.6 a_out=1 u_out=1 rA=0.170
p3-random c039 13/40 J=40.5 best=52.6 a_out=1 u_out=1 rA=0.170
p3-random c039 14/40 J=42.5 best=52.6 a_out=1 u_out=1 rA=0.171
p3-random c039 15/40 J=44.5 best=52.6 a_out=1 u_out=1 rA=0.166
p3-random c039 16/40 J=42.5 best=52.6 a_out=1 u_out=1 rA=0.166
p3-random c039 17/40 J=44.5 best=52.6 a_out=1 u_out=1 rA=0.168
p3-random c039 18/40 J=42.5 best=52.6 a_out=1 u_out=1 rA=0.166
p3-random c039 19/40 J=42.5 best=52.6 a_out=1 u_out=1 rA=0.168
p3-random c039 20/40 J=42.5 best=52.6 a_out=1 u_out=1 rA=0.169
p3-random c039 21/40 J=56.6 best=56.6 a_out=2 u_out=2 rA=0.165
p3-random c039 22/40 J=54.6 best=56.6 a_out=2 u_out=2 rA=0.164
p3-random c039 23/40 J=44.5 best=56.6 a_out=1 u_out=1 rA=0.168
p3-random c039 24/40 J=40.5 best=56.6 a_out=1 u_out=1 rA=0.170
p3-random c039 25/40 J=40.5 best=56.6 a_out=1 u_out=1 rA=0.170
p3-random c039 26/40 J=42.5 best=56.6 a_out=1 u_out=1 rA=0.170
p3-random c039 27/40 J=44.5 best=56.6 a_out=1 u_out=1 rA=0.171
p3-random c039 28/40 J=44.5 best=56.6 a_out=1 u_out=1 rA=0.168
p3-random c039 29/40 J=60.6 best=60.6 a_out=2 u_out=2 rA=0.165
p3-random c039 30/40 J=40.5 best=60.6 a_out=1 u_out=1 rA=0.169
p3-random c039 31/40 J=58.6 best=60.6 a_out=2 u_out=2 rA=0.165
p3-random c039 32/40 J=40.5 best=60.6 a_out=1 u_out=1 rA=0.167
p3-random c039 33/40 J=44.5 best=60.6 a_out=1 u_out=1 rA=0.170
p3-random c039 34/40 J=46.5 best=60.6 a_out=1 u_out=1 rA=0.169
p3-random c039 35/40 J=46.5 best=60.6 a_out=1 u_out=1 rA=0.167
p3-random c039 36/40 J=58.6 best=60.6 a_out=2 u_out=2 rA=0.164
p3-random c039 37/40 J=56.6 best=60.6 a_out=2 u_out=2 rA=0.165
p3-random c039 38/40 J=58.6 best=60.6 a_out=2 u_out=2 rA=0.164
p3-random c039 39/40 J=58.6 best=60.6 a_out=2 u_out=2 rA=0.164
p3-random c039 40/40 J=40.5 best=60.6 a_out=1 u_out=1 rA=0.166
==== P3 METHOD task ====
== p3-task attack c000 (1/32) ==
p3-task c000 1/40 L=0.088 Lq=-0.0524 Le=-0.223 rA=0.174 rB=0.226 a_out=0 u_out=0 mem=20.503394603729248
p3-task c000 2/40 L=0.095 Lq=-0.0760 Le=-0.290 rA=0.162 rB=0.238 a_out=2 u_out=2 mem=20.511329650878906
p3-task c000 3/40 L=0.090 Lq=-0.0652 Le=-0.270 rA=0.167 rB=0.233 a_out=1 u_out=1 mem=20.511329650878906
p3-task c000 4/40 L=0.093 Lq=-0.0614 Le=-0.276 rA=0.169 rB=0.231 a_out=1 u_out=1 mem=20.511329650878906
p3-task c000 5/40 L=0.094 Lq=-0.0595 Le=-0.260 rA=0.170 rB=0.230 a_out=1 u_out=1 mem=20.511329650878906
p3-task c000 6/40 L=0.104 Lq=-0.0408 Le=-0.213 rA=0.180 rB=0.220 a_out=0 u_out=0 mem=20.511329650878906
p3-task c000 7/40 L=0.070 Lq=-0.0323 Le=-0.178 rA=0.184 rB=0.216 a_out=0 u_out=0 mem=20.511329650878906
p3-task c000 8/40 L=0.084 Lq=-0.0412 Le=-0.202 rA=0.179 rB=0.221 a_out=0 u_out=0 mem=20.511329650878906
p3-task c000 9/40 L=0.065 Lq=-0.0297 Le=-0.124 rA=0.185 rB=0.215 a_out=0 u_out=0 mem=20.511329650878906
p3-task c000 10/40 L=0.032 Lq=-0.0343 Le=-0.235 rA=0.183 rB=0.217 a_out=0 u_out=0 mem=20.511329650878906
p3-task c000 11/40 L=0.036 Lq=-0.0335 Le=-0.165 rA=0.183 rB=0.217 a_out=0 u_out=0 mem=20.511329650878906
p3-task c000 12/40 L=0.040 Lq=-0.0309 Le=-0.189 rA=0.185 rB=0.215 a_out=0 u_out=0 mem=20.511329650878906
p3-task c000 13/40 L=0.033 Lq=-0.0209 Le=-0.224 rA=0.190 rB=0.210 a_out=0 u_out=0 mem=20.511329650878906
p3-task c000 14/40 L=0.021 Lq=-0.0369 Le=-0.221 rA=0.182 rB=0.218 a_out=0 u_out=0 mem=20.511329650878906
p3-task c000 15/40 L=0.018 Lq=-0.0248 Le=-0.224 rA=0.188 rB=0.212 a_out=0 u_out=0 mem=20.511329650878906
p3-task c000 16/40 L=0.016 Lq=-0.0319 Le=-0.232 rA=0.184 rB=0.216 a_out=0 u_out=0 mem=20.511329650878906
p3-task c000 17/40 L=0.016 Lq=-0.0155 Le=-0.216 rA=0.192 rB=0.208 a_out=0 u_out=0 mem=20.511329650878906
p3-task c000 18/40 L=0.011 Lq=-0.0283 Le=-0.261 rA=0.186 rB=0.214 a_out=0 u_out=0 mem=20.511329650878906
p3-task c000 19/40 L=0.008 Lq=-0.0216 Le=-0.213 rA=0.189 rB=0.211 a_out=0 u_out=0 mem=20.511329650878906
p3-task c000 20/40 L=0.007 Lq=-0.0389 Le=-0.271 rA=0.181 rB=0.219 a_out=0 u_out=0 mem=20.511329650878906
p3-task c000 21/40 L=0.008 Lq=-0.0230 Le=-0.245 rA=0.188 rB=0.212 a_out=0 u_out=0 mem=20.511329650878906
p3-task c000 22/40 L=0.007 Lq=-0.0273 Le=-0.236 rA=0.186 rB=0.214 a_out=0 u_out=0 mem=20.511329650878906
p3-task c000 23/40 L=0.004 Lq=-0.0311 Le=-0.247 rA=0.184 rB=0.216 a_out=0 u_out=0 mem=20.511329650878906
p3-task c000 24/40 L=0.004 Lq=-0.0180 Le=-0.207 rA=0.191 rB=0.209 a_out=0 u_out=0 mem=20.511329650878906
p3-task c000 25/40 L=0.005 Lq=-0.0304 Le=-0.278 rA=0.185 rB=0.215 a_out=0 u_out=0 mem=20.511329650878906
p3-task c000 26/40 L=0.005 Lq=-0.0135 Le=-0.240 rA=0.193 rB=0.207 a_out=0 u_out=0 mem=20.511329650878906
p3-task c000 27/40 L=0.003 Lq=-0.0318 Le=-0.280 rA=0.184 rB=0.216 a_out=0 u_out=0 mem=20.511329650878906
p3-task c000 28/40 L=0.001 Lq=-0.0216 Le=-0.206 rA=0.189 rB=0.211 a_out=0 u_out=0 mem=20.511329650878906
p3-task c000 29/40 L=0.001 Lq=-0.0209 Le=-0.236 rA=0.190 rB=0.210 a_out=0 u_out=0 mem=20.511329650878906
p3-task c000 30/40 L=0.002 Lq=-0.0290 Le=-0.256 rA=0.186 rB=0.214 a_out=0 u_out=0 mem=20.511329650878906
p3-task c000 31/40 L=0.001 Lq=-0.0244 Le=-0.244 rA=0.188 rB=0.212 a_out=0 u_out=0 mem=20.511329650878906
p3-task c000 32/40 L=0.002 Lq=-0.0249 Le=-0.199 rA=0.188 rB=0.212 a_out=0 u_out=0 mem=20.511329650878906
p3-task c000 33/40 L=0.001 Lq=-0.0162 Le=-0.239 rA=0.192 rB=0.208 a_out=0 u_out=0 mem=20.511329650878906
p3-task c000 34/40 L=0.001 Lq=-0.0188 Le=-0.225 rA=0.191 rB=0.209 a_out=0 u_out=0 mem=20.511329650878906
p3-task c000 35/40 L=0.001 Lq=-0.0234 Le=-0.261 rA=0.188 rB=0.212 a_out=0 u_out=0 mem=20.511329650878906
p3-task c000 36/40 L=0.002 Lq=-0.0151 Le=-0.227 rA=0.192 rB=0.208 a_out=0 u_out=0 mem=20.511329650878906
p3-task c000 37/40 L=0.001 Lq=-0.0151 Le=-0.222 rA=0.192 rB=0.208 a_out=0 u_out=0 mem=20.511329650878906
p3-task c000 38/40 L=0.001 Lq=-0.0251 Le=-0.254 rA=0.187 rB=0.213 a_out=0 u_out=0 mem=20.511329650878906
p3-task c000 39/40 L=0.000 Lq=-0.0222 Le=-0.237 rA=0.189 rB=0.211 a_out=0 u_out=0 mem=20.511329650878906
p3-task c000 40/40 L=0.003 Lq=-0.0135 Le=-0.273 rA=0.193 rB=0.207 a_out=0 u_out=0 mem=20.511329650878906
== p3-task attack c003 (2/32) ==
p3-task c003 1/40 L=0.218 Lq=-0.0237 Le=-0.070 rA=0.188 rB=0.212 a_out=0 u_out=0 mem=20.748225688934326
p3-task c003 2/40 L=0.202 Lq=-0.0249 Le=0.017 rA=0.188 rB=0.212 a_out=0 u_out=0 mem=20.748226165771484
p3-task c003 3/40 L=0.209 Lq=-0.0343 Le=-0.109 rA=0.183 rB=0.217 a_out=1 u_out=1 mem=20.748226165771484
p3-task c003 4/40 L=0.231 Lq=-0.0459 Le=-0.091 rA=0.177 rB=0.223 a_out=2 u_out=2 mem=20.748226165771484
p3-task c003 5/40 L=0.218 Lq=-0.0564 Le=-0.164 rA=0.172 rB=0.228 a_out=2 u_out=2 mem=20.748226165771484
p3-task c003 6/40 L=0.218 Lq=-0.0403 Le=-0.124 rA=0.180 rB=0.220 a_out=1 u_out=1 mem=20.748226165771484
p3-task c003 7/40 L=0.208 Lq=-0.0558 Le=-0.149 rA=0.172 rB=0.228 a_out=2 u_out=2 mem=20.748226165771484
p3-task c003 8/40 L=0.209 Lq=-0.0535 Le=-0.152 rA=0.173 rB=0.227 a_out=2 u_out=2 mem=20.748226165771484
p3-task c003 9/40 L=0.207 Lq=-0.0468 Le=-0.144 rA=0.177 rB=0.223 a_out=2 u_out=2 mem=20.748226165771484
p3-task c003 10/40 L=0.218 Lq=-0.0464 Le=-0.137 rA=0.177 rB=0.223 a_out=2 u_out=2 mem=20.748226165771484
p3-task c003 11/40 L=0.203 Lq=-0.0490 Le=-0.132 rA=0.176 rB=0.224 a_out=2 u_out=2 mem=20.748226165771484
p3-task c003 12/40 L=0.201 Lq=-0.0451 Le=-0.153 rA=0.177 rB=0.223 a_out=1 u_out=1 mem=20.748226165771484
p3-task c003 13/40 L=0.200 Lq=-0.0504 Le=-0.134 rA=0.175 rB=0.225 a_out=2 u_out=2 mem=20.748226165771484
p3-task c003 14/40 L=0.188 Lq=-0.0453 Le=-0.119 rA=0.177 rB=0.223 a_out=1 u_out=1 mem=20.748226165771484
p3-task c003 15/40 L=0.195 Lq=-0.0487 Le=-0.143 rA=0.176 rB=0.224 a_out=2 u_out=2 mem=20.748226165771484
p3-task c003 16/40 L=0.197 Lq=-0.0511 Le=-0.138 rA=0.174 rB=0.226 a_out=2 u_out=2 mem=20.748226165771484
p3-task c003 17/40 L=0.186 Lq=-0.0470 Le=-0.133 rA=0.176 rB=0.224 a_out=2 u_out=2 mem=20.748226165771484
p3-task c003 18/40 L=0.187 Lq=-0.0544 Le=-0.136 rA=0.173 rB=0.227 a_out=2 u_out=2 mem=20.748226165771484
p3-task c003 19/40 L=0.190 Lq=-0.0507 Le=-0.112 rA=0.175 rB=0.225 a_out=2 u_out=2 mem=20.748226165771484
p3-task c003 20/40 L=0.181 Lq=-0.0476 Le=-0.109 rA=0.176 rB=0.224 a_out=2 u_out=2 mem=20.748226165771484
p3-task c003 21/40 L=0.179 Lq=-0.0405 Le=-0.089 rA=0.180 rB=0.220 a_out=1 u_out=1 mem=20.748226165771484
p3-task c003 22/40 L=0.180 Lq=-0.0372 Le=-0.065 rA=0.181 rB=0.219 a_out=1 u_out=1 mem=20.748226165771484
p3-task c003 23/40 L=0.182 Lq=-0.0345 Le=-0.080 rA=0.183 rB=0.217 a_out=1 u_out=1 mem=20.748226165771484
p3-task c003 24/40 L=0.163 Lq=-0.0492 Le=-0.134 rA=0.175 rB=0.225 a_out=2 u_out=2 mem=20.748226165771484
p3-task c003 25/40 L=0.169 Lq=-0.0481 Le=-0.099 rA=0.176 rB=0.224 a_out=2 u_out=2 mem=20.748226165771484
p3-task c003 26/40 L=0.163 Lq=-0.0506 Le=-0.124 rA=0.175 rB=0.225 a_out=2 u_out=2 mem=20.748226165771484
p3-task c003 27/40 L=0.172 Lq=-0.0388 Le=-0.025 rA=0.181 rB=0.219 a_out=1 u_out=1 mem=20.748226165771484
p3-task c003 28/40 L=0.165 Lq=-0.0465 Le=-0.126 rA=0.177 rB=0.223 a_out=2 u_out=2 mem=20.748226165771484
p3-task c003 29/40 L=0.159 Lq=-0.0477 Le=-0.147 rA=0.176 rB=0.224 a_out=2 u_out=2 mem=20.748226165771484
p3-task c003 30/40 L=0.161 Lq=-0.0463 Le=-0.098 rA=0.177 rB=0.223 a_out=2 u_out=2 mem=20.748226165771484
p3-task c003 31/40 L=0.157 Lq=-0.0470 Le=-0.099 rA=0.177 rB=0.223 a_out=2 u_out=2 mem=20.748226165771484
p3-task c003 32/40 L=0.141 Lq=-0.0520 Le=-0.123 rA=0.174 rB=0.226 a_out=2 u_out=2 mem=20.748226165771484
p3-task c003 33/40 L=0.149 Lq=-0.0442 Le=-0.082 rA=0.178 rB=0.222 a_out=1 u_out=1 mem=20.748226165771484
p3-task c003 34/40 L=0.142 Lq=-0.0530 Le=-0.138 rA=0.173 rB=0.227 a_out=2 u_out=2 mem=20.748226165771484
p3-task c003 35/40 L=0.146 Lq=-0.0569 Le=-0.158 rA=0.172 rB=0.228 a_out=2 u_out=2 mem=20.748226165771484
p3-task c003 36/40 L=0.141 Lq=-0.0637 Le=-0.191 rA=0.168 rB=0.232 a_out=3 u_out=3 mem=20.748226165771484
p3-task c003 37/40 L=0.148 Lq=-0.0543 Le=-0.159 rA=0.173 rB=0.227 a_out=2 u_out=2 mem=20.748226165771484
p3-task c003 38/40 L=0.150 Lq=-0.0680 Le=-0.206 rA=0.166 rB=0.234 a_out=3 u_out=3 mem=20.748226165771484
p3-task c003 39/40 L=0.164 Lq=-0.0663 Le=-0.178 rA=0.167 rB=0.233 a_out=3 u_out=3 mem=20.748226165771484
p3-task c003 40/40 L=0.143 Lq=-0.0664 Le=-0.167 rA=0.167 rB=0.233 a_out=3 u_out=3 mem=20.748226165771484
== p3-task attack c004 (3/32) ==
p3-task c004 1/40 L=0.106 Lq=+0.0021 Le=-0.085 rA=0.201 rB=0.199 a_out=0 u_out=0 mem=20.748226165771484
p3-task c004 2/40 L=0.078 Lq=+0.0169 Le=-0.001 rA=0.208 rB=0.192 a_out=0 u_out=0 mem=20.748226165771484
p3-task c004 3/40 L=0.106 Lq=-0.0024 Le=-0.075 rA=0.199 rB=0.201 a_out=0 u_out=0 mem=20.748226165771484
p3-task c004 4/40 L=0.082 Lq=+0.0007 Le=-0.056 rA=0.200 rB=0.200 a_out=0 u_out=0 mem=20.748226165771484
p3-task c004 5/40 L=0.071 Lq=-0.0135 Le=-0.164 rA=0.193 rB=0.207 a_out=1 u_out=1 mem=20.748226165771484
p3-task c004 6/40 L=0.062 Lq=+0.0070 Le=-0.109 rA=0.203 rB=0.197 a_out=0 u_out=0 mem=20.748226165771484
p3-task c004 7/40 L=0.083 Lq=-0.0167 Le=-0.215 rA=0.192 rB=0.208 a_out=1 u_out=1 mem=20.748226165771484
p3-task c004 8/40 L=0.079 Lq=-0.0313 Le=-0.211 rA=0.184 rB=0.216 a_out=2 u_out=2 mem=20.748226165771484
p3-task c004 9/40 L=0.077 Lq=-0.0166 Le=-0.161 rA=0.192 rB=0.208 a_out=1 u_out=1 mem=20.748226165771484
p3-task c004 10/40 L=0.064 Lq=-0.0354 Le=-0.262 rA=0.182 rB=0.218 a_out=2 u_out=2 mem=20.748226165771484
p3-task c004 11/40 L=0.077 Lq=-0.0258 Le=-0.207 rA=0.187 rB=0.213 a_out=2 u_out=2 mem=20.748226165771484
p3-task c004 12/40 L=0.066 Lq=-0.0185 Le=-0.185 rA=0.191 rB=0.209 a_out=1 u_out=1 mem=20.748226165771484
p3-task c004 13/40 L=0.063 Lq=-0.0152 Le=-0.150 rA=0.192 rB=0.208 a_out=1 u_out=1 mem=20.748226165771484
p3-task c004 14/40 L=0.060 Lq=-0.0171 Le=-0.207 rA=0.191 rB=0.209 a_out=1 u_out=1 mem=20.748226165771484
p3-task c004 15/40 L=0.084 Lq=-0.0208 Le=-0.218 rA=0.190 rB=0.210 a_out=1 u_out=1 mem=20.748226165771484
p3-task c004 16/40 L=0.082 Lq=-0.0316 Le=-0.266 rA=0.184 rB=0.216 a_out=2 u_out=2 mem=20.748226165771484
p3-task c004 17/40 L=0.077 Lq=-0.0296 Le=-0.234 rA=0.185 rB=0.215 a_out=2 u_out=2 mem=20.748226165771484
p3-task c004 18/40 L=0.062 Lq=-0.0263 Le=-0.267 rA=0.187 rB=0.213 a_out=2 u_out=2 mem=20.748226165771484
p3-task c004 19/40 L=0.071 Lq=-0.0325 Le=-0.275 rA=0.184 rB=0.216 a_out=2 u_out=2 mem=20.748226165771484
p3-task c004 20/40 L=0.073 Lq=-0.0327 Le=-0.251 rA=0.184 rB=0.216 a_out=2 u_out=2 mem=20.748226165771484

===== night_chain start 2026-09-16T01:47:22+08:00 =====
The argument `trust_remote_code` is to be used with Auto classes. It has no effect here and is ignored.
`Qwen2VLRotaryEmbedding` can now be fully parameterized by passing the model config through the `config` argument. All other arguments will be removed in v4.46
Loading checkpoint shards:   0%|          | 0/5 [00:00<?, ?it/s]Loading checkpoint shards:  20%|██        | 1/5 [00:01<00:05,  1.29s/it]Loading checkpoint shards:  40%|████      | 2/5 [00:02<00:03,  1.14s/it]Loading checkpoint shards:  60%|██████    | 3/5 [00:03<00:02,  1.11s/it]Loading checkpoint shards:  80%|████████  | 4/5 [00:04<00:01,  1.09s/it]Loading checkpoint shards: 100%|██████████| 5/5 [00:04<00:00,  1.22it/s]Loading checkpoint shards: 100%|██████████| 5/5 [00:04<00:00,  1.04it/s]
==== P3 METHOD random ====
resume 32 random samples
==== P3 METHOD task ====
== p3-task attack c000 (1/32) ==
p3-task c000 1/40 L=-0.088 Lq=-0.0524 Le=-0.223 rA=0.174 rB=0.226 a_out=0 u_out=0 mem=20.503394603729248
p3-task c000 2/40 L=-0.099 Lq=-0.0640 Le=-0.278 rA=0.168 rB=0.232 a_out=1 u_out=1 mem=20.511329650878906
p3-task c000 3/40 L=-0.103 Lq=-0.0735 Le=-0.295 rA=0.163 rB=0.237 a_out=1 u_out=1 mem=20.511329650878906
p3-task c000 4/40 L=-0.114 Lq=-0.0731 Le=-0.307 rA=0.163 rB=0.237 a_out=1 u_out=1 mem=20.511329650878906
p3-task c000 5/40 L=-0.136 Lq=-0.0652 Le=-0.301 rA=0.167 rB=0.233 a_out=1 u_out=1 mem=20.511329650878906
p3-task c000 6/40 L=-0.177 Lq=-0.0608 Le=-0.264 rA=0.170 rB=0.230 a_out=1 u_out=1 mem=20.511329650878906
p3-task c000 7/40 L=-0.146 Lq=-0.0562 Le=-0.254 rA=0.172 rB=0.228 a_out=0 u_out=0 mem=20.511329650878906
p3-task c000 8/40 L=-0.173 Lq=-0.0517 Le=-0.215 rA=0.174 rB=0.226 a_out=0 u_out=0 mem=20.511329650878906
p3-task c000 9/40 L=-0.160 Lq=-0.0538 Le=-0.247 rA=0.173 rB=0.227 a_out=0 u_out=0 mem=20.511329650878906
p3-task c000 10/40 L=-0.151 Lq=-0.0514 Le=-0.232 rA=0.174 rB=0.226 a_out=0 u_out=0 mem=20.511329650878906
p3-task c000 11/40 L=-0.172 Lq=-0.0592 Le=-0.255 rA=0.170 rB=0.230 a_out=1 u_out=1 mem=20.511329650878906
p3-task c000 12/40 L=-0.164 Lq=-0.0539 Le=-0.211 rA=0.173 rB=0.227 a_out=0 u_out=0 mem=20.511329650878906
p3-task c000 13/40 L=-0.179 Lq=-0.0605 Le=-0.251 rA=0.170 rB=0.230 a_out=1 u_out=1 mem=20.511329650878906
p3-task c000 14/40 L=-0.175 Lq=-0.0620 Le=-0.248 rA=0.169 rB=0.231 a_out=1 u_out=1 mem=20.511329650878906
p3-task c000 15/40 L=-0.194 Lq=-0.0386 Le=-0.193 rA=0.181 rB=0.219 a_out=0 u_out=0 mem=20.511329650878906
p3-task c000 16/40 L=-0.169 Lq=-0.0394 Le=-0.169 rA=0.180 rB=0.220 a_out=0 u_out=0 mem=20.511329650878906
p3-task c000 17/40 L=-0.181 Lq=-0.0402 Le=-0.196 rA=0.180 rB=0.220 a_out=0 u_out=0 mem=20.511329650878906
p3-task c000 18/40 L=-0.206 Lq=-0.0301 Le=-0.176 rA=0.185 rB=0.215 a_out=0 u_out=0 mem=20.511329650878906
p3-task c000 19/40 L=-0.157 Lq=-0.0334 Le=-0.207 rA=0.183 rB=0.217 a_out=0 u_out=0 mem=20.511329650878906
p3-task c000 20/40 L=-0.201 Lq=-0.0233 Le=-0.145 rA=0.188 rB=0.212 a_out=0 u_out=0 mem=20.511329650878906
p3-task c000 21/40 L=-0.198 Lq=-0.0328 Le=-0.187 rA=0.184 rB=0.216 a_out=0 u_out=0 mem=20.511329650878906
p3-task c000 22/40 L=-0.217 Lq=-0.0444 Le=-0.220 rA=0.178 rB=0.222 a_out=0 u_out=0 mem=20.511329650878906
p3-task c000 23/40 L=-0.196 Lq=-0.0380 Le=-0.221 rA=0.181 rB=0.219 a_out=0 u_out=0 mem=20.511329650878906
p3-task c000 24/40 L=-0.215 Lq=-0.0348 Le=-0.162 rA=0.183 rB=0.217 a_out=0 u_out=0 mem=20.511329650878906
p3-task c000 25/40 L=-0.176 Lq=-0.0530 Le=-0.254 rA=0.174 rB=0.226 a_out=0 u_out=0 mem=20.511329650878906
p3-task c000 26/40 L=-0.185 Lq=-0.0637 Le=-0.304 rA=0.168 rB=0.232 a_out=1 u_out=1 mem=20.511329650878906
p3-task c000 27/40 L=-0.155 Lq=-0.0497 Le=-0.237 rA=0.175 rB=0.225 a_out=0 u_out=0 mem=20.511329650878906
p3-task c000 28/40 L=-0.196 Lq=-0.0483 Le=-0.230 rA=0.176 rB=0.224 a_out=0 u_out=0 mem=20.511329650878906
p3-task c000 29/40 L=-0.220 Lq=-0.0468 Le=-0.229 rA=0.177 rB=0.223 a_out=0 u_out=0 mem=20.511329650878906
p3-task c000 30/40 L=-0.169 Lq=-0.0487 Le=-0.234 rA=0.176 rB=0.224 a_out=0 u_out=0 mem=20.511329650878906
p3-task c000 31/40 L=-0.201 Lq=-0.0298 Le=-0.211 rA=0.185 rB=0.215 a_out=0 u_out=0 mem=20.511329650878906
p3-task c000 32/40 L=-0.177 Lq=-0.0439 Le=-0.230 rA=0.178 rB=0.222 a_out=0 u_out=0 mem=20.511329650878906
p3-task c000 33/40 L=-0.236 Lq=-0.0292 Le=-0.191 rA=0.185 rB=0.215 a_out=0 u_out=0 mem=20.511329650878906
p3-task c000 34/40 L=-0.233 Lq=-0.0290 Le=-0.197 rA=0.185 rB=0.215 a_out=0 u_out=0 mem=20.511329650878906
p3-task c000 35/40 L=-0.242 Lq=-0.0345 Le=-0.165 rA=0.183 rB=0.217 a_out=0 u_out=0 mem=20.511329650878906
p3-task c000 36/40 L=-0.247 Lq=-0.0427 Le=-0.206 rA=0.179 rB=0.221 a_out=0 u_out=0 mem=20.511329650878906
p3-task c000 37/40 L=-0.206 Lq=-0.0298 Le=-0.183 rA=0.185 rB=0.215 a_out=0 u_out=0 mem=20.511329650878906
p3-task c000 38/40 L=-0.182 Lq=-0.0350 Le=-0.203 rA=0.182 rB=0.218 a_out=0 u_out=0 mem=20.511329650878906
p3-task c000 39/40 L=-0.197 Lq=-0.0416 Le=-0.238 rA=0.179 rB=0.221 a_out=0 u_out=0 mem=20.511329650878906
p3-task c000 40/40 L=-0.218 Lq=-0.0269 Le=-0.169 rA=0.187 rB=0.213 a_out=0 u_out=0 mem=20.511329650878906
== p3-task attack c003 (2/32) ==
p3-task c003 1/40 L=-0.218 Lq=-0.0237 Le=-0.070 rA=0.188 rB=0.212 a_out=0 u_out=0 mem=20.748225688934326
p3-task c003 2/40 L=-0.246 Lq=-0.0406 Le=-0.090 rA=0.180 rB=0.220 a_out=1 u_out=1 mem=20.748226165771484
p3-task c003 3/40 L=-0.240 Lq=-0.0432 Le=-0.047 rA=0.178 rB=0.222 a_out=1 u_out=1 mem=20.748226165771484
p3-task c003 4/40 L=-0.269 Lq=-0.0491 Le=-0.075 rA=0.175 rB=0.225 a_out=2 u_out=2 mem=20.748226165771484
p3-task c003 5/40 L=-0.272 Lq=-0.0510 Le=-0.084 rA=0.174 rB=0.226 a_out=2 u_out=2 mem=20.748226165771484
p3-task c003 6/40 L=-0.275 Lq=-0.0452 Le=-0.062 rA=0.177 rB=0.223 a_out=1 u_out=1 mem=20.748226165771484
p3-task c003 7/40 L=-0.300 Lq=-0.0524 Le=-0.090 rA=0.174 rB=0.226 a_out=2 u_out=2 mem=20.748226165771484
p3-task c003 8/40 L=-0.313 Lq=-0.0486 Le=-0.081 rA=0.176 rB=0.224 a_out=2 u_out=2 mem=20.748226165771484
p3-task c003 9/40 L=-0.327 Lq=-0.0557 Le=-0.118 rA=0.172 rB=0.228 a_out=2 u_out=2 mem=20.748226165771484
p3-task c003 10/40 L=-0.359 Lq=-0.0395 Le=-0.036 rA=0.180 rB=0.220 a_out=1 u_out=1 mem=20.748226165771484
p3-task c003 11/40 L=-0.342 Lq=-0.0463 Le=-0.112 rA=0.177 rB=0.223 a_out=2 u_out=2 mem=20.748226165771484
p3-task c003 12/40 L=-0.382 Lq=-0.0439 Le=-0.051 rA=0.178 rB=0.222 a_out=1 u_out=1 mem=20.748226165771484
p3-task c003 13/40 L=-0.371 Lq=-0.0452 Le=-0.043 rA=0.177 rB=0.223 a_out=1 u_out=1 mem=20.748226165771484
p3-task c003 14/40 L=-0.389 Lq=-0.0548 Le=-0.085 rA=0.173 rB=0.227 a_out=2 u_out=2 mem=20.748226165771484
p3-task c003 15/40 L=-0.444 Lq=-0.0466 Le=-0.073 rA=0.177 rB=0.223 a_out=2 u_out=2 mem=20.748226165771484
p3-task c003 16/40 L=-0.483 Lq=-0.0443 Le=-0.075 rA=0.178 rB=0.222 a_out=1 u_out=1 mem=20.748226165771484
p3-task c003 17/40 L=-0.482 Lq=-0.0443 Le=-0.079 rA=0.178 rB=0.222 a_out=1 u_out=1 mem=20.748226165771484
p3-task c003 18/40 L=-0.440 Lq=-0.0449 Le=-0.075 rA=0.178 rB=0.222 a_out=1 u_out=1 mem=20.748226165771484
p3-task c003 19/40 L=-0.557 Lq=-0.0481 Le=-0.074 rA=0.176 rB=0.224 a_out=2 u_out=2 mem=20.748226165771484
p3-task c003 20/40 L=-0.541 Lq=-0.0451 Le=-0.056 rA=0.177 rB=0.223 a_out=1 u_out=1 mem=20.748226165771484
p3-task c003 21/40 L=-0.535 Lq=-0.0471 Le=-0.063 rA=0.176 rB=0.224 a_out=2 u_out=2 mem=20.748226165771484
p3-task c003 22/40 L=-0.612 Lq=-0.0468 Le=-0.052 rA=0.177 rB=0.223 a_out=2 u_out=2 mem=20.748226165771484
p3-task c003 23/40 L=-0.689 Lq=-0.0445 Le=-0.066 rA=0.178 rB=0.222 a_out=1 u_out=1 mem=20.748226165771484
p3-task c003 24/40 L=-0.765 Lq=-0.0401 Le=0.001 rA=0.180 rB=0.220 a_out=1 u_out=1 mem=20.748226165771484
p3-task c003 25/40 L=-0.685 Lq=-0.0484 Le=-0.057 rA=0.176 rB=0.224 a_out=2 u_out=2 mem=20.748226165771484
p3-task c003 26/40 L=-0.751 Lq=-0.0377 Le=-0.065 rA=0.181 rB=0.219 a_out=1 u_out=1 mem=20.748226165771484
p3-task c003 27/40 L=-0.795 Lq=-0.0496 Le=-0.081 rA=0.175 rB=0.225 a_out=2 u_out=2 mem=20.748226165771484
p3-task c003 28/40 L=-0.951 Lq=-0.0398 Le=-0.052 rA=0.180 rB=0.220 a_out=1 u_out=1 mem=20.748226165771484
p3-task c003 29/40 L=-0.848 Lq=-0.0392 Le=-0.040 rA=0.180 rB=0.220 a_out=1 u_out=1 mem=20.748226165771484
p3-task c003 30/40 L=-0.968 Lq=-0.0483 Le=-0.110 rA=0.176 rB=0.224 a_out=2 u_out=2 mem=20.748226165771484
p3-task c003 31/40 L=-1.008 Lq=-0.0368 Le=-0.036 rA=0.182 rB=0.218 a_out=1 u_out=1 mem=20.748226165771484
p3-task c003 32/40 L=-0.822 Lq=-0.0458 Le=-0.110 rA=0.177 rB=0.223 a_out=1 u_out=1 mem=20.748226165771484
p3-task c003 33/40 L=-1.066 Lq=-0.0395 Le=-0.016 rA=0.180 rB=0.220 a_out=1 u_out=1 mem=20.748226165771484
p3-task c003 34/40 L=-1.155 Lq=-0.0368 Le=-0.043 rA=0.182 rB=0.218 a_out=1 u_out=1 mem=20.748226165771484
p3-task c003 35/40 L=-0.975 Lq=-0.0424 Le=-0.077 rA=0.179 rB=0.221 a_out=1 u_out=1 mem=20.748226165771484
p3-task c003 36/40 L=-1.482 Lq=-0.0367 Le=-0.062 rA=0.182 rB=0.218 a_out=1 u_out=1 mem=20.748226165771484
p3-task c003 37/40 L=-1.319 Lq=-0.0313 Le=0.009 rA=0.184 rB=0.216 a_out=0 u_out=0 mem=20.748226165771484
p3-task c003 38/40 L=-1.060 Lq=-0.0372 Le=-0.047 rA=0.181 rB=0.219 a_out=1 u_out=1 mem=20.748226165771484
p3-task c003 39/40 L=-1.483 Lq=-0.0282 Le=0.031 rA=0.186 rB=0.214 a_out=0 u_out=0 mem=20.748226165771484
p3-task c003 40/40 L=-1.556 Lq=-0.0345 Le=0.008 rA=0.183 rB=0.217 a_out=1 u_out=1 mem=20.748226165771484
== p3-task attack c004 (3/32) ==
p3-task c004 1/40 L=-0.106 Lq=+0.0021 Le=-0.085 rA=0.201 rB=0.199 a_out=0 u_out=0 mem=20.748226165771484
p3-task c004 2/40 L=-0.137 Lq=+0.0057 Le=-0.115 rA=0.203 rB=0.197 a_out=0 u_out=0 mem=20.748226165771484
p3-task c004 3/40 L=-0.167 Lq=+0.0073 Le=-0.090 rA=0.204 rB=0.196 a_out=0 u_out=0 mem=20.748226165771484
p3-task c004 4/40 L=-0.171 Lq=+0.0031 Le=-0.101 rA=0.202 rB=0.198 a_out=0 u_out=0 mem=20.748226165771484
p3-task c004 5/40 L=-0.190 Lq=+0.0045 Le=-0.113 rA=0.202 rB=0.198 a_out=0 u_out=0 mem=20.748226165771484
p3-task c004 6/40 L=-0.195 Lq=-0.0043 Le=-0.145 rA=0.198 rB=0.202 a_out=0 u_out=0 mem=20.748226165771484
p3-task c004 7/40 L=-0.218 Lq=+0.0030 Le=-0.121 rA=0.201 rB=0.199 a_out=0 u_out=0 mem=20.748226165771484
p3-task c004 8/40 L=-0.207 Lq=-0.0037 Le=-0.160 rA=0.198 rB=0.202 a_out=0 u_out=0 mem=20.748226165771484
p3-task c004 9/40 L=-0.260 Lq=-0.0040 Le=-0.114 rA=0.198 rB=0.202 a_out=0 u_out=0 mem=20.748226165771484
p3-task c004 10/40 L=-0.298 Lq=-0.0182 Le=-0.158 rA=0.191 rB=0.209 a_out=1 u_out=1 mem=20.748226165771484
p3-task c004 11/40 L=-0.369 Lq=-0.0091 Le=-0.133 rA=0.195 rB=0.205 a_out=1 u_out=1 mem=20.748226165771484
p3-task c004 12/40 L=-0.421 Lq=-0.0037 Le=-0.097 rA=0.198 rB=0.202 a_out=0 u_out=0 mem=20.748226165771484
p3-task c004 13/40 L=-0.457 Lq=-0.0038 Le=-0.115 rA=0.198 rB=0.202 a_out=0 u_out=0 mem=20.748226165771484
p3-task c004 14/40 L=-0.491 Lq=-0.0033 Le=-0.103 rA=0.198 rB=0.202 a_out=0 u_out=0 mem=20.748226165771484
p3-task c004 15/40 L=-0.536 Lq=-0.0087 Le=-0.144 rA=0.196 rB=0.204 a_out=1 u_out=1 mem=20.748226165771484
p3-task c004 16/40 L=-0.614 Lq=-0.0047 Le=-0.119 rA=0.198 rB=0.202 a_out=0 u_out=0 mem=20.748226165771484
p3-task c004 17/40 L=-0.648 Lq=+0.0020 Le=-0.083 rA=0.201 rB=0.199 a_out=0 u_out=0 mem=20.748226165771484
p3-task c004 18/40 L=-0.722 Lq=+0.0080 Le=-0.115 rA=0.204 rB=0.196 a_out=0 u_out=0 mem=20.748226165771484
p3-task c004 19/40 L=-0.656 Lq=+0.0061 Le=-0.077 rA=0.203 rB=0.197 a_out=0 u_out=0 mem=20.748226165771484
p3-task c004 20/40 L=-0.737 Lq=+0.0063 Le=-0.104 rA=0.203 rB=0.197 a_out=0 u_out=0 mem=20.748226165771484
p3-task c004 21/40 L=-0.798 Lq=+0.0163 Le=-0.081 rA=0.208 rB=0.192 a_out=0 u_out=0 mem=20.748226165771484
p3-task c004 22/40 L=-0.830 Lq=+0.0058 Le=-0.075 rA=0.203 rB=0.197 a_out=0 u_out=0 mem=20.748226165771484
p3-task c004 23/40 L=-0.811 Lq=+0.0119 Le=-0.037 rA=0.206 rB=0.194 a_out=0 u_out=0 mem=20.748226165771484
p3-task c004 24/40 L=-0.867 Lq=+0.0087 Le=0.008 rA=0.204 rB=0.196 a_out=0 u_out=0 mem=20.748226165771484
p3-task c004 25/40 L=-0.953 Lq=+0.0072 Le=0.000 rA=0.204 rB=0.196 a_out=0 u_out=0 mem=20.748226165771484
p3-task c004 26/40 L=-1.026 Lq=+0.0087 Le=-0.033 rA=0.204 rB=0.196 a_out=0 u_out=0 mem=20.748226165771484
p3-task c004 27/40 L=-1.094 Lq=+0.0231 Le=0.052 rA=0.212 rB=0.188 a_out=0 u_out=0 mem=20.748226165771484
p3-task c004 28/40 L=-1.099 Lq=+0.0147 Le=-0.018 rA=0.207 rB=0.193 a_out=0 u_out=0 mem=20.748226165771484
p3-task c004 29/40 L=-1.258 Lq=+0.0120 Le=-0.049 rA=0.206 rB=0.194 a_out=0 u_out=0 mem=20.748226165771484
p3-task c004 30/40 L=-1.314 Lq=+0.0101 Le=-0.025 rA=0.205 rB=0.195 a_out=0 u_out=0 mem=20.748226165771484
p3-task c004 31/40 L=-1.242 Lq=+0.0219 Le=0.037 rA=0.211 rB=0.189 a_out=0 u_out=0 mem=20.748226165771484
p3-task c004 32/40 L=-1.313 Lq=+0.0105 Le=-0.036 rA=0.205 rB=0.195 a_out=0 u_out=0 mem=20.748226165771484
p3-task c004 33/40 L=-1.513 Lq=+0.0211 Le=0.070 rA=0.211 rB=0.189 a_out=0 u_out=0 mem=20.748226165771484
p3-task c004 34/40 L=-1.459 Lq=+0.0104 Le=-0.037 rA=0.205 rB=0.195 a_out=0 u_out=0 mem=20.748226165771484
p3-task c004 35/40 L=-1.591 Lq=+0.0221 Le=0.054 rA=0.211 rB=0.189 a_out=0 u_out=0 mem=20.748226165771484
p3-task c004 36/40 L=-1.532 Lq=+0.0156 Le=0.012 rA=0.208 rB=0.192 a_out=0 u_out=0 mem=20.748226165771484
p3-task c004 37/40 L=-1.777 Lq=+0.0136 Le=0.009 rA=0.207 rB=0.193 a_out=0 u_out=0 mem=20.748226165771484
p3-task c004 38/40 L=-1.801 Lq=+0.0184 Le=-0.004 rA=0.209 rB=0.191 a_out=0 u_out=0 mem=20.748226165771484
p3-task c004 39/40 L=-1.458 Lq=+0.0150 Le=-0.020 rA=0.207 rB=0.193 a_out=0 u_out=0 mem=20.748226165771484
p3-task c004 40/40 L=-1.890 Lq=+0.0125 Le=-0.040 rA=0.206 rB=0.194 a_out=0 u_out=0 mem=20.748226165771484
== p3-task attack c005 (4/32) ==
p3-task c005 1/40 L=-0.295 Lq=-0.0363 Le=-0.162 rA=0.182 rB=0.218 a_out=1 u_out=1 mem=20.748226165771484
p3-task c005 2/40 L=-0.277 Lq=-0.0298 Le=-0.143 rA=0.185 rB=0.215 a_out=1 u_out=1 mem=20.748226165771484
p3-task c005 3/40 L=-0.297 Lq=-0.0318 Le=-0.111 rA=0.184 rB=0.216 a_out=1 u_out=1 mem=20.748226165771484
p3-task c005 4/40 L=-0.300 Lq=-0.0266 Le=-0.123 rA=0.187 rB=0.213 a_out=0 u_out=0 mem=20.748226165771484
p3-task c005 5/40 L=-0.306 Lq=-0.0358 Le=-0.163 rA=0.182 rB=0.218 a_out=1 u_out=1 mem=20.748226165771484
p3-task c005 6/40 L=-0.297 Lq=-0.0419 Le=-0.197 rA=0.179 rB=0.221 a_out=1 u_out=1 mem=20.748226165771484
p3-task c005 7/40 L=-0.297 Lq=-0.0418 Le=-0.163 rA=0.179 rB=0.221 a_out=1 u_out=1 mem=20.748226165771484
p3-task c005 8/40 L=-0.304 Lq=-0.0348 Le=-0.164 rA=0.183 rB=0.217 a_out=1 u_out=1 mem=20.748226165771484
p3-task c005 9/40 L=-0.292 Lq=-0.0432 Le=-0.172 rA=0.178 rB=0.222 a_out=1 u_out=1 mem=20.748226165771484
p3-task c005 10/40 L=-0.283 Lq=-0.0557 Le=-0.225 rA=0.172 rB=0.228 a_out=1 u_out=1 mem=20.748226165771484
p3-task c005 11/40 L=-0.286 Lq=-0.0360 Le=-0.137 rA=0.182 rB=0.218 a_out=1 u_out=1 mem=20.748226165771484
p3-task c005 12/40 L=-0.284 Lq=-0.0292 Le=-0.100 rA=0.185 rB=0.215 a_out=1 u_out=1 mem=20.748226165771484
p3-task c005 13/40 L=-0.294 Lq=-0.0326 Le=-0.144 rA=0.184 rB=0.216 a_out=1 u_out=1 mem=20.748226165771484
p3-task c005 14/40 L=-0.283 Lq=-0.0273 Le=-0.112 rA=0.186 rB=0.214 a_out=1 u_out=1 mem=20.748226165771484
p3-task c005 15/40 L=-0.301 Lq=-0.0365 Le=-0.159 rA=0.182 rB=0.218 a_out=1 u_out=1 mem=20.748226165771484
p3-task c005 16/40 L=-0.300 Lq=-0.0465 Le=-0.172 rA=0.177 rB=0.223 a_out=1 u_out=1 mem=20.748226165771484
p3-task c005 17/40 L=-0.314 Lq=-0.0439 Le=-0.201 rA=0.178 rB=0.222 a_out=1 u_out=1 mem=20.748226165771484
p3-task c005 18/40 L=-0.318 Lq=-0.0394 Le=-0.148 rA=0.180 rB=0.220 a_out=1 u_out=1 mem=20.748226165771484
p3-task c005 19/40 L=-0.333 Lq=-0.0462 Le=-0.146 rA=0.177 rB=0.223 a_out=1 u_out=1 mem=20.748226165771484
p3-task c005 20/40 L=-0.322 Lq=-0.0258 Le=-0.143 rA=0.187 rB=0.213 a_out=0 u_out=0 mem=20.748226165771484
p3-task c005 21/40 L=-0.339 Lq=-0.0410 Le=-0.173 rA=0.180 rB=0.220 a_out=1 u_out=1 mem=20.748226165771484
p3-task c005 22/40 L=-0.362 Lq=-0.0421 Le=-0.192 rA=0.179 rB=0.221 a_out=1 u_out=1 mem=20.748226165771484
p3-task c005 23/40 L=-0.373 Lq=-0.0248 Le=-0.156 rA=0.188 rB=0.212 a_out=0 u_out=0 mem=20.748226165771484
p3-task c005 24/40 L=-0.327 Lq=-0.0449 Le=-0.215 rA=0.178 rB=0.222 a_out=1 u_out=1 mem=20.748226165771484
p3-task c005 25/40 L=-0.378 Lq=-0.0169 Le=-0.093 rA=0.192 rB=0.208 a_out=0 u_out=0 mem=20.748226165771484
p3-task c005 26/40 L=-0.393 Lq=-0.0185 Le=-0.143 rA=0.191 rB=0.209 a_out=0 u_out=0 mem=20.748226165771484
p3-task c005 27/40 L=-0.382 Lq=-0.0284 Le=-0.134 rA=0.186 rB=0.214 a_out=1 u_out=1 mem=20.748226165771484
p3-task c005 28/40 L=-0.358 Lq=-0.0259 Le=-0.172 rA=0.187 rB=0.213 a_out=0 u_out=0 mem=20.748226165771484
p3-task c005 29/40 L=-0.378 Lq=-0.0284 Le=-0.176 rA=0.186 rB=0.214 a_out=1 u_out=1 mem=20.748226165771484
p3-task c005 30/40 L=-0.397 Lq=-0.0229 Le=-0.144 rA=0.189 rB=0.211 a_out=0 u_out=0 mem=20.748226165771484
p3-task c005 31/40 L=-0.390 Lq=-0.0282 Le=-0.195 rA=0.186 rB=0.214 a_out=1 u_out=1 mem=20.748226165771484
p3-task c005 32/40 L=-0.412 Lq=-0.0270 Le=-0.136 rA=0.186 rB=0.214 a_out=1 u_out=1 mem=20.748226165771484
p3-task c005 33/40 L=-0.377 Lq=-0.0332 Le=-0.170 rA=0.183 rB=0.217 a_out=1 u_out=1 mem=20.748226165771484
p3-task c005 34/40 L=-0.417 Lq=-0.0275 Le=-0.121 rA=0.186 rB=0.214 a_out=1 u_out=1 mem=20.748226165771484
p3-task c005 35/40 L=-0.439 Lq=-0.0161 Le=-0.104 rA=0.192 rB=0.208 a_out=0 u_out=0 mem=20.748226165771484
p3-task c005 36/40 L=-0.452 Lq=-0.0235 Le=-0.108 rA=0.188 rB=0.212 a_out=0 u_out=0 mem=20.748226165771484
p3-task c005 37/40 L=-0.436 Lq=-0.0307 Le=-0.142 rA=0.185 rB=0.215 a_out=1 u_out=1 mem=20.748226165771484
p3-task c005 38/40 L=-0.443 Lq=-0.0168 Le=-0.156 rA=0.192 rB=0.208 a_out=0 u_out=0 mem=20.748226165771484
p3-task c005 39/40 L=-0.469 Lq=-0.0256 Le=-0.141 rA=0.187 rB=0.213 a_out=0 u_out=0 mem=20.748226165771484
p3-task c005 40/40 L=-0.462 Lq=-0.0173 Le=-0.165 rA=0.191 rB=0.209 a_out=0 u_out=0 mem=20.748226165771484
== p3-task attack c006 (5/32) ==
p3-task c006 1/40 L=-0.126 Lq=-0.0163 Le=0.023 rA=0.192 rB=0.208 a_out=0 u_out=0 mem=20.748226165771484
p3-task c006 2/40 L=-0.122 Lq=-0.0245 Le=0.031 rA=0.188 rB=0.212 a_out=1 u_out=1 mem=20.748226165771484
p3-task c006 3/40 L=-0.116 Lq=-0.0087 Le=-0.016 rA=0.196 rB=0.204 a_out=0 u_out=0 mem=20.748226165771484
p3-task c006 4/40 L=-0.122 Lq=-0.0203 Le=0.103 rA=0.190 rB=0.210 a_out=0 u_out=0 mem=20.748226165771484
p3-task c006 5/40 L=-0.113 Lq=-0.0037 Le=0.151 rA=0.198 rB=0.202 a_out=0 u_out=0 mem=20.748226165771484
p3-task c006 6/40 L=-0.131 Lq=-0.0153 Le=0.079 rA=0.192 rB=0.208 a_out=0 u_out=0 mem=20.748226165771484
p3-task c006 7/40 L=-0.139 Lq=-0.0226 Le=-0.004 rA=0.189 rB=0.211 a_out=0 u_out=0 mem=20.748226165771484
p3-task c006 8/40 L=-0.132 Lq=-0.0109 Le=0.066 rA=0.195 rB=0.205 a_out=0 u_out=0 mem=20.748226165771484
p3-task c006 9/40 L=-0.127 Lq=-0.0211 Le=0.018 rA=0.189 rB=0.211 a_out=0 u_out=0 mem=20.748226165771484
p3-task c006 10/40 L=-0.142 Lq=-0.0115 Le=0.116 rA=0.194 rB=0.206 a_out=0 u_out=0 mem=20.748226165771484
p3-task c006 11/40 L=-0.156 Lq=-0.0226 Le=0.053 rA=0.189 rB=0.211 a_out=0 u_out=0 mem=20.748226165771484
p3-task c006 12/40 L=-0.148 Lq=-0.0215 Le=0.014 rA=0.189 rB=0.211 a_out=0 u_out=0 mem=20.748226165771484
p3-task c006 13/40 L=-0.133 Lq=-0.0183 Le=0.070 rA=0.191 rB=0.209 a_out=0 u_out=0 mem=20.748226165771484
p3-task c006 14/40 L=-0.134 Lq=-0.0379 Le=0.024 rA=0.181 rB=0.219 a_out=1 u_out=1 mem=20.748226165771484
p3-task c006 15/40 L=-0.143 Lq=-0.0386 Le=0.039 rA=0.181 rB=0.219 a_out=2 u_out=2 mem=20.748226165771484
p3-task c006 16/40 L=-0.149 Lq=-0.0300 Le=0.056 rA=0.185 rB=0.215 a_out=1 u_out=1 mem=20.748226165771484
p3-task c006 17/40 L=-0.147 Lq=-0.0267 Le=0.025 rA=0.187 rB=0.213 a_out=1 u_out=1 mem=20.748226165771484
p3-task c006 18/40 L=-0.149 Lq=-0.0214 Le=0.064 rA=0.189 rB=0.211 a_out=0 u_out=0 mem=20.748226165771484
p3-task c006 19/40 L=-0.150 Lq=-0.0176 Le=0.109 rA=0.191 rB=0.209 a_out=0 u_out=0 mem=20.748226165771484
p3-task c006 20/40 L=-0.164 Lq=-0.0262 Le=0.066 rA=0.187 rB=0.213 a_out=1 u_out=1 mem=20.748226165771484
p3-task c006 21/40 L=-0.140 Lq=-0.0141 Le=0.054 rA=0.193 rB=0.207 a_out=0 u_out=0 mem=20.748226165771484
p3-task c006 22/40 L=-0.154 Lq=-0.0168 Le=0.083 rA=0.192 rB=0.208 a_out=0 u_out=0 mem=20.748226165771484
p3-task c006 23/40 L=-0.145 Lq=-0.0268 Le=0.024 rA=0.187 rB=0.213 a_out=1 u_out=1 mem=20.748226165771484
p3-task c006 24/40 L=-0.154 Lq=-0.0267 Le=0.009 rA=0.187 rB=0.213 a_out=1 u_out=1 mem=20.748226165771484
p3-task c006 25/40 L=-0.146 Lq=-0.0176 Le=0.108 rA=0.191 rB=0.209 a_out=0 u_out=0 mem=20.748226165771484
p3-task c006 26/40 L=-0.155 Lq=-0.0237 Le=0.054 rA=0.188 rB=0.212 a_out=1 u_out=1 mem=20.748226165771484
p3-task c006 27/40 L=-0.151 Lq=-0.0191 Le=0.082 rA=0.190 rB=0.210 a_out=0 u_out=0 mem=20.748226165771484
p3-task c006 28/40 L=-0.149 Lq=-0.0238 Le=0.077 rA=0.188 rB=0.212 a_out=1 u_out=1 mem=20.748226165771484
p3-task c006 29/40 L=-0.158 Lq=-0.0291 Le=0.018 rA=0.185 rB=0.215 a_out=1 u_out=1 mem=20.748226165771484
p3-task c006 30/40 L=-0.161 Lq=-0.0227 Le=-0.006 rA=0.189 rB=0.211 a_out=0 u_out=0 mem=20.748226165771484
p3-task c006 31/40 L=-0.152 Lq=-0.0187 Le=0.133 rA=0.191 rB=0.209 a_out=0 u_out=0 mem=20.748226165771484
p3-task c006 32/40 L=-0.167 Lq=-0.0168 Le=0.018 rA=0.192 rB=0.208 a_out=0 u_out=0 mem=20.748226165771484
p3-task c006 33/40 L=-0.155 Lq=-0.0171 Le=0.094 rA=0.191 rB=0.209 a_out=0 u_out=0 mem=20.748226165771484
p3-task c006 34/40 L=-0.152 Lq=-0.0283 Le=0.020 rA=0.186 rB=0.214 a_out=1 u_out=1 mem=20.748226165771484
p3-task c006 35/40 L=-0.147 Lq=-0.0216 Le=0.028 rA=0.189 rB=0.211 a_out=0 u_out=0 mem=20.748226165771484
p3-task c006 36/40 L=-0.148 Lq=-0.0147 Le=0.043 rA=0.193 rB=0.207 a_out=0 u_out=0 mem=20.748226165771484
p3-task c006 37/40 L=-0.157 Lq=-0.0157 Le=0.121 rA=0.192 rB=0.208 a_out=0 u_out=0 mem=20.748226165771484
p3-task c006 38/40 L=-0.167 Lq=-0.0080 Le=0.126 rA=0.196 rB=0.204 a_out=0 u_out=0 mem=20.748226165771484
p3-task c006 39/40 L=-0.161 Lq=-0.0099 Le=0.120 rA=0.195 rB=0.205 a_out=0 u_out=0 mem=20.748226165771484
p3-task c006 40/40 L=-0.150 Lq=-0.0146 Le=0.119 rA=0.193 rB=0.207 a_out=0 u_out=0 mem=20.748226165771484
== p3-task attack c007 (6/32) ==
p3-task c007 1/40 L=-0.215 Lq=-0.0120 Le=-0.096 rA=0.194 rB=0.206 a_out=0 u_out=0 mem=20.748226165771484
p3-task c007 2/40 L=-0.255 Lq=-0.0347 Le=-0.155 rA=0.183 rB=0.217 a_out=1 u_out=1 mem=20.748226165771484
p3-task c007 3/40 L=-0.275 Lq=-0.0271 Le=-0.178 rA=0.186 rB=0.214 a_out=1 u_out=1 mem=20.748226165771484
p3-task c007 4/40 L=-0.310 Lq=-0.0521 Le=-0.231 rA=0.174 rB=0.226 a_out=2 u_out=2 mem=20.748226165771484
p3-task c007 5/40 L=-0.335 Lq=-0.0518 Le=-0.234 rA=0.174 rB=0.226 a_out=2 u_out=2 mem=20.748226165771484
p3-task c007 6/40 L=-0.373 Lq=-0.0533 Le=-0.219 rA=0.173 rB=0.227 a_out=2 u_out=2 mem=20.748226165771484
p3-task c007 7/40 L=-0.374 Lq=-0.0492 Le=-0.223 rA=0.175 rB=0.225 a_out=2 u_out=2 mem=20.748226165771484
p3-task c007 8/40 L=-0.384 Lq=-0.0563 Le=-0.245 rA=0.172 rB=0.228 a_out=2 u_out=2 mem=20.748226165771484
p3-task c007 9/40 L=-0.389 Lq=-0.0502 Le=-0.243 rA=0.175 rB=0.225 a_out=2 u_out=2 mem=20.748226165771484
p3-task c007 10/40 L=-0.421 Lq=-0.0509 Le=-0.244 rA=0.175 rB=0.225 a_out=2 u_out=2 mem=20.748226165771484
p3-task c007 11/40 L=-0.488 Lq=-0.0473 Le=-0.219 rA=0.176 rB=0.224 a_out=2 u_out=2 mem=20.748226165771484
p3-task c007 12/40 L=-0.599 Lq=-0.0463 Le=-0.210 rA=0.177 rB=0.223 a_out=2 u_out=2 mem=20.748226165771484
p3-task c007 13/40 L=-0.817 Lq=-0.0504 Le=-0.214 rA=0.175 rB=0.225 a_out=2 u_out=2 mem=20.748226165771484
p3-task c007 14/40 L=-0.687 Lq=-0.0438 Le=-0.207 rA=0.178 rB=0.222 a_out=2 u_out=2 mem=20.748226165771484
p3-task c007 15/40 L=-1.212 Lq=-0.0585 Le=-0.213 rA=0.171 rB=0.229 a_out=2 u_out=2 mem=20.748226165771484
p3-task c007 16/40 L=-1.361 Lq=-0.0463 Le=-0.165 rA=0.177 rB=0.223 a_out=2 u_out=2 mem=20.748226165771484
p3-task c007 17/40 L=-1.031 Lq=-0.0519 Le=-0.195 rA=0.174 rB=0.226 a_out=2 u_out=2 mem=20.748226165771484
p3-task c007 18/40 L=-1.227 Lq=-0.0496 Le=-0.198 rA=0.175 rB=0.225 a_out=2 u_out=2 mem=20.748226165771484
p3-task c007 19/40 L=-1.436 Lq=-0.0517 Le=-0.194 rA=0.174 rB=0.226 a_out=2 u_out=2 mem=20.748226165771484
p3-task c007 20/40 L=-1.419 Lq=-0.0444 Le=-0.190 rA=0.178 rB=0.222 a_out=2 u_out=2 mem=20.748226165771484
p3-task c007 21/40 L=-1.414 Lq=-0.0528 Le=-0.204 rA=0.174 rB=0.226 a_out=2 u_out=2 mem=20.748226165771484
p3-task c007 22/40 L=-1.714 Lq=-0.0504 Le=-0.186 rA=0.175 rB=0.225 a_out=2 u_out=2 mem=20.748226165771484
p3-task c007 23/40 L=-1.870 Lq=-0.0457 Le=-0.191 rA=0.177 rB=0.223 a_out=2 u_out=2 mem=20.748226165771484
p3-task c007 24/40 L=-0.443 Lq=-0.0507 Le=-0.198 rA=0.175 rB=0.225 a_out=2 u_out=2 mem=20.748226165771484
p3-task c007 25/40 L=-0.819 Lq=-0.0482 Le=-0.183 rA=0.176 rB=0.224 a_out=2 u_out=2 mem=20.748226165771484
p3-task c007 26/40 L=-1.618 Lq=-0.0484 Le=-0.181 rA=0.176 rB=0.224 a_out=2 u_out=2 mem=20.748226165771484
p3-task c007 27/40 L=-1.651 Lq=-0.0477 Le=-0.189 rA=0.176 rB=0.224 a_out=2 u_out=2 mem=20.748226165771484
p3-task c007 28/40 L=-1.603 Lq=-0.0443 Le=-0.174 rA=0.178 rB=0.222 a_out=2 u_out=2 mem=20.748226165771484
p3-task c007 29/40 L=-1.747 Lq=-0.0550 Le=-0.196 rA=0.172 rB=0.228 a_out=2 u_out=2 mem=20.748226165771484
p3-task c007 30/40 L=-1.926 Lq=-0.0448 Le=-0.188 rA=0.178 rB=0.222 a_out=2 u_out=2 mem=20.748226165771484
p3-task c007 31/40 L=-1.810 Lq=-0.0439 Le=-0.158 rA=0.178 rB=0.222 a_out=2 u_out=2 mem=20.748226165771484
p3-task c007 32/40 L=-1.997 Lq=-0.0509 Le=-0.183 rA=0.175 rB=0.225 a_out=2 u_out=2 mem=20.748226165771484
p3-task c007 33/40 L=-2.125 Lq=-0.0475 Le=-0.183 rA=0.176 rB=0.224 a_out=2 u_out=2 mem=20.748226165771484
p3-task c007 34/40 L=-2.034 Lq=-0.0544 Le=-0.205 rA=0.173 rB=0.227 a_out=2 u_out=2 mem=20.748226165771484
p3-task c007 35/40 L=-2.151 Lq=-0.0490 Le=-0.193 rA=0.176 rB=0.224 a_out=2 u_out=2 mem=20.748226165771484
p3-task c007 36/40 L=-2.241 Lq=-0.0540 Le=-0.196 rA=0.173 rB=0.227 a_out=2 u_out=2 mem=20.748226165771484
p3-task c007 37/40 L=-2.138 Lq=-0.0555 Le=-0.213 rA=0.172 rB=0.228 a_out=2 u_out=2 mem=20.748226165771484
p3-task c007 38/40 L=-2.249 Lq=-0.0554 Le=-0.205 rA=0.172 rB=0.228 a_out=2 u_out=2 mem=20.748226165771484
p3-task c007 39/40 L=-2.112 Lq=-0.0468 Le=-0.193 rA=0.177 rB=0.223 a_out=2 u_out=2 mem=20.748226165771484
p3-task c007 40/40 L=-2.216 Lq=-0.0481 Le=-0.176 rA=0.176 rB=0.224 a_out=2 u_out=2 mem=20.748226165771484
== p3-task attack c008 (7/32) ==
p3-task c008 1/40 L=-0.066 Lq=-0.1012 Le=-0.283 rA=0.149 rB=0.251 a_out=0 u_out=0 mem=20.748226165771484
p3-task c008 2/40 L=-0.075 Lq=-0.0976 Le=-0.268 rA=0.151 rB=0.249 a_out=0 u_out=0 mem=20.748226165771484
p3-task c008 3/40 L=-0.075 Lq=-0.0766 Le=-0.232 rA=0.162 rB=0.238 a_out=0 u_out=0 mem=20.748226165771484
p3-task c008 4/40 L=-0.074 Lq=-0.0742 Le=-0.214 rA=0.163 rB=0.237 a_out=0 u_out=0 mem=20.748226165771484
p3-task c008 5/40 L=-0.088 Lq=-0.0689 Le=-0.238 rA=0.166 rB=0.234 a_out=0 u_out=0 mem=20.748226165771484
p3-task c008 6/40 L=-0.091 Lq=-0.0774 Le=-0.208 rA=0.161 rB=0.239 a_out=0 u_out=0 mem=20.748226165771484
p3-task c008 7/40 L=-0.107 Lq=-0.0731 Le=-0.196 rA=0.163 rB=0.237 a_out=0 u_out=0 mem=20.748226165771484
p3-task c008 8/40 L=-0.126 Lq=-0.0561 Le=-0.109 rA=0.172 rB=0.228 a_out=0 u_out=0 mem=20.748226165771484
p3-task c008 9/40 L=-0.114 Lq=-0.0470 Le=-0.118 rA=0.177 rB=0.223 a_out=0 u_out=0 mem=20.748226165771484
p3-task c008 10/40 L=-0.124 Lq=-0.0557 Le=-0.136 rA=0.172 rB=0.228 a_out=0 u_out=0 mem=20.748226165771484
p3-task c008 11/40 L=-0.144 Lq=-0.0508 Le=-0.160 rA=0.175 rB=0.225 a_out=0 u_out=0 mem=20.748226165771484
p3-task c008 12/40 L=-0.125 Lq=-0.0637 Le=-0.215 rA=0.168 rB=0.232 a_out=0 u_out=0 mem=20.748226165771484
p3-task c008 13/40 L=-0.120 Lq=-0.0441 Le=-0.128 rA=0.178 rB=0.222 a_out=0 u_out=0 mem=20.748226165771484
p3-task c008 14/40 L=-0.127 Lq=-0.0613 Le=-0.204 rA=0.169 rB=0.231 a_out=0 u_out=0 mem=20.748226165771484
p3-task c008 15/40 L=-0.126 Lq=-0.0476 Le=-0.196 rA=0.176 rB=0.224 a_out=0 u_out=0 mem=20.748226165771484
p3-task c008 16/40 L=-0.117 Lq=-0.0595 Le=-0.208 rA=0.170 rB=0.230 a_out=0 u_out=0 mem=20.748226165771484
p3-task c008 17/40 L=-0.122 Lq=-0.0672 Le=-0.238 rA=0.166 rB=0.234 a_out=0 u_out=0 mem=20.748226165771484
p3-task c008 18/40 L=-0.128 Lq=-0.0549 Le=-0.165 rA=0.173 rB=0.227 a_out=0 u_out=0 mem=20.748226165771484
p3-task c008 19/40 L=-0.115 Lq=-0.0577 Le=-0.187 rA=0.171 rB=0.229 a_out=0 u_out=0 mem=20.748226165771484
p3-task c008 20/40 L=-0.117 Lq=-0.0588 Le=-0.159 rA=0.171 rB=0.229 a_out=0 u_out=0 mem=20.748226165771484
p3-task c008 21/40 L=-0.114 Lq=-0.0582 Le=-0.134 rA=0.171 rB=0.229 a_out=0 u_out=0 mem=20.748226165771484
p3-task c008 22/40 L=-0.136 Lq=-0.0554 Le=-0.127 rA=0.172 rB=0.228 a_out=0 u_out=0 mem=20.748226165771484
p3-task c008 23/40 L=-0.141 Lq=-0.0467 Le=-0.120 rA=0.177 rB=0.223 a_out=0 u_out=0 mem=20.748226165771484
p3-task c008 24/40 L=-0.134 Lq=-0.0495 Le=-0.139 rA=0.175 rB=0.225 a_out=0 u_out=0 mem=20.748226165771484
p3-task c008 25/40 L=-0.125 Lq=-0.0516 Le=-0.147 rA=0.174 rB=0.226 a_out=0 u_out=0 mem=20.748226165771484
p3-task c008 26/40 L=-0.132 Lq=-0.0472 Le=-0.130 rA=0.176 rB=0.224 a_out=0 u_out=0 mem=20.748226165771484
p3-task c008 27/40 L=-0.088 Lq=-0.0604 Le=-0.180 rA=0.170 rB=0.230 a_out=0 u_out=0 mem=20.748226165771484
p3-task c008 28/40 L=-0.099 Lq=-0.0656 Le=-0.143 rA=0.167 rB=0.233 a_out=0 u_out=0 mem=20.748226165771484
p3-task c008 29/40 L=-0.126 Lq=-0.0485 Le=-0.082 rA=0.176 rB=0.224 a_out=0 u_out=0 mem=20.748226165771484
p3-task c008 30/40 L=-0.110 Lq=-0.0600 Le=-0.155 rA=0.170 rB=0.230 a_out=0 u_out=0 mem=20.748226165771484
p3-task c008 31/40 L=-0.124 Lq=-0.0365 Le=-0.054 rA=0.182 rB=0.218 a_out=0 u_out=0 mem=20.748226165771484
p3-task c008 32/40 L=-0.122 Lq=-0.0348 Le=-0.057 rA=0.183 rB=0.217 a_out=0 u_out=0 mem=20.748226165771484
p3-task c008 33/40 L=-0.128 Lq=-0.0298 Le=-0.097 rA=0.185 rB=0.215 a_out=0 u_out=0 mem=20.748226165771484
p3-task c008 34/40 L=-0.116 Lq=-0.0383 Le=-0.128 rA=0.181 rB=0.219 a_out=0 u_out=0 mem=20.748226165771484
p3-task c008 35/40 L=-0.145 Lq=-0.0326 Le=-0.056 rA=0.184 rB=0.216 a_out=0 u_out=0 mem=20.748226165771484
p3-task c008 36/40 L=-0.137 Lq=-0.0361 Le=-0.131 rA=0.182 rB=0.218 a_out=0 u_out=0 mem=20.748226165771484
p3-task c008 37/40 L=-0.154 Lq=-0.0198 Le=-0.029 rA=0.190 rB=0.210 a_out=0 u_out=0 mem=20.748226165771484
p3-task c008 38/40 L=-0.129 Lq=-0.0298 Le=-0.035 rA=0.185 rB=0.215 a_out=0 u_out=0 mem=20.748226165771484
p3-task c008 39/40 L=-0.141 Lq=-0.0390 Le=-0.109 rA=0.180 rB=0.220 a_out=0 u_out=0 mem=20.748226165771484
p3-task c008 40/40 L=-0.152 Lq=-0.0449 Le=-0.097 rA=0.178 rB=0.222 a_out=0 u_out=0 mem=20.748226165771484
== p3-task attack c009 (8/32) ==
p3-task c009 1/40 L=-0.109 Lq=-0.0145 Le=-0.139 rA=0.193 rB=0.207 a_out=0 u_out=0 mem=20.748226165771484
p3-task c009 2/40 L=-0.122 Lq=-0.0309 Le=-0.176 rA=0.185 rB=0.215 a_out=1 u_out=1 mem=20.748226165771484
p3-task c009 3/40 L=-0.132 Lq=-0.0167 Le=-0.142 rA=0.192 rB=0.208 a_out=0 u_out=0 mem=20.748226165771484
p3-task c009 4/40 L=-0.153 Lq=-0.0174 Le=-0.139 rA=0.191 rB=0.209 a_out=0 u_out=0 mem=20.748226165771484
p3-task c009 5/40 L=-0.139 Lq=-0.0138 Le=-0.129 rA=0.193 rB=0.207 a_out=0 u_out=0 mem=20.748226165771484
p3-task c009 6/40 L=-0.156 Lq=-0.0106 Le=-0.140 rA=0.195 rB=0.205 a_out=0 u_out=0 mem=20.748226165771484
p3-task c009 7/40 L=-0.187 Lq=-0.0053 Le=-0.120 rA=0.197 rB=0.203 a_out=0 u_out=0 mem=20.748226165771484
p3-task c009 8/40 L=-0.221 Lq=-0.0123 Le=-0.133 rA=0.194 rB=0.206 a_out=0 u_out=0 mem=20.748226165771484
p3-task c009 9/40 L=-0.213 Lq=-0.0131 Le=-0.122 rA=0.193 rB=0.207 a_out=0 u_out=0 mem=20.748226165771484
p3-task c009 10/40 L=-0.265 Lq=-0.0121 Le=-0.120 rA=0.194 rB=0.206 a_out=0 u_out=0 mem=20.748226165771484
p3-task c009 11/40 L=-0.257 Lq=-0.0035 Le=-0.108 rA=0.198 rB=0.202 a_out=0 u_out=0 mem=20.748226165771484
p3-task c009 12/40 L=-0.231 Lq=-0.0227 Le=-0.139 rA=0.189 rB=0.211 a_out=0 u_out=0 mem=20.748226165771484
p3-task c009 13/40 L=-0.302 Lq=-0.0092 Le=-0.108 rA=0.195 rB=0.205 a_out=0 u_out=0 mem=20.748226165771484
p3-task c009 14/40 L=-0.323 Lq=-0.0112 Le=-0.104 rA=0.194 rB=0.206 a_out=0 u_out=0 mem=20.748226165771484
p3-task c009 15/40 L=-0.325 Lq=-0.0146 Le=-0.105 rA=0.193 rB=0.207 a_out=0 u_out=0 mem=20.748226165771484
p3-task c009 16/40 L=-0.366 Lq=-0.0085 Le=-0.106 rA=0.196 rB=0.204 a_out=0 u_out=0 mem=20.748226165771484
p3-task c009 17/40 L=-0.307 Lq=-0.0140 Le=-0.111 rA=0.193 rB=0.207 a_out=0 u_out=0 mem=20.748226165771484
p3-task c009 18/40 L=-0.420 Lq=-0.0063 Le=-0.094 rA=0.197 rB=0.203 a_out=0 u_out=0 mem=20.748226165771484
p3-task c009 19/40 L=-0.354 Lq=-0.0065 Le=-0.120 rA=0.197 rB=0.203 a_out=0 u_out=0 mem=20.748226165771484
p3-task c009 20/40 L=-0.465 Lq=+0.0025 Le=-0.086 rA=0.201 rB=0.199 a_out=0 u_out=0 mem=20.748226165771484
p3-task c009 21/40 L=-0.529 Lq=-0.0038 Le=-0.085 rA=0.198 rB=0.202 a_out=0 u_out=0 mem=20.748226165771484
p3-task c009 22/40 L=-0.533 Lq=-0.0088 Le=-0.110 rA=0.196 rB=0.204 a_out=0 u_out=0 mem=20.748226165771484
p3-task c009 23/40 L=-0.527 Lq=-0.0073 Le=-0.101 rA=0.196 rB=0.204 a_out=0 u_out=0 mem=20.748226165771484
p3-task c009 24/40 L=-0.364 Lq=+0.0001 Le=-0.045 rA=0.200 rB=0.200 a_out=0 u_out=0 mem=20.748226165771484
p3-task c009 25/40 L=-0.491 Lq=-0.0053 Le=-0.085 rA=0.197 rB=0.203 a_out=0 u_out=0 mem=20.748226165771484
p3-task c009 26/40 L=-0.531 Lq=+0.0001 Le=-0.106 rA=0.200 rB=0.200 a_out=0 u_out=0 mem=20.748226165771484
p3-task c009 27/40 L=-0.470 Lq=+0.0003 Le=-0.082 rA=0.200 rB=0.200 a_out=0 u_out=0 mem=20.748226165771484
p3-task c009 28/40 L=-0.569 Lq=+0.0025 Le=-0.080 rA=0.201 rB=0.199 a_out=0 u_out=0 mem=20.748226165771484
p3-task c009 29/40 L=-0.615 Lq=-0.0069 Le=-0.123 rA=0.197 rB=0.203 a_out=0 u_out=0 mem=20.748226165771484
p3-task c009 30/40 L=-0.560 Lq=-0.0176 Le=-0.133 rA=0.191 rB=0.209 a_out=0 u_out=0 mem=20.748226165771484
p3-task c009 31/40 L=-0.562 Lq=-0.0120 Le=-0.101 rA=0.194 rB=0.206 a_out=0 u_out=0 mem=20.748226165771484
p3-task c009 32/40 L=-0.527 Lq=-0.0020 Le=-0.047 rA=0.199 rB=0.201 a_out=0 u_out=0 mem=20.748226165771484
p3-task c009 33/40 L=-0.521 Lq=-0.0169 Le=-0.142 rA=0.192 rB=0.208 a_out=0 u_out=0 mem=20.748226165771484
p3-task c009 34/40 L=-0.711 Lq=-0.0005 Le=-0.063 rA=0.200 rB=0.200 a_out=0 u_out=0 mem=20.748226165771484
p3-task c009 35/40 L=-0.583 Lq=-0.0035 Le=-0.072 rA=0.198 rB=0.202 a_out=0 u_out=0 mem=20.748226165771484
p3-task c009 36/40 L=-0.716 Lq=+0.0078 Le=-0.056 rA=0.204 rB=0.196 a_out=0 u_out=0 mem=20.748226165771484
p3-task c009 37/40 L=-0.647 Lq=+0.0024 Le=-0.079 rA=0.201 rB=0.199 a_out=0 u_out=0 mem=20.748226165771484
p3-task c009 38/40 L=-0.804 Lq=+0.0096 Le=-0.076 rA=0.205 rB=0.195 a_out=0 u_out=0 mem=20.748226165771484
p3-task c009 39/40 L=-0.859 Lq=-0.0037 Le=-0.110 rA=0.198 rB=0.202 a_out=0 u_out=0 mem=20.748226165771484
p3-task c009 40/40 L=-0.938 Lq=+0.0037 Le=-0.051 rA=0.202 rB=0.198 a_out=0 u_out=0 mem=20.748226165771484
== p3-task attack c011 (9/32) ==
p3-task c011 1/40 L=-0.078 Lq=-0.0304 Le=-0.215 rA=0.185 rB=0.215 a_out=0 u_out=0 mem=20.97091054916382
p3-task c011 2/40 L=-0.087 Lq=-0.0199 Le=-0.192 rA=0.190 rB=0.210 a_out=0 u_out=0 mem=20.970911026000977
p3-task c011 3/40 L=-0.101 Lq=-0.0310 Le=-0.212 rA=0.185 rB=0.215 a_out=0 u_out=0 mem=20.970911026000977
p3-task c011 4/40 L=-0.111 Lq=-0.0288 Le=-0.216 rA=0.186 rB=0.214 a_out=0 u_out=0 mem=20.970911026000977
p3-task c011 5/40 L=-0.097 Lq=-0.0353 Le=-0.231 rA=0.182 rB=0.218 a_out=1 u_out=1 mem=20.970911026000977
p3-task c011 6/40 L=-0.103 Lq=-0.0278 Le=-0.195 rA=0.186 rB=0.214 a_out=0 u_out=0 mem=20.970911026000977
p3-task c011 7/40 L=-0.101 Lq=-0.0334 Le=-0.228 rA=0.183 rB=0.217 a_out=1 u_out=1 mem=20.970911026000977
p3-task c011 8/40 L=-0.093 Lq=-0.0224 Le=-0.205 rA=0.189 rB=0.211 a_out=0 u_out=0 mem=20.970911026000977
p3-task c011 9/40 L=-0.096 Lq=-0.0304 Le=-0.202 rA=0.185 rB=0.215 a_out=0 u_out=0 mem=20.970911026000977
p3-task c011 10/40 L=-0.115 Lq=-0.0351 Le=-0.207 rA=0.182 rB=0.218 a_out=1 u_out=1 mem=20.970911026000977
p3-task c011 11/40 L=-0.092 Lq=-0.0351 Le=-0.211 rA=0.182 rB=0.218 a_out=1 u_out=1 mem=20.970911026000977
p3-task c011 12/40 L=-0.082 Lq=-0.0448 Le=-0.230 rA=0.178 rB=0.222 a_out=1 u_out=1 mem=20.970911026000977
p3-task c011 13/40 L=-0.080 Lq=-0.0488 Le=-0.250 rA=0.176 rB=0.224 a_out=2 u_out=2 mem=20.970911026000977
p3-task c011 14/40 L=-0.090 Lq=-0.0274 Le=-0.220 rA=0.186 rB=0.214 a_out=0 u_out=0 mem=20.970911026000977
p3-task c011 15/40 L=-0.104 Lq=-0.0222 Le=-0.190 rA=0.189 rB=0.211 a_out=0 u_out=0 mem=20.970911026000977
p3-task c011 16/40 L=-0.119 Lq=-0.0291 Le=-0.187 rA=0.185 rB=0.215 a_out=0 u_out=0 mem=20.970911026000977
p3-task c011 17/40 L=-0.119 Lq=-0.0257 Le=-0.194 rA=0.187 rB=0.213 a_out=0 u_out=0 mem=20.970911026000977
p3-task c011 18/40 L=-0.120 Lq=-0.0233 Le=-0.183 rA=0.188 rB=0.212 a_out=0 u_out=0 mem=20.970911026000977
p3-task c011 19/40 L=-0.106 Lq=-0.0380 Le=-0.224 rA=0.181 rB=0.219 a_out=1 u_out=1 mem=20.970911026000977
p3-task c011 20/40 L=-0.086 Lq=-0.0492 Le=-0.237 rA=0.175 rB=0.225 a_out=2 u_out=2 mem=20.970911026000977
p3-task c011 21/40 L=-0.102 Lq=-0.0426 Le=-0.248 rA=0.179 rB=0.221 a_out=1 u_out=1 mem=20.970911026000977
p3-task c011 22/40 L=-0.118 Lq=-0.0234 Le=-0.190 rA=0.188 rB=0.212 a_out=0 u_out=0 mem=20.970911026000977
p3-task c011 23/40 L=-0.136 Lq=-0.0374 Le=-0.212 rA=0.181 rB=0.219 a_out=1 u_out=1 mem=20.970911026000977
p3-task c011 24/40 L=-0.153 Lq=-0.0313 Le=-0.221 rA=0.184 rB=0.216 a_out=0 u_out=0 mem=20.970911026000977
p3-task c011 25/40 L=-0.177 Lq=-0.0316 Le=-0.215 rA=0.184 rB=0.216 a_out=0 u_out=0 mem=20.970911026000977
p3-task c011 26/40 L=-0.154 Lq=-0.0320 Le=-0.225 rA=0.184 rB=0.216 a_out=1 u_out=1 mem=20.970911026000977
p3-task c011 27/40 L=-0.148 Lq=-0.0314 Le=-0.223 rA=0.184 rB=0.216 a_out=0 u_out=0 mem=20.970911026000977
p3-task c011 28/40 L=-0.176 Lq=-0.0358 Le=-0.206 rA=0.182 rB=0.218 a_out=1 u_out=1 mem=20.970911026000977
p3-task c011 29/40 L=-0.141 Lq=-0.0300 Le=-0.191 rA=0.185 rB=0.215 a_out=0 u_out=0 mem=20.970911026000977
p3-task c011 30/40 L=-0.142 Lq=-0.0240 Le=-0.219 rA=0.188 rB=0.212 a_out=0 u_out=0 mem=20.970911026000977
p3-task c011 31/40 L=-0.158 Lq=-0.0377 Le=-0.217 rA=0.181 rB=0.219 a_out=1 u_out=1 mem=20.970911026000977
p3-task c011 32/40 L=-0.190 Lq=-0.0326 Le=-0.183 rA=0.184 rB=0.216 a_out=1 u_out=1 mem=20.970911026000977
p3-task c011 33/40 L=-0.122 Lq=-0.0335 Le=-0.208 rA=0.183 rB=0.217 a_out=1 u_out=1 mem=20.970911026000977
p3-task c011 34/40 L=-0.105 Lq=-0.0413 Le=-0.214 rA=0.179 rB=0.221 a_out=1 u_out=1 mem=20.970911026000977
p3-task c011 35/40 L=-0.165 Lq=-0.0460 Le=-0.228 rA=0.177 rB=0.223 a_out=2 u_out=2 mem=20.970911026000977
p3-task c011 36/40 L=-0.187 Lq=-0.0388 Le=-0.233 rA=0.181 rB=0.219 a_out=1 u_out=1 mem=20.970911026000977
p3-task c011 37/40 L=-0.103 Lq=-0.0258 Le=-0.205 rA=0.187 rB=0.213 a_out=0 u_out=0 mem=20.970911026000977
p3-task c011 38/40 L=-0.132 Lq=-0.0153 Le=-0.169 rA=0.192 rB=0.208 a_out=0 u_out=0 mem=20.970911026000977
p3-task c011 39/40 L=-0.199 Lq=-0.0231 Le=-0.196 rA=0.188 rB=0.212 a_out=0 u_out=0 mem=20.970911026000977
p3-task c011 40/40 L=-0.288 Lq=-0.0194 Le=-0.179 rA=0.190 rB=0.210 a_out=0 u_out=0 mem=20.970911026000977
== p3-task attack c012 (10/32) ==
p3-task c012 1/40 L=-0.178 Lq=-0.0037 Le=-0.014 rA=0.198 rB=0.202 a_out=1 u_out=1 mem=20.970911026000977
p3-task c012 2/40 L=-0.215 Lq=+0.0130 Le=0.121 rA=0.206 rB=0.194 a_out=0 u_out=0 mem=20.970911026000977
p3-task c012 3/40 L=-0.194 Lq=+0.0120 Le=0.058 rA=0.206 rB=0.194 a_out=0 u_out=0 mem=20.970911026000977
p3-task c012 4/40 L=-0.176 Lq=-0.0073 Le=-0.091 rA=0.196 rB=0.204 a_out=1 u_out=1 mem=20.970911026000977
p3-task c012 5/40 L=-0.224 Lq=-0.0074 Le=-0.066 rA=0.196 rB=0.204 a_out=1 u_out=1 mem=20.970911026000977
p3-task c012 6/40 L=-0.241 Lq=-0.0048 Le=-0.048 rA=0.198 rB=0.202 a_out=1 u_out=1 mem=20.970911026000977
p3-task c012 7/40 L=-0.232 Lq=+0.0128 Le=-0.046 rA=0.206 rB=0.194 a_out=0 u_out=0 mem=20.970911026000977
p3-task c012 8/40 L=-0.367 Lq=+0.0030 Le=-0.047 rA=0.201 rB=0.199 a_out=1 u_out=1 mem=20.970911026000977
p3-task c012 9/40 L=-0.188 Lq=-0.0012 Le=-0.046 rA=0.199 rB=0.201 a_out=1 u_out=1 mem=20.970911026000977
p3-task c012 10/40 L=-0.239 Lq=-0.0063 Le=-0.032 rA=0.197 rB=0.203 a_out=1 u_out=1 mem=20.970911026000977
p3-task c012 11/40 L=-0.361 Lq=-0.0031 Le=-0.063 rA=0.198 rB=0.202 a_out=1 u_out=1 mem=20.970911026000977
p3-task c012 12/40 L=-0.473 Lq=-0.0077 Le=-0.075 rA=0.196 rB=0.204 a_out=1 u_out=1 mem=20.970911026000977
p3-task c012 13/40 L=-0.573 Lq=-0.0081 Le=-0.092 rA=0.196 rB=0.204 a_out=1 u_out=1 mem=20.970911026000977
p3-task c012 14/40 L=-0.987 Lq=+0.0037 Le=-0.006 rA=0.202 rB=0.198 a_out=1 u_out=1 mem=20.970911026000977
p3-task c012 15/40 L=-0.805 Lq=+0.0098 Le=-0.025 rA=0.205 rB=0.195 a_out=0 u_out=0 mem=20.970911026000977
p3-task c012 16/40 L=-0.948 Lq=-0.0030 Le=-0.060 rA=0.198 rB=0.202 a_out=1 u_out=1 mem=20.970911026000977
p3-task c012 17/40 L=-1.182 Lq=-0.0011 Le=-0.039 rA=0.199 rB=0.201 a_out=1 u_out=1 mem=20.970911026000977
p3-task c012 18/40 L=-1.090 Lq=+0.0055 Le=-0.019 rA=0.203 rB=0.197 a_out=1 u_out=1 mem=20.970911026000977
p3-task c012 19/40 L=-0.818 Lq=-0.0069 Le=-0.089 rA=0.197 rB=0.203 a_out=1 u_out=1 mem=20.970911026000977
p3-task c012 20/40 L=-0.736 Lq=-0.0096 Le=-0.024 rA=0.195 rB=0.205 a_out=1 u_out=1 mem=20.970911026000977
p3-task c012 21/40 L=-1.087 Lq=-0.0038 Le=-0.064 rA=0.198 rB=0.202 a_out=1 u_out=1 mem=20.970911026000977
p3-task c012 22/40 L=-0.636 Lq=-0.0022 Le=-0.015 rA=0.199 rB=0.201 a_out=1 u_out=1 mem=20.970911026000977
p3-task c012 23/40 L=-1.118 Lq=-0.0046 Le=-0.023 rA=0.198 rB=0.202 a_out=1 u_out=1 mem=20.970911026000977
p3-task c012 24/40 L=-1.387 Lq=+0.0002 Le=-0.028 rA=0.200 rB=0.200 a_out=1 u_out=1 mem=20.970911026000977
p3-task c012 25/40 L=-1.636 Lq=-0.0006 Le=-0.068 rA=0.200 rB=0.200 a_out=1 u_out=1 mem=20.970911026000977
p3-task c012 26/40 L=-1.641 Lq=-0.0076 Le=-0.056 rA=0.196 rB=0.204 a_out=1 u_out=1 mem=20.970911026000977
p3-task c012 27/40 L=-1.509 Lq=-0.0060 Le=-0.014 rA=0.197 rB=0.203 a_out=1 u_out=1 mem=20.970911026000977
p3-task c012 28/40 L=-1.547 Lq=-0.0087 Le=-0.050 rA=0.196 rB=0.204 a_out=1 u_out=1 mem=20.970911026000977
p3-task c012 29/40 L=-1.826 Lq=-0.0021 Le=-0.013 rA=0.199 rB=0.201 a_out=1 u_out=1 mem=20.970911026000977
p3-task c012 30/40 L=-1.978 Lq=-0.0051 Le=-0.033 rA=0.197 rB=0.203 a_out=1 u_out=1 mem=20.970911026000977
p3-task c012 31/40 L=-1.777 Lq=+0.0036 Le=-0.009 rA=0.202 rB=0.198 a_out=1 u_out=1 mem=20.970911026000977
p3-task c012 32/40 L=-1.856 Lq=-0.0089 Le=-0.087 rA=0.196 rB=0.204 a_out=1 u_out=1 mem=20.970911026000977
p3-task c012 33/40 L=-1.913 Lq=-0.0006 Le=-0.001 rA=0.200 rB=0.200 a_out=1 u_out=1 mem=20.970911026000977
p3-task c012 34/40 L=-1.879 Lq=-0.0097 Le=-0.082 rA=0.195 rB=0.205 a_out=1 u_out=1 mem=20.970911026000977
p3-task c012 35/40 L=-1.967 Lq=-0.0119 Le=-0.055 rA=0.194 rB=0.206 a_out=1 u_out=1 mem=20.970911026000977
p3-task c012 36/40 L=-1.863 Lq=-0.0068 Le=-0.035 rA=0.197 rB=0.203 a_out=1 u_out=1 mem=20.970911026000977
p3-task c012 37/40 L=-1.789 Lq=-0.0125 Le=-0.058 rA=0.194 rB=0.206 a_out=1 u_out=1 mem=20.970911026000977
p3-task c012 38/40 L=-2.009 Lq=-0.0108 Le=-0.041 rA=0.195 rB=0.205 a_out=1 u_out=1 mem=20.970911026000977
p3-task c012 39/40 L=-2.006 Lq=-0.0113 Le=-0.072 rA=0.194 rB=0.206 a_out=1 u_out=1 mem=20.970911026000977
p3-task c012 40/40 L=-1.975 Lq=-0.0085 Le=-0.035 rA=0.196 rB=0.204 a_out=1 u_out=1 mem=20.970911026000977
== p3-task attack c013 (11/32) ==
p3-task c013 1/40 L=-0.134 Lq=-0.0394 Le=-0.195 rA=0.180 rB=0.220 a_out=0 u_out=0 mem=20.970911026000977
p3-task c013 2/40 L=-0.161 Lq=-0.0510 Le=-0.222 rA=0.175 rB=0.225 a_out=0 u_out=0 mem=20.970911026000977
p3-task c013 3/40 L=-0.180 Lq=-0.0507 Le=-0.205 rA=0.175 rB=0.225 a_out=0 u_out=0 mem=20.970911026000977
p3-task c013 4/40 L=-0.241 Lq=-0.0489 Le=-0.219 rA=0.176 rB=0.224 a_out=0 u_out=0 mem=20.970911026000977
p3-task c013 5/40 L=-0.361 Lq=-0.0494 Le=-0.209 rA=0.175 rB=0.225 a_out=0 u_out=0 mem=20.970911026000977
p3-task c013 6/40 L=-0.530 Lq=-0.0489 Le=-0.196 rA=0.176 rB=0.224 a_out=0 u_out=0 mem=20.970911026000977
p3-task c013 7/40 L=-0.559 Lq=-0.0504 Le=-0.210 rA=0.175 rB=0.225 a_out=0 u_out=0 mem=20.970911026000977
p3-task c013 8/40 L=-0.591 Lq=-0.0482 Le=-0.226 rA=0.176 rB=0.224 a_out=0 u_out=0 mem=20.970911026000977
p3-task c013 9/40 L=-0.607 Lq=-0.0454 Le=-0.195 rA=0.177 rB=0.223 a_out=0 u_out=0 mem=20.970911026000977
p3-task c013 10/40 L=-0.778 Lq=-0.0457 Le=-0.191 rA=0.177 rB=0.223 a_out=0 u_out=0 mem=20.970911026000977
p3-task c013 11/40 L=-0.862 Lq=-0.0441 Le=-0.188 rA=0.178 rB=0.222 a_out=0 u_out=0 mem=20.970911026000977
p3-task c013 12/40 L=-0.819 Lq=-0.0452 Le=-0.167 rA=0.177 rB=0.223 a_out=0 u_out=0 mem=20.970911026000977
p3-task c013 13/40 L=-0.866 Lq=-0.0486 Le=-0.205 rA=0.176 rB=0.224 a_out=0 u_out=0 mem=20.970911026000977
p3-task c013 14/40 L=-0.935 Lq=-0.0452 Le=-0.192 rA=0.177 rB=0.223 a_out=0 u_out=0 mem=20.970911026000977
p3-task c013 15/40 L=-1.000 Lq=-0.0416 Le=-0.197 rA=0.179 rB=0.221 a_out=0 u_out=0 mem=20.970911026000977
p3-task c013 16/40 L=-0.999 Lq=-0.0469 Le=-0.160 rA=0.177 rB=0.223 a_out=0 u_out=0 mem=20.970911026000977
p3-task c013 17/40 L=-1.029 Lq=-0.0409 Le=-0.165 rA=0.180 rB=0.220 a_out=0 u_out=0 mem=20.970911026000977
p3-task c013 18/40 L=-1.055 Lq=-0.0427 Le=-0.142 rA=0.179 rB=0.221 a_out=0 u_out=0 mem=20.970911026000977
p3-task c013 19/40 L=-1.117 Lq=-0.0407 Le=-0.143 rA=0.180 rB=0.220 a_out=0 u_out=0 mem=20.970911026000977
p3-task c013 20/40 L=-1.123 Lq=-0.0467 Le=-0.183 rA=0.177 rB=0.223 a_out=0 u_out=0 mem=20.970911026000977
p3-task c013 21/40 L=-1.199 Lq=-0.0427 Le=-0.148 rA=0.179 rB=0.221 a_out=0 u_out=0 mem=20.970911026000977
p3-task c013 22/40 L=-1.190 Lq=-0.0467 Le=-0.168 rA=0.177 rB=0.223 a_out=0 u_out=0 mem=20.970911026000977
p3-task c013 23/40 L=-1.387 Lq=-0.0367 Le=-0.150 rA=0.182 rB=0.218 a_out=0 u_out=0 mem=20.970911026000977
p3-task c013 24/40 L=-1.405 Lq=-0.0453 Le=-0.157 rA=0.177 rB=0.223 a_out=0 u_out=0 mem=20.970911026000977
p3-task c013 25/40 L=-1.497 Lq=-0.0418 Le=-0.161 rA=0.179 rB=0.221 a_out=0 u_out=0 mem=20.970911026000977
p3-task c013 26/40 L=-1.512 Lq=-0.0438 Le=-0.160 rA=0.178 rB=0.222 a_out=0 u_out=0 mem=20.970911026000977
p3-task c013 27/40 L=-1.704 Lq=-0.0386 Le=-0.124 rA=0.181 rB=0.219 a_out=0 u_out=0 mem=20.970911026000977
p3-task c013 28/40 L=-1.617 Lq=-0.0388 Le=-0.125 rA=0.181 rB=0.219 a_out=0 u_out=0 mem=20.970911026000977
p3-task c013 29/40 L=-1.655 Lq=-0.0410 Le=-0.157 rA=0.180 rB=0.220 a_out=0 u_out=0 mem=20.970911026000977
p3-task c013 30/40 L=-1.673 Lq=-0.0438 Le=-0.142 rA=0.178 rB=0.222 a_out=0 u_out=0 mem=20.970911026000977
p3-task c013 31/40 L=-1.885 Lq=-0.0495 Le=-0.153 rA=0.175 rB=0.225 a_out=0 u_out=0 mem=20.970911026000977
p3-task c013 32/40 L=-1.825 Lq=-0.0521 Le=-0.189 rA=0.174 rB=0.226 a_out=0 u_out=0 mem=20.970911026000977
p3-task c013 33/40 L=-1.893 Lq=-0.0441 Le=-0.184 rA=0.178 rB=0.222 a_out=0 u_out=0 mem=20.970911026000977
p3-task c013 34/40 L=-1.702 Lq=-0.0411 Le=-0.128 rA=0.179 rB=0.221 a_out=0 u_out=0 mem=20.970911026000977
p3-task c013 35/40 L=-1.870 Lq=-0.0410 Le=-0.142 rA=0.180 rB=0.220 a_out=0 u_out=0 mem=20.970911026000977
p3-task c013 36/40 L=-2.047 Lq=-0.0399 Le=-0.143 rA=0.180 rB=0.220 a_out=0 u_out=0 mem=20.970911026000977
p3-task c013 37/40 L=-1.779 Lq=-0.0457 Le=-0.184 rA=0.177 rB=0.223 a_out=0 u_out=0 mem=20.970911026000977
p3-task c013 38/40 L=-2.201 Lq=-0.0456 Le=-0.197 rA=0.177 rB=0.223 a_out=0 u_out=0 mem=20.970911026000977
p3-task c013 39/40 L=-2.196 Lq=-0.0461 Le=-0.157 rA=0.177 rB=0.223 a_out=0 u_out=0 mem=20.970911026000977
p3-task c013 40/40 L=-2.224 Lq=-0.0435 Le=-0.180 rA=0.178 rB=0.222 a_out=0 u_out=0 mem=20.970911026000977
== p3-task attack c015 (12/32) ==
p3-task c015 1/40 L=-0.113 Lq=-0.0534 Le=-0.010 rA=0.173 rB=0.227 a_out=0 u_out=0 mem=20.970911026000977
p3-task c015 2/40 L=-0.112 Lq=-0.0354 Le=-0.017 rA=0.182 rB=0.218 a_out=0 u_out=0 mem=20.970911026000977
p3-task c015 3/40 L=-0.112 Lq=-0.0493 Le=-0.066 rA=0.175 rB=0.225 a_out=0 u_out=0 mem=20.970911026000977
p3-task c015 4/40 L=-0.127 Lq=-0.0391 Le=-0.056 rA=0.180 rB=0.220 a_out=0 u_out=0 mem=20.970911026000977
p3-task c015 5/40 L=-0.127 Lq=-0.0397 Le=-0.037 rA=0.180 rB=0.220 a_out=0 u_out=0 mem=20.970911026000977
p3-task c015 6/40 L=-0.124 Lq=-0.0423 Le=-0.073 rA=0.179 rB=0.221 a_out=0 u_out=0 mem=20.970911026000977
p3-task c015 7/40 L=-0.137 Lq=-0.0417 Le=-0.025 rA=0.179 rB=0.221 a_out=0 u_out=0 mem=20.970911026000977
p3-task c015 8/40 L=-0.143 Lq=-0.0492 Le=-0.070 rA=0.175 rB=0.225 a_out=0 u_out=0 mem=20.970911026000977
p3-task c015 9/40 L=-0.145 Lq=-0.0441 Le=-0.044 rA=0.178 rB=0.222 a_out=0 u_out=0 mem=20.970911026000977
p3-task c015 10/40 L=-0.155 Lq=-0.0399 Le=-0.033 rA=0.180 rB=0.220 a_out=0 u_out=0 mem=20.970911026000977
p3-task c015 11/40 L=-0.150 Lq=-0.0382 Le=-0.026 rA=0.181 rB=0.219 a_out=0 u_out=0 mem=20.970911026000977
p3-task c015 12/40 L=-0.163 Lq=-0.0434 Le=-0.102 rA=0.178 rB=0.222 a_out=0 u_out=0 mem=20.970911026000977
p3-task c015 13/40 L=-0.147 Lq=-0.0348 Le=-0.035 rA=0.183 rB=0.217 a_out=0 u_out=0 mem=20.970911026000977
p3-task c015 14/40 L=-0.152 Lq=-0.0392 Le=-0.042 rA=0.180 rB=0.220 a_out=0 u_out=0 mem=20.970911026000977
p3-task c015 15/40 L=-0.167 Lq=-0.0427 Le=-0.059 rA=0.179 rB=0.221 a_out=0 u_out=0 mem=20.970911026000977
p3-task c015 16/40 L=-0.165 Lq=-0.0403 Le=-0.017 rA=0.180 rB=0.220 a_out=0 u_out=0 mem=20.970911026000977
p3-task c015 17/40 L=-0.171 Lq=-0.0399 Le=-0.084 rA=0.180 rB=0.220 a_out=0 u_out=0 mem=20.970911026000977
p3-task c015 18/40 L=-0.190 Lq=-0.0397 Le=-0.050 rA=0.180 rB=0.220 a_out=0 u_out=0 mem=20.970911026000977
p3-task c015 19/40 L=-0.188 Lq=-0.0432 Le=-0.034 rA=0.178 rB=0.222 a_out=0 u_out=0 mem=20.970911026000977
p3-task c015 20/40 L=-0.202 Lq=-0.0421 Le=-0.066 rA=0.179 rB=0.221 a_out=0 u_out=0 mem=20.970911026000977
p3-task c015 21/40 L=-0.203 Lq=-0.0433 Le=-0.077 rA=0.178 rB=0.222 a_out=0 u_out=0 mem=20.970911026000977
p3-task c015 22/40 L=-0.197 Lq=-0.0278 Le=0.015 rA=0.186 rB=0.214 a_out=0 u_out=0 mem=20.970911026000977
p3-task c015 23/40 L=-0.197 Lq=-0.0339 Le=-0.007 rA=0.183 rB=0.217 a_out=0 u_out=0 mem=20.970911026000977
p3-task c015 24/40 L=-0.211 Lq=-0.0397 Le=-0.042 rA=0.180 rB=0.220 a_out=0 u_out=0 mem=20.970911026000977
p3-task c015 25/40 L=-0.203 Lq=-0.0296 Le=0.017 rA=0.185 rB=0.215 a_out=0 u_out=0 mem=20.970911026000977
p3-task c015 26/40 L=-0.202 Lq=-0.0357 Le=-0.004 rA=0.182 rB=0.218 a_out=0 u_out=0 mem=20.970911026000977
p3-task c015 27/40 L=-0.216 Lq=-0.0400 Le=-0.010 rA=0.180 rB=0.220 a_out=0 u_out=0 mem=20.970911026000977
p3-task c015 28/40 L=-0.219 Lq=-0.0362 Le=0.005 rA=0.182 rB=0.218 a_out=0 u_out=0 mem=20.970911026000977
p3-task c015 29/40 L=-0.228 Lq=-0.0329 Le=0.018 rA=0.184 rB=0.216 a_out=0 u_out=0 mem=20.970911026000977
p3-task c015 30/40 L=-0.213 Lq=-0.0365 Le=-0.016 rA=0.182 rB=0.218 a_out=0 u_out=0 mem=20.970911026000977
p3-task c015 31/40 L=-0.216 Lq=-0.0309 Le=-0.002 rA=0.185 rB=0.215 a_out=0 u_out=0 mem=20.970911026000977
p3-task c015 32/40 L=-0.213 Lq=-0.0294 Le=-0.010 rA=0.185 rB=0.215 a_out=0 u_out=0 mem=20.970911026000977
p3-task c015 33/40 L=-0.237 Lq=-0.0382 Le=-0.093 rA=0.181 rB=0.219 a_out=0 u_out=0 mem=20.970911026000977
p3-task c015 34/40 L=-0.239 Lq=-0.0366 Le=-0.003 rA=0.182 rB=0.218 a_out=0 u_out=0 mem=20.970911026000977
p3-task c015 35/40 L=-0.248 Lq=-0.0408 Le=-0.024 rA=0.180 rB=0.220 a_out=0 u_out=0 mem=20.970911026000977
p3-task c015 36/40 L=-0.262 Lq=-0.0385 Le=-0.023 rA=0.181 rB=0.219 a_out=0 u_out=0 mem=20.970911026000977
p3-task c015 37/40 L=-0.240 Lq=-0.0431 Le=-0.022 rA=0.178 rB=0.222 a_out=0 u_out=0 mem=20.970911026000977
p3-task c015 38/40 L=-0.268 Lq=-0.0369 Le=0.017 rA=0.182 rB=0.218 a_out=0 u_out=0 mem=20.970911026000977
p3-task c015 39/40 L=-0.265 Lq=-0.0357 Le=0.025 rA=0.182 rB=0.218 a_out=0 u_out=0 mem=20.970911026000977
p3-task c015 40/40 L=-0.252 Lq=-0.0350 Le=0.021 rA=0.183 rB=0.217 a_out=0 u_out=0 mem=20.970911026000977
== p3-task attack c016 (13/32) ==
p3-task c016 1/40 L=-0.516 Lq=-0.0314 Le=-0.169 rA=0.184 rB=0.216 a_out=0 u_out=0 mem=20.970911026000977
p3-task c016 2/40 L=-0.520 Lq=-0.0376 Le=-0.202 rA=0.181 rB=0.219 a_out=1 u_out=1 mem=20.970911026000977
p3-task c016 3/40 L=-0.525 Lq=-0.0403 Le=-0.192 rA=0.180 rB=0.220 a_out=1 u_out=1 mem=20.970911026000977
p3-task c016 4/40 L=-0.524 Lq=-0.0345 Le=-0.180 rA=0.183 rB=0.217 a_out=1 u_out=1 mem=20.970911026000977
p3-task c016 5/40 L=-0.594 Lq=-0.0223 Le=-0.128 rA=0.189 rB=0.211 a_out=0 u_out=0 mem=20.970911026000977
p3-task c016 6/40 L=-0.572 Lq=-0.0354 Le=-0.189 rA=0.182 rB=0.218 a_out=1 u_out=1 mem=20.970911026000977
p3-task c016 7/40 L=-0.519 Lq=-0.0347 Le=-0.167 rA=0.183 rB=0.217 a_out=1 u_out=1 mem=20.970911026000977
p3-task c016 8/40 L=-0.558 Lq=-0.0314 Le=-0.198 rA=0.184 rB=0.216 a_out=0 u_out=0 mem=20.970911026000977
p3-task c016 9/40 L=-0.553 Lq=-0.0231 Le=-0.154 rA=0.188 rB=0.212 a_out=0 u_out=0 mem=20.970911026000977
p3-task c016 10/40 L=-0.572 Lq=-0.0335 Le=-0.203 rA=0.183 rB=0.217 a_out=1 u_out=1 mem=20.970911026000977
p3-task c016 11/40 L=-0.569 Lq=-0.0259 Le=-0.200 rA=0.187 rB=0.213 a_out=0 u_out=0 mem=20.970911026000977
p3-task c016 12/40 L=-0.561 Lq=-0.0200 Le=-0.140 rA=0.190 rB=0.210 a_out=0 u_out=0 mem=20.970911026000977
p3-task c016 13/40 L=-0.585 Lq=-0.0268 Le=-0.185 rA=0.187 rB=0.213 a_out=0 u_out=0 mem=20.970911026000977
p3-task c016 14/40 L=-0.623 Lq=-0.0163 Le=-0.126 rA=0.192 rB=0.208 a_out=0 u_out=0 mem=20.970911026000977
p3-task c016 15/40 L=-0.600 Lq=-0.0184 Le=-0.133 rA=0.191 rB=0.209 a_out=0 u_out=0 mem=20.970911026000977
p3-task c016 16/40 L=-0.623 Lq=-0.0158 Le=-0.150 rA=0.192 rB=0.208 a_out=0 u_out=0 mem=20.970911026000977
p3-task c016 17/40 L=-0.602 Lq=-0.0262 Le=-0.181 rA=0.187 rB=0.213 a_out=0 u_out=0 mem=20.970911026000977
p3-task c016 18/40 L=-0.607 Lq=-0.0259 Le=-0.172 rA=0.187 rB=0.213 a_out=0 u_out=0 mem=20.970911026000977
p3-task c016 19/40 L=-0.605 Lq=-0.0214 Le=-0.169 rA=0.189 rB=0.211 a_out=0 u_out=0 mem=20.970911026000977
p3-task c016 20/40 L=-0.587 Lq=-0.0220 Le=-0.136 rA=0.189 rB=0.211 a_out=0 u_out=0 mem=20.970911026000977
p3-task c016 21/40 L=-0.572 Lq=-0.0243 Le=-0.153 rA=0.188 rB=0.212 a_out=0 u_out=0 mem=20.970911026000977
p3-task c016 22/40 L=-0.595 Lq=-0.0203 Le=-0.099 rA=0.190 rB=0.210 a_out=0 u_out=0 mem=20.970911026000977
p3-task c016 23/40 L=-0.550 Lq=-0.0233 Le=-0.155 rA=0.188 rB=0.212 a_out=0 u_out=0 mem=20.970911026000977
p3-task c016 24/40 L=-0.596 Lq=-0.0325 Le=-0.204 rA=0.184 rB=0.216 a_out=0 u_out=0 mem=20.970911026000977
p3-task c016 25/40 L=-0.590 Lq=-0.0299 Le=-0.188 rA=0.185 rB=0.215 a_out=0 u_out=0 mem=20.970911026000977
p3-task c016 26/40 L=-0.602 Lq=-0.0365 Le=-0.198 rA=0.182 rB=0.218 a_out=1 u_out=1 mem=20.970911026000977
p3-task c016 27/40 L=-0.555 Lq=-0.0243 Le=-0.122 rA=0.188 rB=0.212 a_out=0 u_out=0 mem=20.970911026000977
p3-task c016 28/40 L=-0.593 Lq=-0.0332 Le=-0.140 rA=0.183 rB=0.217 a_out=1 u_out=1 mem=20.970911026000977
p3-task c016 29/40 L=-0.615 Lq=-0.0258 Le=-0.154 rA=0.187 rB=0.213 a_out=0 u_out=0 mem=20.970911026000977
p3-task c016 30/40 L=-0.623 Lq=-0.0153 Le=-0.075 rA=0.192 rB=0.208 a_out=0 u_out=0 mem=20.970911026000977
p3-task c016 31/40 L=-0.584 Lq=-0.0268 Le=-0.177 rA=0.187 rB=0.213 a_out=0 u_out=0 mem=20.970911026000977
p3-task c016 32/40 L=-0.597 Lq=-0.0234 Le=-0.157 rA=0.188 rB=0.212 a_out=0 u_out=0 mem=20.970911026000977
p3-task c016 33/40 L=-0.616 Lq=-0.0160 Le=-0.150 rA=0.192 rB=0.208 a_out=0 u_out=0 mem=20.970911026000977
p3-task c016 34/40 L=-0.622 Lq=-0.0106 Le=-0.097 rA=0.195 rB=0.205 a_out=0 u_out=0 mem=20.970911026000977
p3-task c016 35/40 L=-0.633 Lq=-0.0081 Le=-0.132 rA=0.196 rB=0.204 a_out=0 u_out=0 mem=20.970911026000977
p3-task c016 36/40 L=-0.656 Lq=-0.0296 Le=-0.231 rA=0.185 rB=0.215 a_out=0 u_out=0 mem=20.970911026000977
p3-task c016 37/40 L=-0.649 Lq=-0.0167 Le=-0.122 rA=0.192 rB=0.208 a_out=0 u_out=0 mem=20.970911026000977
p3-task c016 38/40 L=-0.657 Lq=-0.0115 Le=-0.103 rA=0.194 rB=0.206 a_out=0 u_out=0 mem=20.970911026000977
p3-task c016 39/40 L=-0.667 Lq=-0.0242 Le=-0.148 rA=0.188 rB=0.212 a_out=0 u_out=0 mem=20.970911026000977
p3-task c016 40/40 L=-0.567 Lq=-0.0297 Le=-0.187 rA=0.185 rB=0.215 a_out=0 u_out=0 mem=20.970911026000977
== p3-task attack c018 (14/32) ==
p3-task c018 1/40 L=-0.099 Lq=-0.0505 Le=-0.119 rA=0.175 rB=0.225 a_out=0 u_out=0 mem=20.970911026000977
p3-task c018 2/40 L=-0.103 Lq=-0.0585 Le=-0.159 rA=0.171 rB=0.229 a_out=0 u_out=0 mem=20.970911026000977
p3-task c018 3/40 L=-0.119 Lq=-0.0607 Le=-0.178 rA=0.170 rB=0.230 a_out=1 u_out=1 mem=20.970911026000977
p3-task c018 4/40 L=-0.115 Lq=-0.0681 Le=-0.194 rA=0.166 rB=0.234 a_out=1 u_out=1 mem=20.970911026000977
p3-task c018 5/40 L=-0.124 Lq=-0.0630 Le=-0.175 rA=0.169 rB=0.231 a_out=1 u_out=1 mem=20.970911026000977
p3-task c018 6/40 L=-0.112 Lq=-0.0655 Le=-0.163 rA=0.167 rB=0.233 a_out=1 u_out=1 mem=20.970911026000977
p3-task c018 7/40 L=-0.125 Lq=-0.0723 Le=-0.201 rA=0.164 rB=0.236 a_out=1 u_out=1 mem=20.970911026000977
p3-task c018 8/40 L=-0.123 Lq=-0.0788 Le=-0.223 rA=0.161 rB=0.239 a_out=2 u_out=2 mem=20.970911026000977
p3-task c018 9/40 L=-0.134 Lq=-0.0799 Le=-0.241 rA=0.160 rB=0.240 a_out=2 u_out=2 mem=20.970911026000977
p3-task c018 10/40 L=-0.138 Lq=-0.0768 Le=-0.238 rA=0.162 rB=0.238 a_out=2 u_out=2 mem=20.970911026000977
p3-task c018 11/40 L=-0.146 Lq=-0.0819 Le=-0.231 rA=0.159 rB=0.241 a_out=2 u_out=2 mem=20.970911026000977
p3-task c018 12/40 L=-0.142 Lq=-0.0872 Le=-0.260 rA=0.156 rB=0.244 a_out=2 u_out=2 mem=20.970911026000977
p3-task c018 13/40 L=-0.147 Lq=-0.0840 Le=-0.256 rA=0.158 rB=0.242 a_out=2 u_out=2 mem=20.970911026000977
p3-task c018 14/40 L=-0.152 Lq=-0.0753 Le=-0.229 rA=0.162 rB=0.238 a_out=2 u_out=2 mem=20.970911026000977
p3-task c018 15/40 L=-0.162 Lq=-0.0769 Le=-0.236 rA=0.162 rB=0.238 a_out=2 u_out=2 mem=20.970911026000977
p3-task c018 16/40 L=-0.162 Lq=-0.0745 Le=-0.240 rA=0.163 rB=0.237 a_out=1 u_out=1 mem=20.970911026000977
p3-task c018 17/40 L=-0.161 Lq=-0.0731 Le=-0.235 rA=0.163 rB=0.237 a_out=1 u_out=1 mem=20.970911026000977
p3-task c018 18/40 L=-0.187 Lq=-0.0715 Le=-0.238 rA=0.164 rB=0.236 a_out=1 u_out=1 mem=20.970911026000977
p3-task c018 19/40 L=-0.182 Lq=-0.0683 Le=-0.230 rA=0.166 rB=0.234 a_out=1 u_out=1 mem=20.970911026000977
p3-task c018 20/40 L=-0.185 Lq=-0.0675 Le=-0.210 rA=0.166 rB=0.234 a_out=1 u_out=1 mem=20.970911026000977
p3-task c018 21/40 L=-0.184 Lq=-0.0672 Le=-0.237 rA=0.166 rB=0.234 a_out=1 u_out=1 mem=20.970911026000977
p3-task c018 22/40 L=-0.190 Lq=-0.0637 Le=-0.207 rA=0.168 rB=0.232 a_out=1 u_out=1 mem=20.970911026000977
p3-task c018 23/40 L=-0.187 Lq=-0.0700 Le=-0.212 rA=0.165 rB=0.235 a_out=1 u_out=1 mem=20.970911026000977
p3-task c018 24/40 L=-0.191 Lq=-0.0646 Le=-0.181 rA=0.168 rB=0.232 a_out=1 u_out=1 mem=20.970911026000977
p3-task c018 25/40 L=-0.197 Lq=-0.0677 Le=-0.220 rA=0.166 rB=0.234 a_out=1 u_out=1 mem=20.970911026000977
p3-task c018 26/40 L=-0.197 Lq=-0.0661 Le=-0.203 rA=0.167 rB=0.233 a_out=1 u_out=1 mem=20.970911026000977
p3-task c018 27/40 L=-0.214 Lq=-0.0632 Le=-0.215 rA=0.168 rB=0.232 a_out=1 u_out=1 mem=20.970911026000977
p3-task c018 28/40 L=-0.207 Lq=-0.0683 Le=-0.222 rA=0.166 rB=0.234 a_out=1 u_out=1 mem=20.970911026000977
p3-task c018 29/40 L=-0.200 Lq=-0.0681 Le=-0.213 rA=0.166 rB=0.234 a_out=1 u_out=1 mem=20.970911026000977
p3-task c018 30/40 L=-0.207 Lq=-0.0646 Le=-0.220 rA=0.168 rB=0.232 a_out=1 u_out=1 mem=20.970911026000977
p3-task c018 31/40 L=-0.228 Lq=-0.0628 Le=-0.232 rA=0.169 rB=0.231 a_out=1 u_out=1 mem=20.970911026000977
p3-task c018 32/40 L=-0.226 Lq=-0.0744 Le=-0.242 rA=0.163 rB=0.237 a_out=1 u_out=1 mem=20.970911026000977
p3-task c018 33/40 L=-0.241 Lq=-0.0764 Le=-0.231 rA=0.162 rB=0.238 a_out=2 u_out=2 mem=20.970911026000977
p3-task c018 34/40 L=-0.216 Lq=-0.0649 Le=-0.199 rA=0.168 rB=0.232 a_out=1 u_out=1 mem=20.970911026000977
p3-task c018 35/40 L=-0.233 Lq=-0.0732 Le=-0.230 rA=0.163 rB=0.237 a_out=1 u_out=1 mem=20.970911026000977
p3-task c018 36/40 L=-0.240 Lq=-0.0721 Le=-0.221 rA=0.164 rB=0.236 a_out=1 u_out=1 mem=20.970911026000977
p3-task c018 37/40 L=-0.248 Lq=-0.0736 Le=-0.225 rA=0.163 rB=0.237 a_out=1 u_out=1 mem=20.970911026000977
p3-task c018 38/40 L=-0.250 Lq=-0.0764 Le=-0.253 rA=0.162 rB=0.238 a_out=2 u_out=2 mem=20.970911026000977
p3-task c018 39/40 L=-0.263 Lq=-0.0741 Le=-0.235 rA=0.163 rB=0.237 a_out=1 u_out=1 mem=20.970911026000977
p3-task c018 40/40 L=-0.261 Lq=-0.0635 Le=-0.213 rA=0.168 rB=0.232 a_out=1 u_out=1 mem=20.970911026000977
== p3-task attack c020 (15/32) ==
p3-task c020 1/40 L=-0.125 Lq=-0.0218 Le=0.188 rA=0.189 rB=0.211 a_out=0 u_out=0 mem=20.970911026000977
p3-task c020 2/40 L=-0.126 Lq=-0.0198 Le=0.272 rA=0.190 rB=0.210 a_out=0 u_out=0 mem=20.970911026000977
p3-task c020 3/40 L=-0.174 Lq=-0.0253 Le=0.179 rA=0.187 rB=0.213 a_out=0 u_out=0 mem=20.970911026000977
p3-task c020 4/40 L=-0.224 Lq=-0.0207 Le=0.159 rA=0.190 rB=0.210 a_out=0 u_out=0 mem=20.970911026000977
p3-task c020 5/40 L=-0.274 Lq=-0.0143 Le=0.127 rA=0.193 rB=0.207 a_out=0 u_out=0 mem=20.970911026000977
p3-task c020 6/40 L=-0.334 Lq=-0.0279 Le=0.032 rA=0.186 rB=0.214 a_out=0 u_out=0 mem=20.970911026000977
p3-task c020 7/40 L=-0.376 Lq=-0.0286 Le=0.001 rA=0.186 rB=0.214 a_out=0 u_out=0 mem=20.970911026000977
p3-task c020 8/40 L=-0.361 Lq=-0.0277 Le=0.054 rA=0.186 rB=0.214 a_out=0 u_out=0 mem=20.970911026000977
p3-task c020 9/40 L=-0.428 Lq=-0.0103 Le=0.131 rA=0.195 rB=0.205 a_out=0 u_out=0 mem=20.970911026000977
p3-task c020 10/40 L=-0.466 Lq=-0.0053 Le=0.051 rA=0.197 rB=0.203 a_out=0 u_out=0 mem=20.970911026000977
p3-task c020 11/40 L=-0.638 Lq=-0.0092 Le=0.015 rA=0.195 rB=0.205 a_out=0 u_out=0 mem=20.970911026000977
p3-task c020 12/40 L=-0.568 Lq=-0.0024 Le=0.130 rA=0.199 rB=0.201 a_out=0 u_out=0 mem=20.970911026000977
p3-task c020 13/40 L=-0.611 Lq=-0.0053 Le=0.147 rA=0.197 rB=0.203 a_out=0 u_out=0 mem=20.970911026000977
p3-task c020 14/40 L=-0.696 Lq=-0.0109 Le=0.030 rA=0.195 rB=0.205 a_out=0 u_out=0 mem=20.970911026000977
p3-task c020 15/40 L=-0.670 Lq=-0.0079 Le=0.079 rA=0.196 rB=0.204 a_out=0 u_out=0 mem=20.970911026000977
p3-task c020 16/40 L=-0.849 Lq=-0.0105 Le=0.086 rA=0.195 rB=0.205 a_out=0 u_out=0 mem=20.970911026000977
p3-task c020 17/40 L=-0.752 Lq=-0.0132 Le=0.003 rA=0.193 rB=0.207 a_out=0 u_out=0 mem=20.970911026000977
p3-task c020 18/40 L=-0.905 Lq=-0.0128 Le=0.068 rA=0.194 rB=0.206 a_out=0 u_out=0 mem=20.970911026000977
p3-task c020 19/40 L=-0.868 Lq=-0.0148 Le=0.064 rA=0.193 rB=0.207 a_out=0 u_out=0 mem=20.970911026000977
p3-task c020 20/40 L=-0.810 Lq=-0.0137 Le=0.108 rA=0.193 rB=0.207 a_out=0 u_out=0 mem=20.970911026000977
p3-task c020 21/40 L=-0.779 Lq=-0.0123 Le=0.080 rA=0.194 rB=0.206 a_out=0 u_out=0 mem=20.970911026000977
p3-task c020 22/40 L=-0.854 Lq=-0.0255 Le=0.088 rA=0.187 rB=0.213 a_out=0 u_out=0 mem=20.970911026000977
p3-task c020 23/40 L=-1.007 Lq=-0.0152 Le=0.024 rA=0.192 rB=0.208 a_out=0 u_out=0 mem=20.970911026000977
p3-task c020 24/40 L=-1.046 Lq=-0.0144 Le=0.049 rA=0.193 rB=0.207 a_out=0 u_out=0 mem=20.970911026000977
p3-task c020 25/40 L=-1.103 Lq=-0.0091 Le=0.119 rA=0.195 rB=0.205 a_out=0 u_out=0 mem=20.970911026000977
p3-task c020 26/40 L=-1.370 Lq=-0.0219 Le=0.052 rA=0.189 rB=0.211 a_out=0 u_out=0 mem=20.970911026000977
p3-task c020 27/40 L=-1.396 Lq=-0.0059 Le=0.120 rA=0.197 rB=0.203 a_out=0 u_out=0 mem=20.970911026000977
p3-task c020 28/40 L=-1.497 Lq=-0.0148 Le=0.131 rA=0.193 rB=0.207 a_out=0 u_out=0 mem=20.970911026000977
p3-task c020 29/40 L=-1.278 Lq=-0.0159 Le=0.115 rA=0.192 rB=0.208 a_out=0 u_out=0 mem=20.970911026000977
p3-task c020 30/40 L=-1.006 Lq=-0.0109 Le=0.174 rA=0.195 rB=0.205 a_out=0 u_out=0 mem=20.970911026000977
p3-task c020 31/40 L=-1.411 Lq=-0.0092 Le=0.166 rA=0.195 rB=0.205 a_out=0 u_out=0 mem=20.970911026000977
p3-task c020 32/40 L=-1.497 Lq=-0.0146 Le=0.059 rA=0.193 rB=0.207 a_out=0 u_out=0 mem=20.970911026000977
p3-task c020 33/40 L=-1.587 Lq=-0.0099 Le=0.197 rA=0.195 rB=0.205 a_out=0 u_out=0 mem=20.970911026000977
p3-task c020 34/40 L=-1.152 Lq=-0.0050 Le=0.176 rA=0.198 rB=0.202 a_out=0 u_out=0 mem=20.970911026000977
p3-task c020 35/40 L=-1.526 Lq=-0.0179 Le=0.093 rA=0.191 rB=0.209 a_out=0 u_out=0 mem=20.970911026000977
p3-task c020 36/40 L=-1.835 Lq=-0.0121 Le=0.127 rA=0.194 rB=0.206 a_out=0 u_out=0 mem=20.970911026000977
p3-task c020 37/40 L=-1.681 Lq=-0.0142 Le=0.144 rA=0.193 rB=0.207 a_out=0 u_out=0 mem=20.970911026000977
p3-task c020 38/40 L=-1.578 Lq=-0.0129 Le=0.208 rA=0.194 rB=0.206 a_out=0 u_out=0 mem=20.970911026000977
p3-task c020 39/40 L=-2.039 Lq=-0.0072 Le=0.104 rA=0.196 rB=0.204 a_out=0 u_out=0 mem=20.970911026000977
p3-task c020 40/40 L=-2.051 Lq=-0.0154 Le=0.152 rA=0.192 rB=0.208 a_out=0 u_out=0 mem=20.970911026000977
== p3-task attack c021 (16/32) ==
p3-task c021 1/40 L=-0.203 Lq=-0.0592 Le=-0.202 rA=0.170 rB=0.230 a_out=0 u_out=0 mem=20.970911026000977
p3-task c021 2/40 L=-0.202 Lq=-0.0566 Le=-0.191 rA=0.172 rB=0.228 a_out=0 u_out=0 mem=20.970911026000977
p3-task c021 3/40 L=-0.220 Lq=-0.0623 Le=-0.200 rA=0.169 rB=0.231 a_out=0 u_out=0 mem=20.970911026000977
p3-task c021 4/40 L=-0.210 Lq=-0.0596 Le=-0.189 rA=0.170 rB=0.230 a_out=0 u_out=0 mem=20.970911026000977
p3-task c021 5/40 L=-0.218 Lq=-0.0701 Le=-0.219 rA=0.165 rB=0.235 a_out=0 u_out=0 mem=20.970911026000977
p3-task c021 6/40 L=-0.227 Lq=-0.0669 Le=-0.208 rA=0.167 rB=0.233 a_out=0 u_out=0 mem=20.970911026000977
p3-task c021 7/40 L=-0.226 Lq=-0.0618 Le=-0.204 rA=0.169 rB=0.231 a_out=0 u_out=0 mem=20.970911026000977
p3-task c021 8/40 L=-0.229 Lq=-0.0469 Le=-0.163 rA=0.177 rB=0.223 a_out=0 u_out=0 mem=20.970911026000977
p3-task c021 9/40 L=-0.225 Lq=-0.0588 Le=-0.201 rA=0.171 rB=0.229 a_out=0 u_out=0 mem=20.970911026000977
p3-task c021 10/40 L=-0.235 Lq=-0.0651 Le=-0.193 rA=0.167 rB=0.233 a_out=0 u_out=0 mem=20.970911026000977
p3-task c021 11/40 L=-0.238 Lq=-0.0585 Le=-0.186 rA=0.171 rB=0.229 a_out=0 u_out=0 mem=20.970911026000977
p3-task c021 12/40 L=-0.233 Lq=-0.0540 Le=-0.179 rA=0.173 rB=0.227 a_out=0 u_out=0 mem=20.970911026000977
p3-task c021 13/40 L=-0.234 Lq=-0.0609 Le=-0.198 rA=0.170 rB=0.230 a_out=0 u_out=0 mem=20.970911026000977
p3-task c021 14/40 L=-0.266 Lq=-0.0672 Le=-0.186 rA=0.166 rB=0.234 a_out=0 u_out=0 mem=20.970911026000977
p3-task c021 15/40 L=-0.261 Lq=-0.0587 Le=-0.212 rA=0.171 rB=0.229 a_out=0 u_out=0 mem=20.970911026000977
p3-task c021 16/40 L=-0.255 Lq=-0.0646 Le=-0.192 rA=0.168 rB=0.232 a_out=0 u_out=0 mem=20.970911026000977
p3-task c021 17/40 L=-0.266 Lq=-0.0531 Le=-0.162 rA=0.173 rB=0.227 a_out=0 u_out=0 mem=20.970911026000977
p3-task c021 18/40 L=-0.258 Lq=-0.0576 Le=-0.162 rA=0.171 rB=0.229 a_out=0 u_out=0 mem=20.970911026000977
p3-task c021 19/40 L=-0.263 Lq=-0.0567 Le=-0.181 rA=0.172 rB=0.228 a_out=0 u_out=0 mem=20.970911026000977
p3-task c021 20/40 L=-0.269 Lq=-0.0638 Le=-0.208 rA=0.168 rB=0.232 a_out=0 u_out=0 mem=20.970911026000977
p3-task c021 21/40 L=-0.264 Lq=-0.0587 Le=-0.172 rA=0.171 rB=0.229 a_out=0 u_out=0 mem=20.970911026000977
p3-task c021 22/40 L=-0.249 Lq=-0.0560 Le=-0.179 rA=0.172 rB=0.228 a_out=0 u_out=0 mem=20.970911026000977
p3-task c021 23/40 L=-0.236 Lq=-0.0537 Le=-0.168 rA=0.173 rB=0.227 a_out=0 u_out=0 mem=20.970911026000977
p3-task c021 24/40 L=-0.270 Lq=-0.0509 Le=-0.151 rA=0.175 rB=0.225 a_out=0 u_out=0 mem=20.970911026000977
p3-task c021 25/40 L=-0.270 Lq=-0.0490 Le=-0.164 rA=0.176 rB=0.224 a_out=0 u_out=0 mem=20.970911026000977
p3-task c021 26/40 L=-0.290 Lq=-0.0484 Le=-0.152 rA=0.176 rB=0.224 a_out=0 u_out=0 mem=20.970911026000977
p3-task c021 27/40 L=-0.261 Lq=-0.0565 Le=-0.169 rA=0.172 rB=0.228 a_out=0 u_out=0 mem=20.970911026000977
p3-task c021 28/40 L=-0.254 Lq=-0.0540 Le=-0.197 rA=0.173 rB=0.227 a_out=0 u_out=0 mem=20.970911026000977
p3-task c021 29/40 L=-0.234 Lq=-0.0645 Le=-0.184 rA=0.168 rB=0.232 a_out=0 u_out=0 mem=20.970911026000977
p3-task c021 30/40 L=-0.253 Lq=-0.0681 Le=-0.197 rA=0.166 rB=0.234 a_out=0 u_out=0 mem=20.970911026000977
p3-task c021 31/40 L=-0.266 Lq=-0.0632 Le=-0.192 rA=0.168 rB=0.232 a_out=0 u_out=0 mem=20.970911026000977
p3-task c021 32/40 L=-0.277 Lq=-0.0683 Le=-0.195 rA=0.166 rB=0.234 a_out=0 u_out=0 mem=20.970911026000977
p3-task c021 33/40 L=-0.290 Lq=-0.0601 Le=-0.186 rA=0.170 rB=0.230 a_out=0 u_out=0 mem=20.970911026000977
p3-task c021 34/40 L=-0.257 Lq=-0.0592 Le=-0.176 rA=0.170 rB=0.230 a_out=0 u_out=0 mem=20.970911026000977
p3-task c021 35/40 L=-0.279 Lq=-0.0573 Le=-0.168 rA=0.171 rB=0.229 a_out=0 u_out=0 mem=20.970911026000977
p3-task c021 36/40 L=-0.269 Lq=-0.0620 Le=-0.190 rA=0.169 rB=0.231 a_out=0 u_out=0 mem=20.970911026000977
p3-task c021 37/40 L=-0.279 Lq=-0.0634 Le=-0.175 rA=0.168 rB=0.232 a_out=0 u_out=0 mem=20.970911026000977
p3-task c021 38/40 L=-0.285 Lq=-0.0599 Le=-0.183 rA=0.170 rB=0.230 a_out=0 u_out=0 mem=20.970911026000977
p3-task c021 39/40 L=-0.291 Lq=-0.0523 Le=-0.160 rA=0.174 rB=0.226 a_out=0 u_out=0 mem=20.970911026000977
p3-task c021 40/40 L=-0.303 Lq=-0.0588 Le=-0.151 rA=0.171 rB=0.229 a_out=0 u_out=0 mem=20.970911026000977
== p3-task attack c022 (17/32) ==
p3-task c022 1/40 L=-0.365 Lq=-0.0754 Le=-0.255 rA=0.162 rB=0.238 a_out=0 u_out=0 mem=20.970911026000977
p3-task c022 2/40 L=-0.385 Lq=-0.0918 Le=-0.289 rA=0.154 rB=0.246 a_out=1 u_out=1 mem=20.970911026000977
p3-task c022 3/40 L=-0.389 Lq=-0.0875 Le=-0.276 rA=0.156 rB=0.244 a_out=0 u_out=0 mem=20.970911026000977
p3-task c022 4/40 L=-0.421 Lq=-0.0846 Le=-0.272 rA=0.158 rB=0.242 a_out=0 u_out=0 mem=20.970911026000977
p3-task c022 5/40 L=-0.435 Lq=-0.0906 Le=-0.286 rA=0.155 rB=0.245 a_out=1 u_out=1 mem=20.970911026000977
p3-task c022 6/40 L=-0.442 Lq=-0.0817 Le=-0.271 rA=0.159 rB=0.241 a_out=0 u_out=0 mem=20.970911026000977
p3-task c022 7/40 L=-0.425 Lq=-0.0736 Le=-0.257 rA=0.163 rB=0.237 a_out=0 u_out=0 mem=20.970911026000977
p3-task c022 8/40 L=-0.430 Lq=-0.0919 Le=-0.298 rA=0.154 rB=0.246 a_out=1 u_out=1 mem=20.970911026000977
p3-task c022 9/40 L=-0.440 Lq=-0.0824 Le=-0.248 rA=0.159 rB=0.241 a_out=0 u_out=0 mem=20.970911026000977
p3-task c022 10/40 L=-0.480 Lq=-0.0863 Le=-0.273 rA=0.157 rB=0.243 a_out=0 u_out=0 mem=20.970911026000977
p3-task c022 11/40 L=-0.483 Lq=-0.0846 Le=-0.268 rA=0.158 rB=0.242 a_out=0 u_out=0 mem=20.970911026000977
p3-task c022 12/40 L=-0.497 Lq=-0.0800 Le=-0.258 rA=0.160 rB=0.240 a_out=0 u_out=0 mem=20.970911026000977
p3-task c022 13/40 L=-0.517 Lq=-0.0762 Le=-0.257 rA=0.162 rB=0.238 a_out=0 u_out=0 mem=20.970911026000977
p3-task c022 14/40 L=-0.519 Lq=-0.0879 Le=-0.280 rA=0.156 rB=0.244 a_out=0 u_out=0 mem=20.970911026000977
p3-task c022 15/40 L=-0.498 Lq=-0.0786 Le=-0.272 rA=0.161 rB=0.239 a_out=0 u_out=0 mem=20.970911026000977
p3-task c022 16/40 L=-0.533 Lq=-0.0794 Le=-0.267 rA=0.160 rB=0.240 a_out=0 u_out=0 mem=20.970911026000977
p3-task c022 17/40 L=-0.558 Lq=-0.0709 Le=-0.269 rA=0.165 rB=0.235 a_out=0 u_out=0 mem=20.970911026000977
p3-task c022 18/40 L=-0.566 Lq=-0.0810 Le=-0.276 rA=0.159 rB=0.241 a_out=0 u_out=0 mem=20.970911026000977
p3-task c022 19/40 L=-0.597 Lq=-0.0699 Le=-0.234 rA=0.165 rB=0.235 a_out=0 u_out=0 mem=20.970911026000977
p3-task c022 20/40 L=-0.602 Lq=-0.0746 Le=-0.268 rA=0.163 rB=0.237 a_out=0 u_out=0 mem=20.970911026000977
p3-task c022 21/40 L=-0.573 Lq=-0.0762 Le=-0.276 rA=0.162 rB=0.238 a_out=0 u_out=0 mem=20.970911026000977
p3-task c022 22/40 L=-0.629 Lq=-0.0887 Le=-0.310 rA=0.156 rB=0.244 a_out=0 u_out=0 mem=20.970911026000977
p3-task c022 23/40 L=-0.636 Lq=-0.0822 Le=-0.288 rA=0.159 rB=0.241 a_out=0 u_out=0 mem=20.970911026000977
p3-task c022 24/40 L=-0.645 Lq=-0.0775 Le=-0.280 rA=0.161 rB=0.239 a_out=0 u_out=0 mem=20.970911026000977
p3-task c022 25/40 L=-0.634 Lq=-0.0728 Le=-0.269 rA=0.164 rB=0.236 a_out=0 u_out=0 mem=20.970911026000977
p3-task c022 26/40 L=-0.707 Lq=-0.0788 Le=-0.272 rA=0.161 rB=0.239 a_out=0 u_out=0 mem=20.970911026000977
p3-task c022 27/40 L=-0.657 Lq=-0.0788 Le=-0.256 rA=0.161 rB=0.239 a_out=0 u_out=0 mem=20.970911026000977
p3-task c022 28/40 L=-0.731 Lq=-0.0719 Le=-0.256 rA=0.164 rB=0.236 a_out=0 u_out=0 mem=20.970911026000977
p3-task c022 29/40 L=-0.746 Lq=-0.0868 Le=-0.288 rA=0.157 rB=0.243 a_out=0 u_out=0 mem=20.970911026000977
p3-task c022 30/40 L=-0.730 Lq=-0.0809 Le=-0.269 rA=0.160 rB=0.240 a_out=0 u_out=0 mem=20.970911026000977
p3-task c022 31/40 L=-0.655 Lq=-0.0757 Le=-0.269 rA=0.162 rB=0.238 a_out=0 u_out=0 mem=20.970911026000977
p3-task c022 32/40 L=-0.759 Lq=-0.0825 Le=-0.278 rA=0.159 rB=0.241 a_out=0 u_out=0 mem=20.970911026000977
p3-task c022 33/40 L=-0.861 Lq=-0.0889 Le=-0.297 rA=0.156 rB=0.244 a_out=0 u_out=0 mem=20.970911026000977
p3-task c022 34/40 L=-0.980 Lq=-0.0854 Le=-0.289 rA=0.157 rB=0.243 a_out=0 u_out=0 mem=20.970911026000977
p3-task c022 35/40 L=-1.204 Lq=-0.0883 Le=-0.291 rA=0.156 rB=0.244 a_out=0 u_out=0 mem=20.970911026000977
p3-task c022 36/40 L=-1.535 Lq=-0.0837 Le=-0.292 rA=0.158 rB=0.242 a_out=0 u_out=0 mem=20.970911026000977
p3-task c022 37/40 L=-1.152 Lq=-0.0813 Le=-0.277 rA=0.159 rB=0.241 a_out=0 u_out=0 mem=20.970911026000977
p3-task c022 38/40 L=-1.247 Lq=-0.0775 Le=-0.269 rA=0.161 rB=0.239 a_out=0 u_out=0 mem=20.970911026000977
p3-task c022 39/40 L=-1.086 Lq=-0.0850 Le=-0.275 rA=0.158 rB=0.242 a_out=0 u_out=0 mem=20.970911026000977
p3-task c022 40/40 L=-1.623 Lq=-0.0673 Le=-0.239 rA=0.166 rB=0.234 a_out=0 u_out=0 mem=20.970911026000977
== p3-task attack c023 (18/32) ==
p3-task c023 1/40 L=-0.112 Lq=-0.0262 Le=-0.189 rA=0.187 rB=0.213 a_out=0 u_out=0 mem=20.970911026000977
p3-task c023 2/40 L=-0.119 Lq=-0.0349 Le=-0.203 rA=0.183 rB=0.217 a_out=0 u_out=0 mem=20.970911026000977
p3-task c023 3/40 L=-0.125 Lq=-0.0411 Le=-0.227 rA=0.179 rB=0.221 a_out=1 u_out=1 mem=20.970911026000977
p3-task c023 4/40 L=-0.125 Lq=-0.0369 Le=-0.230 rA=0.182 rB=0.218 a_out=0 u_out=0 mem=20.970911026000977
p3-task c023 5/40 L=-0.141 Lq=-0.0389 Le=-0.223 rA=0.181 rB=0.219 a_out=1 u_out=1 mem=20.970911026000977
p3-task c023 6/40 L=-0.132 Lq=-0.0297 Le=-0.178 rA=0.185 rB=0.215 a_out=0 u_out=0 mem=20.970911026000977
p3-task c023 7/40 L=-0.144 Lq=-0.0305 Le=-0.211 rA=0.185 rB=0.215 a_out=0 u_out=0 mem=20.970911026000977
p3-task c023 8/40 L=-0.149 Lq=-0.0261 Le=-0.206 rA=0.187 rB=0.213 a_out=0 u_out=0 mem=20.970911026000977
p3-task c023 9/40 L=-0.163 Lq=-0.0320 Le=-0.206 rA=0.184 rB=0.216 a_out=0 u_out=0 mem=20.970911026000977
p3-task c023 10/40 L=-0.165 Lq=-0.0306 Le=-0.214 rA=0.185 rB=0.215 a_out=0 u_out=0 mem=20.970911026000977
p3-task c023 11/40 L=-0.174 Lq=-0.0291 Le=-0.203 rA=0.185 rB=0.215 a_out=0 u_out=0 mem=20.970911026000977
p3-task c023 12/40 L=-0.179 Lq=-0.0263 Le=-0.195 rA=0.187 rB=0.213 a_out=0 u_out=0 mem=20.970911026000977
p3-task c023 13/40 L=-0.204 Lq=-0.0188 Le=-0.169 rA=0.191 rB=0.209 a_out=0 u_out=0 mem=20.970911026000977
p3-task c023 14/40 L=-0.186 Lq=-0.0299 Le=-0.199 rA=0.185 rB=0.215 a_out=0 u_out=0 mem=20.970911026000977
p3-task c023 15/40 L=-0.200 Lq=-0.0193 Le=-0.149 rA=0.190 rB=0.210 a_out=0 u_out=0 mem=20.970911026000977
p3-task c023 16/40 L=-0.226 Lq=-0.0226 Le=-0.180 rA=0.189 rB=0.211 a_out=0 u_out=0 mem=20.970911026000977
p3-task c023 17/40 L=-0.285 Lq=-0.0194 Le=-0.169 rA=0.190 rB=0.210 a_out=0 u_out=0 mem=20.970911026000977
p3-task c023 18/40 L=-0.285 Lq=-0.0179 Le=-0.169 rA=0.191 rB=0.209 a_out=0 u_out=0 mem=20.970911026000977
p3-task c023 19/40 L=-0.355 Lq=-0.0274 Le=-0.198 rA=0.186 rB=0.214 a_out=0 u_out=0 mem=20.970911026000977
p3-task c023 20/40 L=-0.311 Lq=-0.0224 Le=-0.162 rA=0.189 rB=0.211 a_out=0 u_out=0 mem=20.970911026000977
p3-task c023 21/40 L=-0.381 Lq=-0.0199 Le=-0.180 rA=0.190 rB=0.210 a_out=0 u_out=0 mem=20.970911026000977
p3-task c023 22/40 L=-0.554 Lq=-0.0185 Le=-0.162 rA=0.191 rB=0.209 a_out=0 u_out=0 mem=20.970911026000977
p3-task c023 23/40 L=-0.569 Lq=-0.0200 Le=-0.199 rA=0.190 rB=0.210 a_out=0 u_out=0 mem=20.970911026000977
p3-task c023 24/40 L=-0.396 Lq=-0.0302 Le=-0.211 rA=0.185 rB=0.215 a_out=0 u_out=0 mem=20.970911026000977
p3-task c023 25/40 L=-0.651 Lq=-0.0292 Le=-0.193 rA=0.185 rB=0.215 a_out=0 u_out=0 mem=20.970911026000977
p3-task c023 26/40 L=-0.811 Lq=-0.0162 Le=-0.146 rA=0.192 rB=0.208 a_out=0 u_out=0 mem=20.970911026000977
p3-task c023 27/40 L=-0.687 Lq=-0.0186 Le=-0.163 rA=0.191 rB=0.209 a_out=0 u_out=0 mem=20.970911026000977
p3-task c023 28/40 L=-0.863 Lq=-0.0235 Le=-0.164 rA=0.188 rB=0.212 a_out=0 u_out=0 mem=20.970911026000977
p3-task c023 29/40 L=-1.060 Lq=-0.0105 Le=-0.113 rA=0.195 rB=0.205 a_out=0 u_out=0 mem=20.970911026000977
p3-task c023 30/40 L=-1.231 Lq=-0.0183 Le=-0.118 rA=0.191 rB=0.209 a_out=0 u_out=0 mem=20.970911026000977
p3-task c023 31/40 L=-1.026 Lq=-0.0309 Le=-0.191 rA=0.185 rB=0.215 a_out=0 u_out=0 mem=20.970911026000977
p3-task c023 32/40 L=-1.536 Lq=-0.0237 Le=-0.134 rA=0.188 rB=0.212 a_out=0 u_out=0 mem=20.970911026000977
p3-task c023 33/40 L=-1.016 Lq=-0.0144 Le=-0.119 rA=0.193 rB=0.207 a_out=0 u_out=0 mem=20.970911026000977
p3-task c023 34/40 L=-1.514 Lq=-0.0239 Le=-0.166 rA=0.188 rB=0.212 a_out=0 u_out=0 mem=20.970911026000977
p3-task c023 35/40 L=-0.927 Lq=-0.0171 Le=-0.173 rA=0.191 rB=0.209 a_out=0 u_out=0 mem=20.970911026000977
p3-task c023 36/40 L=-1.600 Lq=-0.0188 Le=-0.145 rA=0.191 rB=0.209 a_out=0 u_out=0 mem=20.970911026000977
p3-task c023 37/40 L=-1.638 Lq=-0.0247 Le=-0.176 rA=0.188 rB=0.212 a_out=0 u_out=0 mem=20.970911026000977
p3-task c023 38/40 L=-1.423 Lq=-0.0170 Le=-0.146 rA=0.192 rB=0.208 a_out=0 u_out=0 mem=20.970911026000977
p3-task c023 39/40 L=-1.760 Lq=-0.0171 Le=-0.156 rA=0.191 rB=0.209 a_out=0 u_out=0 mem=20.970911026000977
p3-task c023 40/40 L=-0.647 Lq=-0.0153 Le=-0.156 rA=0.192 rB=0.208 a_out=0 u_out=0 mem=20.970911026000977
== p3-task attack c025 (19/32) ==
p3-task c025 1/40 L=-0.083 Lq=-0.0179 Le=-0.095 rA=0.191 rB=0.209 a_out=0 u_out=0 mem=20.970911026000977
p3-task c025 2/40 L=-0.083 Lq=-0.0208 Le=-0.071 rA=0.190 rB=0.210 a_out=1 u_out=1 mem=20.970911026000977
p3-task c025 3/40 L=-0.101 Lq=-0.0132 Le=-0.108 rA=0.193 rB=0.207 a_out=0 u_out=0 mem=20.970911026000977
p3-task c025 4/40 L=-0.119 Lq=-0.0168 Le=-0.125 rA=0.192 rB=0.208 a_out=0 u_out=0 mem=20.970911026000977
p3-task c025 5/40 L=-0.135 Lq=-0.0095 Le=-0.108 rA=0.195 rB=0.205 a_out=0 u_out=0 mem=20.970911026000977
p3-task c025 6/40 L=-0.160 Lq=-0.0101 Le=-0.105 rA=0.195 rB=0.205 a_out=0 u_out=0 mem=20.970911026000977
p3-task c025 7/40 L=-0.177 Lq=-0.0042 Le=-0.110 rA=0.198 rB=0.202 a_out=0 u_out=0 mem=20.970911026000977
p3-task c025 8/40 L=-0.196 Lq=-0.0017 Le=-0.074 rA=0.199 rB=0.201 a_out=0 u_out=0 mem=20.970911026000977
p3-task c025 9/40 L=-0.204 Lq=-0.0015 Le=-0.058 rA=0.199 rB=0.201 a_out=0 u_out=0 mem=20.970911026000977
p3-task c025 10/40 L=-0.232 Lq=-0.0099 Le=-0.087 rA=0.195 rB=0.205 a_out=0 u_out=0 mem=20.970911026000977
p3-task c025 11/40 L=-0.255 Lq=-0.0036 Le=-0.059 rA=0.198 rB=0.202 a_out=0 u_out=0 mem=20.970911026000977
p3-task c025 12/40 L=-0.260 Lq=-0.0019 Le=-0.041 rA=0.199 rB=0.201 a_out=0 u_out=0 mem=20.970911026000977
p3-task c025 13/40 L=-0.265 Lq=-0.0073 Le=-0.067 rA=0.196 rB=0.204 a_out=0 u_out=0 mem=20.970911026000977
p3-task c025 14/40 L=-0.277 Lq=+0.0137 Le=0.015 rA=0.207 rB=0.193 a_out=0 u_out=0 mem=20.970911026000977
p3-task c025 15/40 L=-0.327 Lq=+0.0014 Le=-0.039 rA=0.201 rB=0.199 a_out=0 u_out=0 mem=20.970911026000977
p3-task c025 16/40 L=-0.309 Lq=+0.0026 Le=0.007 rA=0.201 rB=0.199 a_out=0 u_out=0 mem=20.970911026000977
p3-task c025 17/40 L=-0.321 Lq=+0.0054 Le=-0.010 rA=0.203 rB=0.197 a_out=0 u_out=0 mem=20.970911026000977
p3-task c025 18/40 L=-0.316 Lq=+0.0008 Le=0.005 rA=0.200 rB=0.200 a_out=0 u_out=0 mem=20.970911026000977
p3-task c025 19/40 L=-0.380 Lq=-0.0014 Le=-0.051 rA=0.199 rB=0.201 a_out=0 u_out=0 mem=20.970911026000977
p3-task c025 20/40 L=-0.348 Lq=+0.0078 Le=0.029 rA=0.204 rB=0.196 a_out=0 u_out=0 mem=20.970911026000977
p3-task c025 21/40 L=-0.419 Lq=+0.0074 Le=-0.028 rA=0.204 rB=0.196 a_out=0 u_out=0 mem=20.970911026000977
p3-task c025 22/40 L=-0.432 Lq=+0.0046 Le=-0.076 rA=0.202 rB=0.198 a_out=0 u_out=0 mem=20.970911026000977
p3-task c025 23/40 L=-0.365 Lq=+0.0003 Le=-0.010 rA=0.200 rB=0.200 a_out=0 u_out=0 mem=20.970911026000977
p3-task c025 24/40 L=-0.503 Lq=+0.0098 Le=0.016 rA=0.205 rB=0.195 a_out=0 u_out=0 mem=20.970911026000977
p3-task c025 25/40 L=-0.547 Lq=+0.0136 Le=0.017 rA=0.207 rB=0.193 a_out=0 u_out=0 mem=20.970911026000977
p3-task c025 26/40 L=-0.484 Lq=+0.0152 Le=-0.009 rA=0.208 rB=0.192 a_out=0 u_out=0 mem=20.970911026000977
p3-task c025 27/40 L=-0.497 Lq=+0.0048 Le=-0.011 rA=0.202 rB=0.198 a_out=0 u_out=0 mem=20.970911026000977
p3-task c025 28/40 L=-0.554 Lq=+0.0158 Le=0.056 rA=0.208 rB=0.192 a_out=0 u_out=0 mem=20.970911026000977
p3-task c025 29/40 L=-0.562 Lq=+0.0140 Le=0.009 rA=0.207 rB=0.193 a_out=0 u_out=0 mem=20.970911026000977
p3-task c025 30/40 L=-0.637 Lq=+0.0127 Le=-0.001 rA=0.206 rB=0.194 a_out=0 u_out=0 mem=20.970911026000977
p3-task c025 31/40 L=-0.599 Lq=+0.0071 Le=-0.078 rA=0.204 rB=0.196 a_out=0 u_out=0 mem=20.970911026000977
p3-task c025 32/40 L=-0.689 Lq=+0.0032 Le=-0.052 rA=0.202 rB=0.198 a_out=0 u_out=0 mem=20.970911026000977
p3-task c025 33/40 L=-0.683 Lq=+0.0025 Le=-0.084 rA=0.201 rB=0.199 a_out=0 u_out=0 mem=20.970911026000977
p3-task c025 34/40 L=-0.741 Lq=+0.0044 Le=-0.061 rA=0.202 rB=0.198 a_out=0 u_out=0 mem=20.970911026000977
p3-task c025 35/40 L=-0.721 Lq=+0.0044 Le=-0.043 rA=0.202 rB=0.198 a_out=0 u_out=0 mem=20.970911026000977
p3-task c025 36/40 L=-0.636 Lq=+0.0106 Le=0.034 rA=0.205 rB=0.195 a_out=0 u_out=0 mem=20.970911026000977
p3-task c025 37/40 L=-0.781 Lq=+0.0042 Le=-0.026 rA=0.202 rB=0.198 a_out=0 u_out=0 mem=20.970911026000977
p3-task c025 38/40 L=-0.773 Lq=+0.0085 Le=-0.032 rA=0.204 rB=0.196 a_out=0 u_out=0 mem=20.970911026000977
p3-task c025 39/40 L=-0.799 Lq=+0.0065 Le=-0.025 rA=0.203 rB=0.197 a_out=0 u_out=0 mem=20.970911026000977
p3-task c025 40/40 L=-0.930 Lq=+0.0086 Le=-0.025 rA=0.204 rB=0.196 a_out=0 u_out=0 mem=20.970911026000977
== p3-task attack c026 (20/32) ==
p3-task c026 1/40 L=-0.163 Lq=-0.0469 Le=-0.192 rA=0.177 rB=0.223 a_out=0 u_out=0 mem=20.970911026000977
p3-task c026 2/40 L=-0.173 Lq=-0.0540 Le=-0.233 rA=0.173 rB=0.227 a_out=1 u_out=1 mem=20.970911026000977
p3-task c026 3/40 L=-0.187 Lq=-0.0540 Le=-0.224 rA=0.173 rB=0.227 a_out=1 u_out=1 mem=20.970911026000977
p3-task c026 4/40 L=-0.161 Lq=-0.0492 Le=-0.207 rA=0.175 rB=0.225 a_out=0 u_out=0 mem=20.970911026000977
p3-task c026 5/40 L=-0.169 Lq=-0.0552 Le=-0.199 rA=0.172 rB=0.228 a_out=1 u_out=1 mem=20.970911026000977
p3-task c026 6/40 L=-0.158 Lq=-0.0368 Le=-0.117 rA=0.182 rB=0.218 a_out=0 u_out=0 mem=20.970911026000977
p3-task c026 7/40 L=-0.183 Lq=-0.0470 Le=-0.186 rA=0.176 rB=0.224 a_out=0 u_out=0 mem=20.970911026000977
p3-task c026 8/40 L=-0.185 Lq=-0.0605 Le=-0.223 rA=0.170 rB=0.230 a_out=1 u_out=1 mem=20.970911026000977
p3-task c026 9/40 L=-0.183 Lq=-0.0474 Le=-0.176 rA=0.176 rB=0.224 a_out=0 u_out=0 mem=20.970911026000977
p3-task c026 10/40 L=-0.185 Lq=-0.0459 Le=-0.216 rA=0.177 rB=0.223 a_out=0 u_out=0 mem=20.970911026000977
p3-task c026 11/40 L=-0.174 Lq=-0.0369 Le=-0.119 rA=0.182 rB=0.218 a_out=0 u_out=0 mem=20.970911026000977
p3-task c026 12/40 L=-0.181 Lq=-0.0359 Le=-0.157 rA=0.182 rB=0.218 a_out=0 u_out=0 mem=20.970911026000977
p3-task c026 13/40 L=-0.173 Lq=-0.0510 Le=-0.187 rA=0.174 rB=0.226 a_out=0 u_out=0 mem=20.970911026000977
p3-task c026 14/40 L=-0.184 Lq=-0.0641 Le=-0.249 rA=0.168 rB=0.232 a_out=1 u_out=1 mem=20.970911026000977
p3-task c026 15/40 L=-0.227 Lq=-0.0340 Le=-0.157 rA=0.183 rB=0.217 a_out=0 u_out=0 mem=20.970911026000977
p3-task c026 16/40 L=-0.181 Lq=-0.0493 Le=-0.227 rA=0.175 rB=0.225 a_out=0 u_out=0 mem=20.970911026000977
p3-task c026 17/40 L=-0.175 Lq=-0.0673 Le=-0.231 rA=0.166 rB=0.234 a_out=1 u_out=1 mem=20.970911026000977
p3-task c026 18/40 L=-0.186 Lq=-0.0363 Le=-0.166 rA=0.182 rB=0.218 a_out=0 u_out=0 mem=20.970911026000977
p3-task c026 19/40 L=-0.189 Lq=-0.0305 Le=-0.170 rA=0.185 rB=0.215 a_out=0 u_out=0 mem=20.970911026000977
p3-task c026 20/40 L=-0.175 Lq=-0.0318 Le=-0.192 rA=0.184 rB=0.216 a_out=0 u_out=0 mem=20.970911026000977
p3-task c026 21/40 L=-0.182 Lq=-0.0508 Le=-0.225 rA=0.175 rB=0.225 a_out=0 u_out=0 mem=20.970911026000977
p3-task c026 22/40 L=-0.205 Lq=-0.0523 Le=-0.219 rA=0.174 rB=0.226 a_out=0 u_out=0 mem=20.970911026000977
p3-task c026 23/40 L=-0.221 Lq=-0.0569 Le=-0.241 rA=0.172 rB=0.228 a_out=1 u_out=1 mem=20.970911026000977
p3-task c026 24/40 L=-0.230 Lq=-0.0601 Le=-0.237 rA=0.170 rB=0.230 a_out=1 u_out=1 mem=20.970911026000977
p3-task c026 25/40 L=-0.244 Lq=-0.0432 Le=-0.192 rA=0.178 rB=0.222 a_out=0 u_out=0 mem=20.970911026000977
p3-task c026 26/40 L=-0.202 Lq=-0.0429 Le=-0.191 rA=0.179 rB=0.221 a_out=0 u_out=0 mem=20.970911026000977
p3-task c026 27/40 L=-0.205 Lq=-0.0497 Le=-0.208 rA=0.175 rB=0.225 a_out=0 u_out=0 mem=20.970911026000977
p3-task c026 28/40 L=-0.224 Lq=-0.0598 Le=-0.224 rA=0.170 rB=0.230 a_out=1 u_out=1 mem=20.970911026000977
p3-task c026 29/40 L=-0.233 Lq=-0.0451 Le=-0.163 rA=0.177 rB=0.223 a_out=0 u_out=0 mem=20.970911026000977
p3-task c026 30/40 L=-0.255 Lq=-0.0584 Le=-0.203 rA=0.171 rB=0.229 a_out=1 u_out=1 mem=20.970911026000977
p3-task c026 31/40 L=-0.236 Lq=-0.0718 Le=-0.277 rA=0.164 rB=0.236 a_out=2 u_out=2 mem=20.970911026000977
p3-task c026 32/40 L=-0.269 Lq=-0.0548 Le=-0.246 rA=0.173 rB=0.227 a_out=1 u_out=1 mem=20.970911026000977
p3-task c026 33/40 L=-0.273 Lq=-0.0524 Le=-0.207 rA=0.174 rB=0.226 a_out=0 u_out=0 mem=20.970911026000977
p3-task c026 34/40 L=-0.246 Lq=-0.0436 Le=-0.156 rA=0.178 rB=0.222 a_out=0 u_out=0 mem=20.970911026000977
p3-task c026 35/40 L=-0.266 Lq=-0.0830 Le=-0.248 rA=0.158 rB=0.242 a_out=2 u_out=2 mem=20.970911026000977
p3-task c026 36/40 L=-0.296 Lq=-0.0587 Le=-0.225 rA=0.171 rB=0.229 a_out=1 u_out=1 mem=20.970911026000977
p3-task c026 37/40 L=-0.311 Lq=-0.0916 Le=-0.309 rA=0.154 rB=0.246 a_out=3 u_out=3 mem=20.970911026000977
p3-task c026 38/40 L=-0.320 Lq=-0.0494 Le=-0.194 rA=0.175 rB=0.225 a_out=0 u_out=0 mem=20.970911026000977
p3-task c026 39/40 L=-0.332 Lq=-0.0612 Le=-0.232 rA=0.169 rB=0.231 a_out=1 u_out=1 mem=20.970911026000977
p3-task c026 40/40 L=-0.339 Lq=-0.0698 Le=-0.230 rA=0.165 rB=0.235 a_out=2 u_out=2 mem=20.970911026000977
== p3-task attack c028 (21/32) ==
p3-task c028 1/40 L=-0.640 Lq=+0.0096 Le=0.012 rA=0.205 rB=0.195 a_out=0 u_out=0 mem=20.970911026000977
p3-task c028 2/40 L=-0.646 Lq=-0.0347 Le=-0.133 rA=0.183 rB=0.217 a_out=3 u_out=3 mem=20.970911026000977
p3-task c028 3/40 L=-0.668 Lq=-0.0135 Le=-0.036 rA=0.193 rB=0.207 a_out=2 u_out=2 mem=20.970911026000977
p3-task c028 4/40 L=-0.670 Lq=-0.0164 Le=-0.097 rA=0.192 rB=0.208 a_out=2 u_out=2 mem=20.970911026000977
p3-task c028 5/40 L=-0.698 Lq=+0.0077 Le=-0.032 rA=0.204 rB=0.196 a_out=0 u_out=0 mem=20.970911026000977
p3-task c028 6/40 L=-0.684 Lq=+0.0111 Le=-0.015 rA=0.206 rB=0.194 a_out=0 u_out=0 mem=20.970911026000977
p3-task c028 7/40 L=-0.705 Lq=+0.0058 Le=-0.107 rA=0.203 rB=0.197 a_out=1 u_out=1 mem=20.970911026000977
p3-task c028 8/40 L=-0.676 Lq=+0.0180 Le=0.060 rA=0.209 rB=0.191 a_out=0 u_out=0 mem=20.970911026000977
p3-task c028 9/40 L=-0.740 Lq=+0.0077 Le=-0.003 rA=0.204 rB=0.196 a_out=0 u_out=0 mem=20.970911026000977
p3-task c028 10/40 L=-0.684 Lq=+0.0060 Le=0.023 rA=0.203 rB=0.197 a_out=1 u_out=1 mem=20.970911026000977
p3-task c028 11/40 L=-0.694 Lq=+0.0023 Le=-0.022 rA=0.201 rB=0.199 a_out=1 u_out=1 mem=20.970911026000977
p3-task c028 12/40 L=-0.704 Lq=+0.0022 Le=-0.001 rA=0.201 rB=0.199 a_out=1 u_out=1 mem=20.970911026000977
p3-task c028 13/40 L=-0.716 Lq=+0.0147 Le=-0.003 rA=0.207 rB=0.193 a_out=0 u_out=0 mem=20.970911026000977
p3-task c028 14/40 L=-0.711 Lq=+0.0140 Le=0.106 rA=0.207 rB=0.193 a_out=0 u_out=0 mem=20.970911026000977
p3-task c028 15/40 L=-0.742 Lq=+0.0171 Le=0.043 rA=0.209 rB=0.191 a_out=0 u_out=0 mem=20.970911026000977
p3-task c028 16/40 L=-0.784 Lq=-0.0030 Le=-0.077 rA=0.198 rB=0.202 a_out=1 u_out=1 mem=20.970911026000977
p3-task c028 17/40 L=-0.698 Lq=-0.0085 Le=-0.076 rA=0.196 rB=0.204 a_out=2 u_out=2 mem=20.970911026000977
p3-task c028 18/40 L=-0.723 Lq=-0.0015 Le=-0.113 rA=0.199 rB=0.201 a_out=1 u_out=1 mem=20.970911026000977
p3-task c028 19/40 L=-0.720 Lq=-0.0126 Le=-0.141 rA=0.194 rB=0.206 a_out=2 u_out=2 mem=20.970911026000977
p3-task c028 20/40 L=-0.732 Lq=-0.0039 Le=-0.066 rA=0.198 rB=0.202 a_out=1 u_out=1 mem=20.970911026000977
p3-task c028 21/40 L=-0.746 Lq=+0.0106 Le=-0.104 rA=0.205 rB=0.195 a_out=0 u_out=0 mem=20.970911026000977
p3-task c028 22/40 L=-0.746 Lq=-0.0073 Le=-0.155 rA=0.196 rB=0.204 a_out=1 u_out=1 mem=20.970911026000977
p3-task c028 23/40 L=-0.743 Lq=-0.0167 Le=-0.129 rA=0.192 rB=0.208 a_out=2 u_out=2 mem=20.970911026000977
p3-task c028 24/40 L=-0.763 Lq=-0.0160 Le=-0.141 rA=0.192 rB=0.208 a_out=2 u_out=2 mem=20.970911026000977
p3-task c028 25/40 L=-0.688 Lq=-0.0115 Le=-0.130 rA=0.194 rB=0.206 a_out=2 u_out=2 mem=20.970911026000977
p3-task c028 26/40 L=-0.761 Lq=+0.0120 Le=0.048 rA=0.206 rB=0.194 a_out=0 u_out=0 mem=20.970911026000977
p3-task c028 27/40 L=-0.761 Lq=+0.0015 Le=-0.132 rA=0.201 rB=0.199 a_out=1 u_out=1 mem=20.970911026000977
p3-task c028 28/40 L=-0.637 Lq=+0.0032 Le=-0.059 rA=0.202 rB=0.198 a_out=1 u_out=1 mem=20.970911026000977
p3-task c028 29/40 L=-0.720 Lq=-0.0084 Le=-0.044 rA=0.196 rB=0.204 a_out=2 u_out=2 mem=20.970911026000977
p3-task c028 30/40 L=-0.702 Lq=+0.0106 Le=0.010 rA=0.205 rB=0.195 a_out=0 u_out=0 mem=20.970911026000977
p3-task c028 31/40 L=-0.700 Lq=+0.0161 Le=-0.054 rA=0.208 rB=0.192 a_out=0 u_out=0 mem=20.970911026000977
p3-task c028 32/40 L=-0.718 Lq=+0.0096 Le=0.042 rA=0.205 rB=0.195 a_out=0 u_out=0 mem=20.970911026000977
p3-task c028 33/40 L=-0.700 Lq=+0.0057 Le=-0.065 rA=0.203 rB=0.197 a_out=1 u_out=1 mem=20.970911026000977
p3-task c028 34/40 L=-0.752 Lq=+0.0133 Le=-0.002 rA=0.207 rB=0.193 a_out=0 u_out=0 mem=20.970911026000977
p3-task c028 35/40 L=-0.733 Lq=+0.0086 Le=0.007 rA=0.204 rB=0.196 a_out=0 u_out=0 mem=20.970911026000977
p3-task c028 36/40 L=-0.797 Lq=+0.0173 Le=0.119 rA=0.209 rB=0.191 a_out=0 u_out=0 mem=20.970911026000977
p3-task c028 37/40 L=-0.763 Lq=+0.0196 Le=0.085 rA=0.210 rB=0.190 a_out=0 u_out=0 mem=20.970911026000977
p3-task c028 38/40 L=-0.755 Lq=+0.0113 Le=0.023 rA=0.206 rB=0.194 a_out=0 u_out=0 mem=20.970911026000977
p3-task c028 39/40 L=-0.844 Lq=+0.0048 Le=0.044 rA=0.202 rB=0.198 a_out=1 u_out=1 mem=20.970911026000977
p3-task c028 40/40 L=-0.799 Lq=+0.0097 Le=-0.012 rA=0.205 rB=0.195 a_out=0 u_out=0 mem=20.970911026000977
== p3-task attack c029 (22/32) ==
p3-task c029 1/40 L=-0.059 Lq=-0.0704 Le=-0.260 rA=0.165 rB=0.235 a_out=0 u_out=0 mem=20.970911026000977
p3-task c029 2/40 L=-0.056 Lq=-0.0398 Le=-0.191 rA=0.180 rB=0.220 a_out=0 u_out=0 mem=20.970911026000977
p3-task c029 3/40 L=-0.068 Lq=-0.0544 Le=-0.233 rA=0.173 rB=0.227 a_out=0 u_out=0 mem=20.970911026000977
p3-task c029 4/40 L=-0.064 Lq=-0.0265 Le=-0.120 rA=0.187 rB=0.213 a_out=0 u_out=0 mem=20.970911026000977
p3-task c029 5/40 L=-0.064 Lq=-0.0359 Le=-0.141 rA=0.182 rB=0.218 a_out=0 u_out=0 mem=20.970911026000977
p3-task c029 6/40 L=-0.057 Lq=-0.0334 Le=-0.176 rA=0.183 rB=0.217 a_out=0 u_out=0 mem=20.970911026000977
p3-task c029 7/40 L=-0.065 Lq=-0.0421 Le=-0.198 rA=0.179 rB=0.221 a_out=0 u_out=0 mem=20.970911026000977
p3-task c029 8/40 L=-0.067 Lq=-0.0653 Le=-0.267 rA=0.167 rB=0.233 a_out=0 u_out=0 mem=20.970911026000977
p3-task c029 9/40 L=-0.076 Lq=-0.0490 Le=-0.239 rA=0.176 rB=0.224 a_out=0 u_out=0 mem=20.970911026000977
p3-task c029 10/40 L=-0.060 Lq=-0.0535 Le=-0.225 rA=0.173 rB=0.227 a_out=0 u_out=0 mem=20.970911026000977
p3-task c029 11/40 L=-0.068 Lq=-0.0642 Le=-0.261 rA=0.168 rB=0.232 a_out=0 u_out=0 mem=20.970911026000977
p3-task c029 12/40 L=-0.071 Lq=-0.0762 Le=-0.280 rA=0.162 rB=0.238 a_out=1 u_out=1 mem=20.970911026000977
p3-task c029 13/40 L=-0.082 Lq=-0.0594 Le=-0.255 rA=0.170 rB=0.230 a_out=0 u_out=0 mem=20.970911026000977
p3-task c029 14/40 L=-0.073 Lq=-0.0556 Le=-0.240 rA=0.172 rB=0.228 a_out=0 u_out=0 mem=20.970911026000977
p3-task c029 15/40 L=-0.087 Lq=-0.0673 Le=-0.273 rA=0.166 rB=0.234 a_out=0 u_out=0 mem=20.970911026000977
p3-task c029 16/40 L=-0.093 Lq=-0.0641 Le=-0.253 rA=0.168 rB=0.232 a_out=0 u_out=0 mem=20.970911026000977
p3-task c029 17/40 L=-0.115 Lq=-0.0654 Le=-0.246 rA=0.167 rB=0.233 a_out=0 u_out=0 mem=20.970911026000977
p3-task c029 18/40 L=-0.104 Lq=-0.0536 Le=-0.232 rA=0.173 rB=0.227 a_out=0 u_out=0 mem=20.970911026000977
p3-task c029 19/40 L=-0.112 Lq=-0.0654 Le=-0.245 rA=0.167 rB=0.233 a_out=0 u_out=0 mem=20.970911026000977
p3-task c029 20/40 L=-0.102 Lq=-0.0725 Le=-0.288 rA=0.164 rB=0.236 a_out=0 u_out=0 mem=20.970911026000977
p3-task c029 21/40 L=-0.108 Lq=-0.0760 Le=-0.288 rA=0.162 rB=0.238 a_out=1 u_out=1 mem=20.970911026000977
p3-task c029 22/40 L=-0.111 Lq=-0.0615 Le=-0.245 rA=0.169 rB=0.231 a_out=0 u_out=0 mem=20.970911026000977
p3-task c029 23/40 L=-0.128 Lq=-0.0759 Le=-0.289 rA=0.162 rB=0.238 a_out=1 u_out=1 mem=20.970911026000977
p3-task c029 24/40 L=-0.128 Lq=-0.0453 Le=-0.216 rA=0.177 rB=0.223 a_out=0 u_out=0 mem=20.970911026000977
p3-task c029 25/40 L=-0.120 Lq=-0.0492 Le=-0.229 rA=0.175 rB=0.225 a_out=0 u_out=0 mem=20.970911026000977
p3-task c029 26/40 L=-0.118 Lq=-0.0544 Le=-0.240 rA=0.173 rB=0.227 a_out=0 u_out=0 mem=20.970911026000977
p3-task c029 27/40 L=-0.126 Lq=-0.0471 Le=-0.236 rA=0.176 rB=0.224 a_out=0 u_out=0 mem=20.970911026000977
p3-task c029 28/40 L=-0.122 Lq=-0.0404 Le=-0.223 rA=0.180 rB=0.220 a_out=0 u_out=0 mem=20.970911026000977
p3-task c029 29/40 L=-0.143 Lq=-0.0513 Le=-0.240 rA=0.174 rB=0.226 a_out=0 u_out=0 mem=20.970911026000977
p3-task c029 30/40 L=-0.091 Lq=-0.0598 Le=-0.254 rA=0.170 rB=0.230 a_out=0 u_out=0 mem=20.970911026000977
p3-task c029 31/40 L=-0.134 Lq=-0.0603 Le=-0.230 rA=0.170 rB=0.230 a_out=0 u_out=0 mem=20.970911026000977
p3-task c029 32/40 L=-0.127 Lq=-0.0656 Le=-0.265 rA=0.167 rB=0.233 a_out=0 u_out=0 mem=20.970911026000977
p3-task c029 33/40 L=-0.139 Lq=-0.0466 Le=-0.217 rA=0.177 rB=0.223 a_out=0 u_out=0 mem=20.970911026000977
p3-task c029 34/40 L=-0.155 Lq=-0.0618 Le=-0.248 rA=0.169 rB=0.231 a_out=0 u_out=0 mem=20.970911026000977
p3-task c029 35/40 L=-0.160 Lq=-0.0399 Le=-0.196 rA=0.180 rB=0.220 a_out=0 u_out=0 mem=20.970911026000977
p3-task c029 36/40 L=-0.153 Lq=-0.0345 Le=-0.177 rA=0.183 rB=0.217 a_out=0 u_out=0 mem=20.970911026000977
p3-task c029 37/40 L=-0.155 Lq=-0.0459 Le=-0.211 rA=0.177 rB=0.223 a_out=0 u_out=0 mem=20.970911026000977
p3-task c029 38/40 L=-0.155 Lq=-0.0538 Le=-0.219 rA=0.173 rB=0.227 a_out=0 u_out=0 mem=20.970911026000977
p3-task c029 39/40 L=-0.122 Lq=-0.0311 Le=-0.158 rA=0.184 rB=0.216 a_out=0 u_out=0 mem=20.970911026000977
p3-task c029 40/40 L=-0.159 Lq=-0.0412 Le=-0.171 rA=0.179 rB=0.221 a_out=0 u_out=0 mem=20.970911026000977
== p3-task attack c030 (23/32) ==
p3-task c030 1/40 L=-0.547 Lq=-0.0119 Le=-0.121 rA=0.194 rB=0.206 a_out=0 u_out=0 mem=20.970911026000977
p3-task c030 2/40 L=-0.547 Lq=-0.0057 Le=-0.068 rA=0.197 rB=0.203 a_out=0 u_out=0 mem=20.970911026000977
p3-task c030 3/40 L=-0.578 Lq=-0.0032 Le=-0.116 rA=0.198 rB=0.202 a_out=0 u_out=0 mem=20.970911026000977
p3-task c030 4/40 L=-0.622 Lq=-0.0285 Le=-0.170 rA=0.186 rB=0.214 a_out=1 u_out=1 mem=20.970911026000977
p3-task c030 5/40 L=-0.555 Lq=-0.0286 Le=-0.198 rA=0.186 rB=0.214 a_out=1 u_out=1 mem=20.970911026000977
p3-task c030 6/40 L=-0.601 Lq=-0.0077 Le=-0.099 rA=0.196 rB=0.204 a_out=0 u_out=0 mem=20.970911026000977
p3-task c030 7/40 L=-0.620 Lq=-0.0042 Le=-0.086 rA=0.198 rB=0.202 a_out=0 u_out=0 mem=20.970911026000977
p3-task c030 8/40 L=-0.622 Lq=-0.0038 Le=-0.053 rA=0.198 rB=0.202 a_out=0 u_out=0 mem=20.970911026000977
p3-task c030 9/40 L=-0.628 Lq=-0.0122 Le=-0.138 rA=0.194 rB=0.206 a_out=0 u_out=0 mem=20.970911026000977
p3-task c030 10/40 L=-0.617 Lq=-0.0075 Le=-0.097 rA=0.196 rB=0.204 a_out=0 u_out=0 mem=20.970911026000977
p3-task c030 11/40 L=-0.676 Lq=-0.0029 Le=-0.136 rA=0.199 rB=0.201 a_out=0 u_out=0 mem=20.970911026000977
p3-task c030 12/40 L=-0.583 Lq=-0.0098 Le=-0.153 rA=0.195 rB=0.205 a_out=0 u_out=0 mem=20.970911026000977
p3-task c030 13/40 L=-0.593 Lq=-0.0331 Le=-0.212 rA=0.183 rB=0.217 a_out=1 u_out=1 mem=20.970911026000977
p3-task c030 14/40 L=-0.608 Lq=-0.0240 Le=-0.135 rA=0.188 rB=0.212 a_out=1 u_out=1 mem=20.970911026000977
p3-task c030 15/40 L=-0.605 Lq=-0.0177 Le=-0.142 rA=0.191 rB=0.209 a_out=0 u_out=0 mem=20.970911026000977
p3-task c030 16/40 L=-0.640 Lq=-0.0067 Le=-0.107 rA=0.197 rB=0.203 a_out=0 u_out=0 mem=20.970911026000977
p3-task c030 17/40 L=-0.647 Lq=-0.0307 Le=-0.200 rA=0.185 rB=0.215 a_out=1 u_out=1 mem=20.970911026000977
p3-task c030 18/40 L=-0.643 Lq=-0.0136 Le=-0.108 rA=0.193 rB=0.207 a_out=0 u_out=0 mem=20.970911026000977
p3-task c030 19/40 L=-0.617 Lq=-0.0332 Le=-0.209 rA=0.183 rB=0.217 a_out=1 u_out=1 mem=20.970911026000977
p3-task c030 20/40 L=-0.657 Lq=-0.0276 Le=-0.213 rA=0.186 rB=0.214 a_out=1 u_out=1 mem=20.970911026000977
p3-task c030 21/40 L=-0.673 Lq=-0.0222 Le=-0.197 rA=0.189 rB=0.211 a_out=0 u_out=0 mem=20.970911026000977
p3-task c030 22/40 L=-0.699 Lq=-0.0227 Le=-0.170 rA=0.189 rB=0.211 a_out=0 u_out=0 mem=20.970911026000977
p3-task c030 23/40 L=-0.625 Lq=-0.0404 Le=-0.239 rA=0.180 rB=0.220 a_out=2 u_out=2 mem=20.970911026000977
p3-task c030 24/40 L=-0.604 Lq=-0.0408 Le=-0.280 rA=0.180 rB=0.220 a_out=2 u_out=2 mem=20.970911026000977
p3-task c030 25/40 L=-0.645 Lq=-0.0536 Le=-0.289 rA=0.173 rB=0.227 a_out=2 u_out=2 mem=20.970911026000977
p3-task c030 26/40 L=-0.652 Lq=-0.0374 Le=-0.270 rA=0.181 rB=0.219 a_out=1 u_out=1 mem=20.970911026000977
p3-task c030 27/40 L=-0.798 Lq=-0.0490 Le=-0.292 rA=0.176 rB=0.224 a_out=2 u_out=2 mem=20.970911026000977
p3-task c030 28/40 L=-0.823 Lq=-0.0473 Le=-0.290 rA=0.176 rB=0.224 a_out=2 u_out=2 mem=20.970911026000977
p3-task c030 29/40 L=-0.832 Lq=-0.0563 Le=-0.313 rA=0.172 rB=0.228 a_out=3 u_out=3 mem=20.970911026000977
p3-task c030 30/40 L=-0.864 Lq=-0.0414 Le=-0.282 rA=0.179 rB=0.221 a_out=2 u_out=2 mem=20.970911026000977
p3-task c030 31/40 L=-0.888 Lq=-0.0394 Le=-0.290 rA=0.180 rB=0.220 a_out=2 u_out=2 mem=20.970911026000977
p3-task c030 32/40 L=-0.817 Lq=-0.0500 Le=-0.298 rA=0.175 rB=0.225 a_out=2 u_out=2 mem=20.970911026000977
p3-task c030 33/40 L=-0.710 Lq=-0.0267 Le=-0.199 rA=0.187 rB=0.213 a_out=1 u_out=1 mem=20.970911026000977
p3-task c030 34/40 L=-0.706 Lq=-0.0318 Le=-0.211 rA=0.184 rB=0.216 a_out=1 u_out=1 mem=20.970911026000977
p3-task c030 35/40 L=-0.881 Lq=-0.0523 Le=-0.289 rA=0.174 rB=0.226 a_out=2 u_out=2 mem=20.970911026000977
p3-task c030 36/40 L=-0.876 Lq=-0.0530 Le=-0.301 rA=0.173 rB=0.227 a_out=2 u_out=2 mem=20.970911026000977
p3-task c030 37/40 L=-0.901 Lq=-0.0492 Le=-0.287 rA=0.175 rB=0.225 a_out=2 u_out=2 mem=20.970911026000977
p3-task c030 38/40 L=-0.967 Lq=-0.0367 Le=-0.262 rA=0.182 rB=0.218 a_out=1 u_out=1 mem=20.970911026000977
p3-task c030 39/40 L=-1.034 Lq=-0.0481 Le=-0.280 rA=0.176 rB=0.224 a_out=2 u_out=2 mem=20.970911026000977
p3-task c030 40/40 L=-1.029 Lq=-0.0571 Le=-0.310 rA=0.171 rB=0.229 a_out=3 u_out=3 mem=20.970911026000977
== p3-task attack c031 (24/32) ==
p3-task c031 1/40 L=-0.180 Lq=-0.0472 Le=0.270 rA=0.176 rB=0.224 a_out=0 u_out=0 mem=20.970911026000977
p3-task c031 2/40 L=-0.190 Lq=-0.0491 Le=0.245 rA=0.175 rB=0.225 a_out=0 u_out=0 mem=20.970911026000977
p3-task c031 3/40 L=-0.184 Lq=-0.0526 Le=0.382 rA=0.174 rB=0.226 a_out=0 u_out=0 mem=20.970911026000977
p3-task c031 4/40 L=-0.191 Lq=-0.0550 Le=0.360 rA=0.172 rB=0.228 a_out=0 u_out=0 mem=20.970911026000977
p3-task c031 5/40 L=-0.197 Lq=-0.0459 Le=0.496 rA=0.177 rB=0.223 a_out=0 u_out=0 mem=20.970911026000977
p3-task c031 6/40 L=-0.201 Lq=-0.0528 Le=0.249 rA=0.174 rB=0.226 a_out=0 u_out=0 mem=20.970911026000977
p3-task c031 7/40 L=-0.207 Lq=-0.0522 Le=0.189 rA=0.174 rB=0.226 a_out=0 u_out=0 mem=20.970911026000977
p3-task c031 8/40 L=-0.213 Lq=-0.0596 Le=0.215 rA=0.170 rB=0.230 a_out=1 u_out=0 mem=20.970911026000977
p3-task c031 9/40 L=-0.213 Lq=-0.0528 Le=0.318 rA=0.174 rB=0.226 a_out=0 u_out=0 mem=20.970911026000977
p3-task c031 10/40 L=-0.204 Lq=-0.0592 Le=0.278 rA=0.170 rB=0.230 a_out=1 u_out=0 mem=20.970911026000977
p3-task c031 11/40 L=-0.160 Lq=-0.0530 Le=0.304 rA=0.174 rB=0.226 a_out=0 u_out=0 mem=20.970911026000977
p3-task c031 12/40 L=-0.165 Lq=-0.0584 Le=0.234 rA=0.171 rB=0.229 a_out=0 u_out=0 mem=20.970911026000977
p3-task c031 13/40 L=-0.196 Lq=-0.0504 Le=0.279 rA=0.175 rB=0.225 a_out=0 u_out=0 mem=20.970911026000977
p3-task c031 14/40 L=-0.222 Lq=-0.0483 Le=0.294 rA=0.176 rB=0.224 a_out=0 u_out=0 mem=20.970911026000977
p3-task c031 15/40 L=-0.220 Lq=-0.0566 Le=0.355 rA=0.172 rB=0.228 a_out=0 u_out=0 mem=20.970911026000977
p3-task c031 16/40 L=-0.198 Lq=-0.0433 Le=0.531 rA=0.178 rB=0.222 a_out=0 u_out=0 mem=20.970911026000977
p3-task c031 17/40 L=-0.212 Lq=-0.0472 Le=0.269 rA=0.176 rB=0.224 a_out=0 u_out=0 mem=20.970911026000977
p3-task c031 18/40 L=-0.229 Lq=-0.0457 Le=0.388 rA=0.177 rB=0.223 a_out=0 u_out=0 mem=20.970911026000977
p3-task c031 19/40 L=-0.226 Lq=-0.0487 Le=0.263 rA=0.176 rB=0.224 a_out=0 u_out=0 mem=20.970911026000977
p3-task c031 20/40 L=-0.236 Lq=-0.0487 Le=0.282 rA=0.176 rB=0.224 a_out=0 u_out=0 mem=20.970911026000977
p3-task c031 21/40 L=-0.243 Lq=-0.0532 Le=0.333 rA=0.173 rB=0.227 a_out=0 u_out=0 mem=20.970911026000977
p3-task c031 22/40 L=-0.235 Lq=-0.0471 Le=0.348 rA=0.176 rB=0.224 a_out=0 u_out=0 mem=20.970911026000977
p3-task c031 23/40 L=-0.227 Lq=-0.0483 Le=0.325 rA=0.176 rB=0.224 a_out=0 u_out=0 mem=20.970911026000977
p3-task c031 24/40 L=-0.235 Lq=-0.0509 Le=0.293 rA=0.175 rB=0.225 a_out=0 u_out=0 mem=20.970911026000977
p3-task c031 25/40 L=-0.234 Lq=-0.0464 Le=0.358 rA=0.177 rB=0.223 a_out=0 u_out=0 mem=20.970911026000977
p3-task c031 26/40 L=-0.246 Lq=-0.0424 Le=0.328 rA=0.179 rB=0.221 a_out=0 u_out=0 mem=20.970911026000977
p3-task c031 27/40 L=-0.253 Lq=-0.0506 Le=0.344 rA=0.175 rB=0.225 a_out=0 u_out=0 mem=20.970911026000977
p3-task c031 28/40 L=-0.252 Lq=-0.0448 Le=0.509 rA=0.178 rB=0.222 a_out=0 u_out=0 mem=20.970911026000977
p3-task c031 29/40 L=-0.253 Lq=-0.0539 Le=0.339 rA=0.173 rB=0.227 a_out=0 u_out=0 mem=20.970911026000977
p3-task c031 30/40 L=-0.255 Lq=-0.0532 Le=0.444 rA=0.173 rB=0.227 a_out=0 u_out=0 mem=20.970911026000977
p3-task c031 31/40 L=-0.263 Lq=-0.0561 Le=0.328 rA=0.172 rB=0.228 a_out=0 u_out=0 mem=20.970911026000977
p3-task c031 32/40 L=-0.257 Lq=-0.0508 Le=0.268 rA=0.175 rB=0.225 a_out=0 u_out=0 mem=20.970911026000977
p3-task c031 33/40 L=-0.263 Lq=-0.0444 Le=0.234 rA=0.178 rB=0.222 a_out=0 u_out=0 mem=20.970911026000977
p3-task c031 34/40 L=-0.260 Lq=-0.0466 Le=0.424 rA=0.177 rB=0.223 a_out=0 u_out=0 mem=20.970911026000977
p3-task c031 35/40 L=-0.273 Lq=-0.0475 Le=0.381 rA=0.176 rB=0.224 a_out=0 u_out=0 mem=20.970911026000977
p3-task c031 36/40 L=-0.282 Lq=-0.0513 Le=0.314 rA=0.174 rB=0.226 a_out=0 u_out=0 mem=20.970911026000977
p3-task c031 37/40 L=-0.275 Lq=-0.0472 Le=0.292 rA=0.176 rB=0.224 a_out=0 u_out=0 mem=20.970911026000977
p3-task c031 38/40 L=-0.292 Lq=-0.0562 Le=0.249 rA=0.172 rB=0.228 a_out=0 u_out=0 mem=20.970911026000977
p3-task c031 39/40 L=-0.273 Lq=-0.0512 Le=0.336 rA=0.174 rB=0.226 a_out=0 u_out=0 mem=20.970911026000977
p3-task c031 40/40 L=-0.294 Lq=-0.0521 Le=0.279 rA=0.174 rB=0.226 a_out=0 u_out=0 mem=20.970911026000977
== p3-task attack c032 (25/32) ==
p3-task c032 1/40 L=-0.069 Lq=-0.0393 Le=-0.086 rA=0.180 rB=0.220 a_out=0 u_out=0 mem=20.970911026000977
p3-task c032 2/40 L=-0.074 Lq=-0.0431 Le=-0.090 rA=0.178 rB=0.222 a_out=0 u_out=0 mem=20.970911026000977
p3-task c032 3/40 L=-0.072 Lq=-0.0232 Le=-0.065 rA=0.188 rB=0.212 a_out=0 u_out=0 mem=20.970911026000977
p3-task c032 4/40 L=-0.082 Lq=-0.0604 Le=-0.130 rA=0.170 rB=0.230 a_out=1 u_out=1 mem=20.970911026000977
p3-task c032 5/40 L=-0.082 Lq=-0.0628 Le=-0.150 rA=0.169 rB=0.231 a_out=1 u_out=1 mem=20.970911026000977
p3-task c032 6/40 L=-0.099 Lq=-0.0663 Le=-0.176 rA=0.167 rB=0.233 a_out=1 u_out=1 mem=20.970911026000977
p3-task c032 7/40 L=-0.119 Lq=-0.0580 Le=-0.141 rA=0.171 rB=0.229 a_out=1 u_out=1 mem=20.970911026000977
p3-task c032 8/40 L=-0.151 Lq=-0.0603 Le=-0.194 rA=0.170 rB=0.230 a_out=1 u_out=1 mem=20.970911026000977
p3-task c032 9/40 L=-0.142 Lq=-0.0641 Le=-0.196 rA=0.168 rB=0.232 a_out=1 u_out=1 mem=20.970911026000977
p3-task c032 10/40 L=-0.153 Lq=-0.0607 Le=-0.149 rA=0.170 rB=0.230 a_out=1 u_out=1 mem=20.970911026000977
p3-task c032 11/40 L=-0.156 Lq=-0.0569 Le=-0.147 rA=0.172 rB=0.228 a_out=1 u_out=1 mem=20.970911026000977
p3-task c032 12/40 L=-0.186 Lq=-0.0574 Le=-0.159 rA=0.171 rB=0.229 a_out=1 u_out=1 mem=20.970911026000977
p3-task c032 13/40 L=-0.220 Lq=-0.0587 Le=-0.159 rA=0.171 rB=0.229 a_out=1 u_out=1 mem=20.970911026000977
p3-task c032 14/40 L=-0.243 Lq=-0.0597 Le=-0.164 rA=0.170 rB=0.230 a_out=1 u_out=1 mem=20.970911026000977
p3-task c032 15/40 L=-0.212 Lq=-0.0580 Le=-0.174 rA=0.171 rB=0.229 a_out=1 u_out=1 mem=20.970911026000977
p3-task c032 16/40 L=-0.253 Lq=-0.0668 Le=-0.165 rA=0.167 rB=0.233 a_out=1 u_out=1 mem=20.970911026000977
p3-task c032 17/40 L=-0.261 Lq=-0.0663 Le=-0.175 rA=0.167 rB=0.233 a_out=1 u_out=1 mem=20.970911026000977
p3-task c032 18/40 L=-0.287 Lq=-0.0651 Le=-0.171 rA=0.167 rB=0.233 a_out=1 u_out=1 mem=20.970911026000977
p3-task c032 19/40 L=-0.277 Lq=-0.0584 Le=-0.145 rA=0.171 rB=0.229 a_out=1 u_out=1 mem=20.970911026000977
p3-task c032 20/40 L=-0.244 Lq=-0.0568 Le=-0.186 rA=0.172 rB=0.228 a_out=1 u_out=1 mem=20.970911026000977
p3-task c032 21/40 L=-0.273 Lq=-0.0558 Le=-0.177 rA=0.172 rB=0.228 a_out=1 u_out=1 mem=20.970911026000977
p3-task c032 22/40 L=-0.299 Lq=-0.0540 Le=-0.101 rA=0.173 rB=0.227 a_out=1 u_out=1 mem=20.970911026000977
p3-task c032 23/40 L=-0.290 Lq=-0.0511 Le=-0.130 rA=0.174 rB=0.226 a_out=0 u_out=0 mem=20.970911026000977
p3-task c032 24/40 L=-0.251 Lq=-0.0565 Le=-0.150 rA=0.172 rB=0.228 a_out=1 u_out=1 mem=20.970911026000977
p3-task c032 25/40 L=-0.308 Lq=-0.0493 Le=-0.113 rA=0.175 rB=0.225 a_out=0 u_out=0 mem=20.970911026000977
p3-task c032 26/40 L=-0.295 Lq=-0.0589 Le=-0.178 rA=0.171 rB=0.229 a_out=1 u_out=1 mem=20.970911026000977
p3-task c032 27/40 L=-0.280 Lq=-0.0545 Le=-0.152 rA=0.173 rB=0.227 a_out=1 u_out=1 mem=20.970911026000977
p3-task c032 28/40 L=-0.284 Lq=-0.0604 Le=-0.137 rA=0.170 rB=0.230 a_out=1 u_out=1 mem=20.970911026000977
p3-task c032 29/40 L=-0.313 Lq=-0.0581 Le=-0.130 rA=0.171 rB=0.229 a_out=1 u_out=1 mem=20.970911026000977
p3-task c032 30/40 L=-0.296 Lq=-0.0555 Le=-0.133 rA=0.172 rB=0.228 a_out=1 u_out=1 mem=20.970911026000977
p3-task c032 31/40 L=-0.328 Lq=-0.0595 Le=-0.117 rA=0.170 rB=0.230 a_out=1 u_out=1 mem=20.970911026000977
p3-task c032 32/40 L=-0.342 Lq=-0.0626 Le=-0.172 rA=0.169 rB=0.231 a_out=1 u_out=1 mem=20.970911026000977
p3-task c032 33/40 L=-0.329 Lq=-0.0661 Le=-0.187 rA=0.167 rB=0.233 a_out=1 u_out=1 mem=20.970911026000977
p3-task c032 34/40 L=-0.362 Lq=-0.0744 Le=-0.200 rA=0.163 rB=0.237 a_out=2 u_out=2 mem=20.970911026000977
p3-task c032 35/40 L=-0.405 Lq=-0.0676 Le=-0.190 rA=0.166 rB=0.234 a_out=1 u_out=1 mem=20.970911026000977
p3-task c032 36/40 L=-0.384 Lq=-0.0604 Le=-0.169 rA=0.170 rB=0.230 a_out=1 u_out=1 mem=20.970911026000977
p3-task c032 37/40 L=-0.362 Lq=-0.0660 Le=-0.159 rA=0.167 rB=0.233 a_out=1 u_out=1 mem=20.970911026000977
p3-task c032 38/40 L=-0.377 Lq=-0.0640 Le=-0.167 rA=0.168 rB=0.232 a_out=1 u_out=1 mem=20.970911026000977
p3-task c032 39/40 L=-0.384 Lq=-0.0705 Le=-0.180 rA=0.165 rB=0.235 a_out=2 u_out=2 mem=20.970911026000977
p3-task c032 40/40 L=-0.392 Lq=-0.0702 Le=-0.181 rA=0.165 rB=0.235 a_out=2 u_out=2 mem=20.970911026000977
== p3-task attack c033 (26/32) ==
p3-task c033 1/40 L=-0.054 Lq=-0.0169 Le=-0.132 rA=0.192 rB=0.208 a_out=0 u_out=0 mem=20.970911026000977
p3-task c033 2/40 L=-0.050 Lq=-0.0171 Le=-0.131 rA=0.191 rB=0.209 a_out=0 u_out=0 mem=20.970911026000977
p3-task c033 3/40 L=-0.074 Lq=-0.0300 Le=-0.176 rA=0.185 rB=0.215 a_out=1 u_out=1 mem=20.970911026000977
p3-task c033 4/40 L=-0.109 Lq=-0.0442 Le=-0.223 rA=0.178 rB=0.222 a_out=2 u_out=2 mem=20.970911026000977
p3-task c033 5/40 L=-0.148 Lq=-0.0461 Le=-0.242 rA=0.177 rB=0.223 a_out=2 u_out=2 mem=20.970911026000977
p3-task c033 6/40 L=-0.154 Lq=-0.0354 Le=-0.213 rA=0.182 rB=0.218 a_out=1 u_out=1 mem=20.970911026000977
p3-task c033 7/40 L=-0.176 Lq=-0.0384 Le=-0.207 rA=0.181 rB=0.219 a_out=1 u_out=1 mem=20.970911026000977
p3-task c033 8/40 L=-0.177 Lq=-0.0298 Le=-0.165 rA=0.185 rB=0.215 a_out=1 u_out=1 mem=20.970911026000977
p3-task c033 9/40 L=-0.186 Lq=-0.0364 Le=-0.217 rA=0.182 rB=0.218 a_out=1 u_out=1 mem=20.970911026000977
p3-task c033 10/40 L=-0.198 Lq=-0.0411 Le=-0.202 rA=0.179 rB=0.221 a_out=2 u_out=2 mem=20.970911026000977
p3-task c033 11/40 L=-0.206 Lq=-0.0392 Le=-0.212 rA=0.180 rB=0.220 a_out=2 u_out=2 mem=20.970911026000977
p3-task c033 12/40 L=-0.226 Lq=-0.0351 Le=-0.204 rA=0.182 rB=0.218 a_out=1 u_out=1 mem=20.970911026000977
p3-task c033 13/40 L=-0.219 Lq=-0.0352 Le=-0.196 rA=0.182 rB=0.218 a_out=1 u_out=1 mem=20.970911026000977
p3-task c033 14/40 L=-0.233 Lq=-0.0360 Le=-0.187 rA=0.182 rB=0.218 a_out=1 u_out=1 mem=20.970911026000977
p3-task c033 15/40 L=-0.241 Lq=-0.0324 Le=-0.187 rA=0.184 rB=0.216 a_out=1 u_out=1 mem=20.970911026000977
p3-task c033 16/40 L=-0.227 Lq=-0.0430 Le=-0.234 rA=0.178 rB=0.222 a_out=2 u_out=2 mem=20.970911026000977
p3-task c033 17/40 L=-0.275 Lq=-0.0375 Le=-0.199 rA=0.181 rB=0.219 a_out=1 u_out=1 mem=20.970911026000977
p3-task c033 18/40 L=-0.282 Lq=-0.0380 Le=-0.216 rA=0.181 rB=0.219 a_out=1 u_out=1 mem=20.970911026000977
p3-task c033 19/40 L=-0.279 Lq=-0.0388 Le=-0.199 rA=0.181 rB=0.219 a_out=2 u_out=2 mem=20.970911026000977
p3-task c033 20/40 L=-0.275 Lq=-0.0359 Le=-0.196 rA=0.182 rB=0.218 a_out=1 u_out=1 mem=20.970911026000977
p3-task c033 21/40 L=-0.294 Lq=-0.0350 Le=-0.212 rA=0.182 rB=0.218 a_out=1 u_out=1 mem=20.970911026000977
p3-task c033 22/40 L=-0.301 Lq=-0.0467 Le=-0.229 rA=0.177 rB=0.223 a_out=2 u_out=2 mem=20.970911026000977
p3-task c033 23/40 L=-0.326 Lq=-0.0356 Le=-0.210 rA=0.182 rB=0.218 a_out=1 u_out=1 mem=20.970911026000977
p3-task c033 24/40 L=-0.321 Lq=-0.0395 Le=-0.213 rA=0.180 rB=0.220 a_out=2 u_out=2 mem=20.970911026000977
p3-task c033 25/40 L=-0.341 Lq=-0.0352 Le=-0.189 rA=0.182 rB=0.218 a_out=1 u_out=1 mem=20.970911026000977
p3-task c033 26/40 L=-0.360 Lq=-0.0296 Le=-0.180 rA=0.185 rB=0.215 a_out=1 u_out=1 mem=20.970911026000977
p3-task c033 27/40 L=-0.338 Lq=-0.0249 Le=-0.169 rA=0.188 rB=0.212 a_out=1 u_out=1 mem=20.970911026000977
p3-task c033 28/40 L=-0.363 Lq=-0.0302 Le=-0.181 rA=0.185 rB=0.215 a_out=1 u_out=1 mem=20.970911026000977
p3-task c033 29/40 L=-0.353 Lq=-0.0255 Le=-0.183 rA=0.187 rB=0.213 a_out=1 u_out=1 mem=20.970911026000977
p3-task c033 30/40 L=-0.384 Lq=-0.0323 Le=-0.193 rA=0.184 rB=0.216 a_out=1 u_out=1 mem=20.970911026000977
p3-task c033 31/40 L=-0.422 Lq=-0.0259 Le=-0.173 rA=0.187 rB=0.213 a_out=1 u_out=1 mem=20.970911026000977
p3-task c033 32/40 L=-0.431 Lq=-0.0288 Le=-0.182 rA=0.186 rB=0.214 a_out=1 u_out=1 mem=20.970911026000977
p3-task c033 33/40 L=-0.416 Lq=-0.0291 Le=-0.188 rA=0.185 rB=0.215 a_out=1 u_out=1 mem=20.970911026000977
p3-task c033 34/40 L=-0.421 Lq=-0.0272 Le=-0.178 rA=0.186 rB=0.214 a_out=1 u_out=1 mem=20.970911026000977
p3-task c033 35/40 L=-0.410 Lq=-0.0332 Le=-0.179 rA=0.183 rB=0.217 a_out=1 u_out=1 mem=20.970911026000977
p3-task c033 36/40 L=-0.458 Lq=-0.0328 Le=-0.201 rA=0.184 rB=0.216 a_out=1 u_out=1 mem=20.970911026000977
p3-task c033 37/40 L=-0.440 Lq=-0.0341 Le=-0.193 rA=0.183 rB=0.217 a_out=1 u_out=1 mem=20.970911026000977
p3-task c033 38/40 L=-0.488 Lq=-0.0260 Le=-0.163 rA=0.187 rB=0.213 a_out=1 u_out=1 mem=20.970911026000977
p3-task c033 39/40 L=-0.473 Lq=-0.0324 Le=-0.177 rA=0.184 rB=0.216 a_out=1 u_out=1 mem=20.970911026000977
p3-task c033 40/40 L=-0.463 Lq=-0.0190 Le=-0.124 rA=0.190 rB=0.210 a_out=0 u_out=0 mem=20.970911026000977
== p3-task attack c034 (27/32) ==
p3-task c034 1/40 L=-0.228 Lq=-0.0269 Le=-0.129 rA=0.187 rB=0.213 a_out=0 u_out=0 mem=20.970911026000977
p3-task c034 2/40 L=-0.244 Lq=-0.0395 Le=-0.208 rA=0.180 rB=0.220 a_out=1 u_out=1 mem=20.970911026000977
p3-task c034 3/40 L=-0.254 Lq=-0.0399 Le=-0.213 rA=0.180 rB=0.220 a_out=1 u_out=1 mem=20.970911026000977
p3-task c034 4/40 L=-0.269 Lq=-0.0387 Le=-0.175 rA=0.181 rB=0.219 a_out=1 u_out=1 mem=20.970911026000977
p3-task c034 5/40 L=-0.308 Lq=-0.0471 Le=-0.219 rA=0.176 rB=0.224 a_out=2 u_out=2 mem=20.970911026000977
p3-task c034 6/40 L=-0.306 Lq=-0.0415 Le=-0.191 rA=0.179 rB=0.221 a_out=1 u_out=1 mem=20.970911026000977
p3-task c034 7/40 L=-0.305 Lq=-0.0463 Le=-0.213 rA=0.177 rB=0.223 a_out=2 u_out=2 mem=20.970911026000977
p3-task c034 8/40 L=-0.336 Lq=-0.0446 Le=-0.206 rA=0.178 rB=0.222 a_out=2 u_out=2 mem=20.970911026000977
p3-task c034 9/40 L=-0.345 Lq=-0.0380 Le=-0.178 rA=0.181 rB=0.219 a_out=1 u_out=1 mem=20.970911026000977
p3-task c034 10/40 L=-0.353 Lq=-0.0425 Le=-0.182 rA=0.179 rB=0.221 a_out=1 u_out=1 mem=20.970911026000977
p3-task c034 11/40 L=-0.391 Lq=-0.0400 Le=-0.203 rA=0.180 rB=0.220 a_out=1 u_out=1 mem=20.970911026000977
p3-task c034 12/40 L=-0.398 Lq=-0.0426 Le=-0.201 rA=0.179 rB=0.221 a_out=1 u_out=1 mem=20.970911026000977
p3-task c034 13/40 L=-0.325 Lq=-0.0319 Le=-0.138 rA=0.184 rB=0.216 a_out=1 u_out=1 mem=20.970911026000977
p3-task c034 14/40 L=-0.395 Lq=-0.0359 Le=-0.168 rA=0.182 rB=0.218 a_out=1 u_out=1 mem=20.970911026000977
p3-task c034 15/40 L=-0.450 Lq=-0.0481 Le=-0.216 rA=0.176 rB=0.224 a_out=2 u_out=2 mem=20.970911026000977
p3-task c034 16/40 L=-0.475 Lq=-0.0468 Le=-0.217 rA=0.177 rB=0.223 a_out=2 u_out=2 mem=20.970911026000977
p3-task c034 17/40 L=-0.503 Lq=-0.0374 Le=-0.161 rA=0.181 rB=0.219 a_out=1 u_out=1 mem=20.970911026000977
p3-task c034 18/40 L=-0.495 Lq=-0.0379 Le=-0.163 rA=0.181 rB=0.219 a_out=1 u_out=1 mem=20.970911026000977
p3-task c034 19/40 L=-0.508 Lq=-0.0390 Le=-0.178 rA=0.180 rB=0.220 a_out=1 u_out=1 mem=20.970911026000977
p3-task c034 20/40 L=-0.500 Lq=-0.0400 Le=-0.197 rA=0.180 rB=0.220 a_out=1 u_out=1 mem=20.970911026000977
p3-task c034 21/40 L=-0.531 Lq=-0.0429 Le=-0.182 rA=0.179 rB=0.221 a_out=2 u_out=2 mem=20.970911026000977
p3-task c034 22/40 L=-0.577 Lq=-0.0380 Le=-0.170 rA=0.181 rB=0.219 a_out=1 u_out=1 mem=20.970911026000977
p3-task c034 23/40 L=-0.547 Lq=-0.0413 Le=-0.172 rA=0.179 rB=0.221 a_out=1 u_out=1 mem=20.970911026000977
p3-task c034 24/40 L=-0.575 Lq=-0.0417 Le=-0.190 rA=0.179 rB=0.221 a_out=1 u_out=1 mem=20.970911026000977
p3-task c034 25/40 L=-0.527 Lq=-0.0406 Le=-0.184 rA=0.180 rB=0.220 a_out=1 u_out=1 mem=20.970911026000977
p3-task c034 26/40 L=-0.542 Lq=-0.0435 Le=-0.193 rA=0.178 rB=0.222 a_out=2 u_out=2 mem=20.970911026000977
p3-task c034 27/40 L=-0.576 Lq=-0.0435 Le=-0.180 rA=0.178 rB=0.222 a_out=2 u_out=2 mem=20.970911026000977
p3-task c034 28/40 L=-0.608 Lq=-0.0478 Le=-0.204 rA=0.176 rB=0.224 a_out=2 u_out=2 mem=20.970911026000977
p3-task c034 29/40 L=-0.584 Lq=-0.0459 Le=-0.181 rA=0.177 rB=0.223 a_out=2 u_out=2 mem=20.970911026000977
p3-task c034 30/40 L=-0.575 Lq=-0.0497 Le=-0.211 rA=0.175 rB=0.225 a_out=2 u_out=2 mem=20.970911026000977
p3-task c034 31/40 L=-0.629 Lq=-0.0432 Le=-0.192 rA=0.178 rB=0.222 a_out=2 u_out=2 mem=20.970911026000977
p3-task c034 32/40 L=-0.600 Lq=-0.0454 Le=-0.220 rA=0.177 rB=0.223 a_out=2 u_out=2 mem=20.970911026000977
p3-task c034 33/40 L=-0.702 Lq=-0.0415 Le=-0.182 rA=0.179 rB=0.221 a_out=1 u_out=1 mem=20.970911026000977
p3-task c034 34/40 L=-0.708 Lq=-0.0389 Le=-0.158 rA=0.181 rB=0.219 a_out=1 u_out=1 mem=20.970911026000977
p3-task c034 35/40 L=-0.764 Lq=-0.0327 Le=-0.134 rA=0.184 rB=0.216 a_out=1 u_out=1 mem=20.970911026000977
p3-task c034 36/40 L=-0.784 Lq=-0.0353 Le=-0.162 rA=0.182 rB=0.218 a_out=1 u_out=1 mem=20.970911026000977
p3-task c034 37/40 L=-0.773 Lq=-0.0365 Le=-0.159 rA=0.182 rB=0.218 a_out=1 u_out=1 mem=20.970911026000977
p3-task c034 38/40 L=-0.712 Lq=-0.0396 Le=-0.179 rA=0.180 rB=0.220 a_out=1 u_out=1 mem=20.970911026000977
p3-task c034 39/40 L=-0.650 Lq=-0.0411 Le=-0.182 rA=0.179 rB=0.221 a_out=1 u_out=1 mem=20.970911026000977
p3-task c034 40/40 L=-0.743 Lq=-0.0397 Le=-0.180 rA=0.180 rB=0.220 a_out=1 u_out=1 mem=20.970911026000977
== p3-task attack c035 (28/32) ==
p3-task c035 1/40 L=-0.210 Lq=-0.0457 Le=-0.229 rA=0.177 rB=0.223 a_out=0 u_out=0 mem=20.970911026000977
p3-task c035 2/40 L=-0.213 Lq=-0.0200 Le=-0.159 rA=0.190 rB=0.210 a_out=0 u_out=0 mem=20.970911026000977
p3-task c035 3/40 L=-0.199 Lq=+0.0005 Le=-0.066 rA=0.200 rB=0.200 a_out=0 u_out=0 mem=20.970911026000977
p3-task c035 4/40 L=-0.214 Lq=-0.0098 Le=-0.100 rA=0.195 rB=0.205 a_out=0 u_out=0 mem=20.970911026000977
p3-task c035 5/40 L=-0.240 Lq=-0.0145 Le=-0.136 rA=0.193 rB=0.207 a_out=0 u_out=0 mem=20.970911026000977
p3-task c035 6/40 L=-0.248 Lq=-0.0375 Le=-0.213 rA=0.181 rB=0.219 a_out=0 u_out=0 mem=20.970911026000977
p3-task c035 7/40 L=-0.274 Lq=-0.0403 Le=-0.229 rA=0.180 rB=0.220 a_out=0 u_out=0 mem=20.970911026000977
p3-task c035 8/40 L=-0.273 Lq=-0.0340 Le=-0.207 rA=0.183 rB=0.217 a_out=0 u_out=0 mem=20.970911026000977
p3-task c035 9/40 L=-0.272 Lq=-0.0311 Le=-0.179 rA=0.184 rB=0.216 a_out=0 u_out=0 mem=20.970911026000977
p3-task c035 10/40 L=-0.276 Lq=-0.0320 Le=-0.200 rA=0.184 rB=0.216 a_out=0 u_out=0 mem=20.970911026000977
p3-task c035 11/40 L=-0.284 Lq=-0.0392 Le=-0.252 rA=0.180 rB=0.220 a_out=0 u_out=0 mem=20.970911026000977
p3-task c035 12/40 L=-0.282 Lq=-0.0423 Le=-0.241 rA=0.179 rB=0.221 a_out=0 u_out=0 mem=20.970911026000977
p3-task c035 13/40 L=-0.279 Lq=-0.0342 Le=-0.185 rA=0.183 rB=0.217 a_out=0 u_out=0 mem=20.970911026000977
p3-task c035 14/40 L=-0.313 Lq=-0.0385 Le=-0.194 rA=0.181 rB=0.219 a_out=0 u_out=0 mem=20.970911026000977
p3-task c035 15/40 L=-0.307 Lq=-0.0330 Le=-0.230 rA=0.184 rB=0.216 a_out=0 u_out=0 mem=20.970911026000977
p3-task c035 16/40 L=-0.356 Lq=-0.0416 Le=-0.223 rA=0.179 rB=0.221 a_out=0 u_out=0 mem=20.970911026000977
p3-task c035 17/40 L=-0.314 Lq=-0.0320 Le=-0.142 rA=0.184 rB=0.216 a_out=0 u_out=0 mem=20.970911026000977
p3-task c035 18/40 L=-0.288 Lq=-0.0255 Le=-0.119 rA=0.187 rB=0.213 a_out=0 u_out=0 mem=20.970911026000977
p3-task c035 19/40 L=-0.334 Lq=-0.0303 Le=-0.158 rA=0.185 rB=0.215 a_out=0 u_out=0 mem=20.970911026000977
p3-task c035 20/40 L=-0.304 Lq=-0.0238 Le=-0.109 rA=0.188 rB=0.212 a_out=0 u_out=0 mem=20.970911026000977
p3-task c035 21/40 L=-0.379 Lq=-0.0296 Le=-0.139 rA=0.185 rB=0.215 a_out=0 u_out=0 mem=20.970911026000977
p3-task c035 22/40 L=-0.406 Lq=-0.0410 Le=-0.182 rA=0.180 rB=0.220 a_out=0 u_out=0 mem=20.970911026000977
p3-task c035 23/40 L=-0.413 Lq=-0.0381 Le=-0.142 rA=0.181 rB=0.219 a_out=0 u_out=0 mem=20.970911026000977
p3-task c035 24/40 L=-0.440 Lq=-0.0395 Le=-0.174 rA=0.180 rB=0.220 a_out=0 u_out=0 mem=20.970911026000977
p3-task c035 25/40 L=-0.456 Lq=-0.0423 Le=-0.230 rA=0.179 rB=0.221 a_out=0 u_out=0 mem=20.970911026000977
p3-task c035 26/40 L=-0.526 Lq=-0.0209 Le=-0.146 rA=0.190 rB=0.210 a_out=0 u_out=0 mem=20.970911026000977
p3-task c035 27/40 L=-0.466 Lq=-0.0337 Le=-0.196 rA=0.183 rB=0.217 a_out=0 u_out=0 mem=20.970911026000977
p3-task c035 28/40 L=-0.559 Lq=-0.0132 Le=-0.069 rA=0.193 rB=0.207 a_out=0 u_out=0 mem=20.970911026000977
p3-task c035 29/40 L=-0.613 Lq=-0.0221 Le=-0.157 rA=0.189 rB=0.211 a_out=0 u_out=0 mem=20.970911026000977
p3-task c035 30/40 L=-0.712 Lq=-0.0097 Le=-0.075 rA=0.195 rB=0.205 a_out=0 u_out=0 mem=20.970911026000977
p3-task c035 31/40 L=-0.561 Lq=-0.0217 Le=-0.172 rA=0.189 rB=0.211 a_out=0 u_out=0 mem=20.970911026000977
p3-task c035 32/40 L=-0.544 Lq=-0.0185 Le=-0.117 rA=0.191 rB=0.209 a_out=0 u_out=0 mem=20.970911026000977
p3-task c035 33/40 L=-0.372 Lq=-0.0300 Le=-0.142 rA=0.185 rB=0.215 a_out=0 u_out=0 mem=20.970911026000977
p3-task c035 34/40 L=-0.456 Lq=-0.0343 Le=-0.169 rA=0.183 rB=0.217 a_out=0 u_out=0 mem=20.970911026000977
p3-task c035 35/40 L=-0.562 Lq=-0.0340 Le=-0.179 rA=0.183 rB=0.217 a_out=0 u_out=0 mem=20.970911026000977
p3-task c035 36/40 L=-0.529 Lq=-0.0228 Le=-0.161 rA=0.189 rB=0.211 a_out=0 u_out=0 mem=20.970911026000977
p3-task c035 37/40 L=-0.541 Lq=-0.0414 Le=-0.218 rA=0.179 rB=0.221 a_out=0 u_out=0 mem=20.970911026000977
p3-task c035 38/40 L=-0.612 Lq=-0.0311 Le=-0.224 rA=0.184 rB=0.216 a_out=0 u_out=0 mem=20.970911026000977
p3-task c035 39/40 L=-0.650 Lq=-0.0118 Le=-0.138 rA=0.194 rB=0.206 a_out=0 u_out=0 mem=20.970911026000977
p3-task c035 40/40 L=-0.755 Lq=-0.0319 Le=-0.200 rA=0.184 rB=0.216 a_out=0 u_out=0 mem=20.970911026000977
== p3-task attack c036 (29/32) ==
p3-task c036 1/40 L=-0.119 Lq=-0.0489 Le=-0.160 rA=0.176 rB=0.224 a_out=0 u_out=0 mem=20.970911026000977
p3-task c036 2/40 L=-0.127 Lq=-0.0469 Le=-0.169 rA=0.177 rB=0.223 a_out=0 u_out=0 mem=20.970911026000977
p3-task c036 3/40 L=-0.142 Lq=-0.0432 Le=-0.171 rA=0.178 rB=0.222 a_out=0 u_out=0 mem=20.970911026000977
p3-task c036 4/40 L=-0.130 Lq=-0.0386 Le=-0.141 rA=0.181 rB=0.219 a_out=0 u_out=0 mem=20.970911026000977
p3-task c036 5/40 L=-0.139 Lq=-0.0506 Le=-0.170 rA=0.175 rB=0.225 a_out=0 u_out=0 mem=20.970911026000977
p3-task c036 6/40 L=-0.152 Lq=-0.0543 Le=-0.174 rA=0.173 rB=0.227 a_out=1 u_out=1 mem=20.970911026000977
p3-task c036 7/40 L=-0.158 Lq=-0.0577 Le=-0.190 rA=0.171 rB=0.229 a_out=1 u_out=1 mem=20.970911026000977
p3-task c036 8/40 L=-0.167 Lq=-0.0523 Le=-0.169 rA=0.174 rB=0.226 a_out=1 u_out=1 mem=20.970911026000977
p3-task c036 9/40 L=-0.176 Lq=-0.0520 Le=-0.165 rA=0.174 rB=0.226 a_out=1 u_out=1 mem=20.970911026000977
p3-task c036 10/40 L=-0.175 Lq=-0.0544 Le=-0.205 rA=0.173 rB=0.227 a_out=1 u_out=1 mem=20.970911026000977
p3-task c036 11/40 L=-0.195 Lq=-0.0408 Le=-0.133 rA=0.180 rB=0.220 a_out=0 u_out=0 mem=20.970911026000977
p3-task c036 12/40 L=-0.153 Lq=-0.0418 Le=-0.150 rA=0.179 rB=0.221 a_out=0 u_out=0 mem=20.970911026000977
p3-task c036 13/40 L=-0.192 Lq=-0.0558 Le=-0.193 rA=0.172 rB=0.228 a_out=1 u_out=1 mem=20.970911026000977
p3-task c036 14/40 L=-0.187 Lq=-0.0503 Le=-0.168 rA=0.175 rB=0.225 a_out=0 u_out=0 mem=20.970911026000977
p3-task c036 15/40 L=-0.199 Lq=-0.0520 Le=-0.162 rA=0.174 rB=0.226 a_out=1 u_out=1 mem=20.970911026000977
p3-task c036 16/40 L=-0.221 Lq=-0.0489 Le=-0.155 rA=0.176 rB=0.224 a_out=0 u_out=0 mem=20.970911026000977
p3-task c036 17/40 L=-0.221 Lq=-0.0402 Le=-0.128 rA=0.180 rB=0.220 a_out=0 u_out=0 mem=20.970911026000977
p3-task c036 18/40 L=-0.229 Lq=-0.0465 Le=-0.158 rA=0.177 rB=0.223 a_out=0 u_out=0 mem=20.970911026000977
p3-task c036 19/40 L=-0.241 Lq=-0.0537 Le=-0.161 rA=0.173 rB=0.227 a_out=1 u_out=1 mem=20.970911026000977
p3-task c036 20/40 L=-0.233 Lq=-0.0501 Le=-0.151 rA=0.175 rB=0.225 a_out=0 u_out=0 mem=20.970911026000977
p3-task c036 21/40 L=-0.228 Lq=-0.0556 Le=-0.144 rA=0.172 rB=0.228 a_out=1 u_out=1 mem=20.970911026000977
p3-task c036 22/40 L=-0.237 Lq=-0.0541 Le=-0.137 rA=0.173 rB=0.227 a_out=1 u_out=1 mem=20.970911026000977
p3-task c036 23/40 L=-0.270 Lq=-0.0572 Le=-0.146 rA=0.171 rB=0.229 a_out=1 u_out=1 mem=20.970911026000977
p3-task c036 24/40 L=-0.301 Lq=-0.0512 Le=-0.143 rA=0.174 rB=0.226 a_out=0 u_out=0 mem=20.970911026000977
p3-task c036 25/40 L=-0.284 Lq=-0.0583 Le=-0.160 rA=0.171 rB=0.229 a_out=1 u_out=1 mem=20.970911026000977
p3-task c036 26/40 L=-0.279 Lq=-0.0501 Le=-0.169 rA=0.175 rB=0.225 a_out=0 u_out=0 mem=20.970911026000977
p3-task c036 27/40 L=-0.283 Lq=-0.0539 Le=-0.154 rA=0.173 rB=0.227 a_out=1 u_out=1 mem=20.970911026000977
p3-task c036 28/40 L=-0.319 Lq=-0.0520 Le=-0.151 rA=0.174 rB=0.226 a_out=1 u_out=1 mem=20.970911026000977
p3-task c036 29/40 L=-0.318 Lq=-0.0502 Le=-0.142 rA=0.175 rB=0.225 a_out=0 u_out=0 mem=20.970911026000977
p3-task c036 30/40 L=-0.320 Lq=-0.0530 Le=-0.158 rA=0.174 rB=0.226 a_out=1 u_out=1 mem=20.970911026000977
p3-task c036 31/40 L=-0.333 Lq=-0.0622 Le=-0.165 rA=0.169 rB=0.231 a_out=1 u_out=1 mem=20.970911026000977
p3-task c036 32/40 L=-0.319 Lq=-0.0612 Le=-0.169 rA=0.169 rB=0.231 a_out=1 u_out=1 mem=20.970911026000977
p3-task c036 33/40 L=-0.347 Lq=-0.0540 Le=-0.165 rA=0.173 rB=0.227 a_out=1 u_out=1 mem=20.970911026000977
p3-task c036 34/40 L=-0.377 Lq=-0.0597 Le=-0.176 rA=0.170 rB=0.230 a_out=1 u_out=1 mem=20.970911026000977
p3-task c036 35/40 L=-0.360 Lq=-0.0548 Le=-0.184 rA=0.173 rB=0.227 a_out=1 u_out=1 mem=20.970911026000977
p3-task c036 36/40 L=-0.385 Lq=-0.0592 Le=-0.173 rA=0.170 rB=0.230 a_out=1 u_out=1 mem=20.970911026000977
p3-task c036 37/40 L=-0.376 Lq=-0.0618 Le=-0.187 rA=0.169 rB=0.231 a_out=1 u_out=1 mem=20.970911026000977
p3-task c036 38/40 L=-0.353 Lq=-0.0491 Le=-0.128 rA=0.175 rB=0.225 a_out=0 u_out=0 mem=20.970911026000977
p3-task c036 39/40 L=-0.377 Lq=-0.0604 Le=-0.168 rA=0.170 rB=0.230 a_out=1 u_out=1 mem=20.970911026000977
p3-task c036 40/40 L=-0.407 Lq=-0.0492 Le=-0.164 rA=0.175 rB=0.225 a_out=0 u_out=0 mem=20.970911026000977
== p3-task attack c037 (30/32) ==
p3-task c037 1/40 L=-0.062 Lq=-0.0254 Le=-0.191 rA=0.187 rB=0.213 a_out=0 u_out=0 mem=20.970911026000977
p3-task c037 2/40 L=-0.074 Lq=-0.0306 Le=-0.196 rA=0.185 rB=0.215 a_out=1 u_out=1 mem=20.970911026000977
p3-task c037 3/40 L=-0.079 Lq=-0.0408 Le=-0.217 rA=0.180 rB=0.220 a_out=1 u_out=1 mem=20.970911026000977
p3-task c037 4/40 L=-0.088 Lq=-0.0374 Le=-0.214 rA=0.181 rB=0.219 a_out=1 u_out=1 mem=20.970911026000977
p3-task c037 5/40 L=-0.085 Lq=-0.0273 Le=-0.183 rA=0.186 rB=0.214 a_out=1 u_out=1 mem=20.970911026000977
p3-task c037 6/40 L=-0.094 Lq=-0.0328 Le=-0.181 rA=0.184 rB=0.216 a_out=1 u_out=1 mem=20.970911026000977
p3-task c037 7/40 L=-0.109 Lq=-0.0315 Le=-0.199 rA=0.184 rB=0.216 a_out=1 u_out=1 mem=20.970911026000977
p3-task c037 8/40 L=-0.109 Lq=-0.0349 Le=-0.213 rA=0.183 rB=0.217 a_out=1 u_out=1 mem=20.970911026000977
p3-task c037 9/40 L=-0.125 Lq=-0.0333 Le=-0.173 rA=0.183 rB=0.217 a_out=1 u_out=1 mem=20.970911026000977
p3-task c037 10/40 L=-0.133 Lq=-0.0348 Le=-0.199 rA=0.183 rB=0.217 a_out=1 u_out=1 mem=20.970911026000977
p3-task c037 11/40 L=-0.155 Lq=-0.0311 Le=-0.188 rA=0.184 rB=0.216 a_out=1 u_out=1 mem=20.970911026000977
p3-task c037 12/40 L=-0.177 Lq=-0.0329 Le=-0.186 rA=0.184 rB=0.216 a_out=1 u_out=1 mem=20.970911026000977
p3-task c037 13/40 L=-0.190 Lq=-0.0370 Le=-0.170 rA=0.182 rB=0.218 a_out=1 u_out=1 mem=20.970911026000977
p3-task c037 14/40 L=-0.157 Lq=-0.0349 Le=-0.183 rA=0.183 rB=0.217 a_out=1 u_out=1 mem=20.970911026000977
p3-task c037 15/40 L=-0.190 Lq=-0.0343 Le=-0.184 rA=0.183 rB=0.217 a_out=1 u_out=1 mem=20.970911026000977
p3-task c037 16/40 L=-0.243 Lq=-0.0339 Le=-0.188 rA=0.183 rB=0.217 a_out=1 u_out=1 mem=20.970911026000977
p3-task c037 17/40 L=-0.316 Lq=-0.0387 Le=-0.181 rA=0.181 rB=0.219 a_out=1 u_out=1 mem=20.970911026000977
p3-task c037 18/40 L=-0.359 Lq=-0.0400 Le=-0.192 rA=0.180 rB=0.220 a_out=1 u_out=1 mem=20.970911026000977
p3-task c037 19/40 L=-0.497 Lq=-0.0385 Le=-0.193 rA=0.181 rB=0.219 a_out=1 u_out=1 mem=20.970911026000977
p3-task c037 20/40 L=-0.501 Lq=-0.0312 Le=-0.189 rA=0.184 rB=0.216 a_out=1 u_out=1 mem=20.970911026000977
p3-task c037 21/40 L=-0.563 Lq=-0.0247 Le=-0.159 rA=0.188 rB=0.212 a_out=0 u_out=0 mem=20.970911026000977
p3-task c037 22/40 L=-0.714 Lq=-0.0373 Le=-0.210 rA=0.181 rB=0.219 a_out=1 u_out=1 mem=20.970911026000977
p3-task c037 23/40 L=-0.804 Lq=-0.0315 Le=-0.177 rA=0.184 rB=0.216 a_out=1 u_out=1 mem=20.970911026000977
p3-task c037 24/40 L=-0.906 Lq=-0.0411 Le=-0.216 rA=0.179 rB=0.221 a_out=1 u_out=1 mem=20.970911026000977
p3-task c037 25/40 L=-0.879 Lq=-0.0402 Le=-0.207 rA=0.180 rB=0.220 a_out=1 u_out=1 mem=20.970911026000977
p3-task c037 26/40 L=-0.941 Lq=-0.0335 Le=-0.166 rA=0.183 rB=0.217 a_out=1 u_out=1 mem=20.970911026000977
p3-task c037 27/40 L=-1.077 Lq=-0.0332 Le=-0.188 rA=0.183 rB=0.217 a_out=1 u_out=1 mem=20.970911026000977
p3-task c037 28/40 L=-1.142 Lq=-0.0435 Le=-0.231 rA=0.178 rB=0.222 a_out=2 u_out=2 mem=20.970911026000977
p3-task c037 29/40 L=-1.188 Lq=-0.0347 Le=-0.191 rA=0.183 rB=0.217 a_out=1 u_out=1 mem=20.970911026000977
p3-task c037 30/40 L=-1.082 Lq=-0.0311 Le=-0.186 rA=0.184 rB=0.216 a_out=1 u_out=1 mem=20.970911026000977
p3-task c037 31/40 L=-1.178 Lq=-0.0316 Le=-0.177 rA=0.184 rB=0.216 a_out=1 u_out=1 mem=20.970911026000977
p3-task c037 32/40 L=-1.210 Lq=-0.0294 Le=-0.181 rA=0.185 rB=0.215 a_out=1 u_out=1 mem=20.970911026000977
p3-task c037 33/40 L=-1.196 Lq=-0.0326 Le=-0.194 rA=0.184 rB=0.216 a_out=1 u_out=1 mem=20.970911026000977
p3-task c037 34/40 L=-1.289 Lq=-0.0326 Le=-0.204 rA=0.184 rB=0.216 a_out=1 u_out=1 mem=20.970911026000977
p3-task c037 35/40 L=-1.295 Lq=-0.0370 Le=-0.192 rA=0.182 rB=0.218 a_out=1 u_out=1 mem=20.970911026000977
p3-task c037 36/40 L=-0.778 Lq=-0.0353 Le=-0.192 rA=0.182 rB=0.218 a_out=1 u_out=1 mem=20.970911026000977
p3-task c037 37/40 L=-1.248 Lq=-0.0309 Le=-0.172 rA=0.185 rB=0.215 a_out=1 u_out=1 mem=20.970911026000977
p3-task c037 38/40 L=-1.322 Lq=-0.0335 Le=-0.193 rA=0.183 rB=0.217 a_out=1 u_out=1 mem=20.970911026000977
p3-task c037 39/40 L=-1.335 Lq=-0.0339 Le=-0.193 rA=0.183 rB=0.217 a_out=1 u_out=1 mem=20.970911026000977
p3-task c037 40/40 L=-1.338 Lq=-0.0376 Le=-0.187 rA=0.181 rB=0.219 a_out=1 u_out=1 mem=20.970911026000977
== p3-task attack c038 (31/32) ==
p3-task c038 1/40 L=-0.064 Lq=-0.0388 Le=-0.177 rA=0.181 rB=0.219 a_out=0 u_out=0 mem=20.970911026000977
p3-task c038 2/40 L=-0.075 Lq=-0.0439 Le=-0.198 rA=0.178 rB=0.222 a_out=1 u_out=1 mem=20.970911026000977
p3-task c038 3/40 L=-0.077 Lq=-0.0408 Le=-0.198 rA=0.180 rB=0.220 a_out=0 u_out=0 mem=20.970911026000977
p3-task c038 4/40 L=-0.088 Lq=-0.0531 Le=-0.231 rA=0.173 rB=0.227 a_out=1 u_out=1 mem=20.970911026000977
p3-task c038 5/40 L=-0.090 Lq=-0.0555 Le=-0.226 rA=0.172 rB=0.228 a_out=1 u_out=1 mem=20.970911026000977
p3-task c038 6/40 L=-0.100 Lq=-0.0429 Le=-0.199 rA=0.179 rB=0.221 a_out=1 u_out=1 mem=20.970911026000977
p3-task c038 7/40 L=-0.110 Lq=-0.0421 Le=-0.208 rA=0.179 rB=0.221 a_out=0 u_out=0 mem=20.970911026000977
p3-task c038 8/40 L=-0.107 Lq=-0.0365 Le=-0.187 rA=0.182 rB=0.218 a_out=0 u_out=0 mem=20.970911026000977
p3-task c038 9/40 L=-0.106 Lq=-0.0463 Le=-0.198 rA=0.177 rB=0.223 a_out=1 u_out=1 mem=20.970911026000977
p3-task c038 10/40 L=-0.117 Lq=-0.0408 Le=-0.164 rA=0.180 rB=0.220 a_out=0 u_out=0 mem=20.970911026000977
p3-task c038 11/40 L=-0.116 Lq=-0.0390 Le=-0.159 rA=0.181 rB=0.219 a_out=0 u_out=0 mem=20.970911026000977
p3-task c038 12/40 L=-0.116 Lq=-0.0417 Le=-0.182 rA=0.179 rB=0.221 a_out=0 u_out=0 mem=20.970911026000977
p3-task c038 13/40 L=-0.140 Lq=-0.0369 Le=-0.163 rA=0.182 rB=0.218 a_out=0 u_out=0 mem=20.970911026000977
p3-task c038 14/40 L=-0.149 Lq=-0.0348 Le=-0.151 rA=0.183 rB=0.217 a_out=0 u_out=0 mem=20.970911026000977
p3-task c038 15/40 L=-0.167 Lq=-0.0288 Le=-0.126 rA=0.186 rB=0.214 a_out=0 u_out=0 mem=20.970911026000977
p3-task c038 16/40 L=-0.151 Lq=-0.0277 Le=-0.109 rA=0.186 rB=0.214 a_out=0 u_out=0 mem=20.970911026000977
p3-task c038 17/40 L=-0.175 Lq=-0.0355 Le=-0.116 rA=0.182 rB=0.218 a_out=0 u_out=0 mem=20.970911026000977
p3-task c038 18/40 L=-0.248 Lq=-0.0295 Le=-0.127 rA=0.185 rB=0.215 a_out=0 u_out=0 mem=20.970911026000977
p3-task c038 19/40 L=-0.297 Lq=-0.0295 Le=-0.056 rA=0.185 rB=0.215 a_out=0 u_out=0 mem=20.970911026000977
p3-task c038 20/40 L=-0.286 Lq=-0.0290 Le=-0.090 rA=0.186 rB=0.214 a_out=0 u_out=0 mem=20.970911026000977
p3-task c038 21/40 L=-0.374 Lq=-0.0286 Le=-0.108 rA=0.186 rB=0.214 a_out=0 u_out=0 mem=20.970911026000977
p3-task c038 22/40 L=-0.369 Lq=-0.0253 Le=-0.116 rA=0.187 rB=0.213 a_out=0 u_out=0 mem=20.970911026000977
p3-task c038 23/40 L=-0.353 Lq=-0.0321 Le=-0.092 rA=0.184 rB=0.216 a_out=0 u_out=0 mem=20.970911026000977
p3-task c038 24/40 L=-0.431 Lq=-0.0369 Le=-0.111 rA=0.182 rB=0.218 a_out=0 u_out=0 mem=20.970911026000977
p3-task c038 25/40 L=-0.488 Lq=-0.0266 Le=-0.099 rA=0.187 rB=0.213 a_out=0 u_out=0 mem=20.970911026000977
p3-task c038 26/40 L=-0.455 Lq=-0.0337 Le=-0.124 rA=0.183 rB=0.217 a_out=0 u_out=0 mem=20.970911026000977
p3-task c038 27/40 L=-0.548 Lq=-0.0298 Le=-0.087 rA=0.185 rB=0.215 a_out=0 u_out=0 mem=20.970911026000977
p3-task c038 28/40 L=-0.603 Lq=-0.0252 Le=-0.104 rA=0.187 rB=0.213 a_out=0 u_out=0 mem=20.970911026000977
p3-task c038 29/40 L=-0.207 Lq=-0.0228 Le=-0.077 rA=0.189 rB=0.211 a_out=0 u_out=0 mem=20.970911026000977
p3-task c038 30/40 L=-0.452 Lq=-0.0348 Le=-0.130 rA=0.183 rB=0.217 a_out=0 u_out=0 mem=20.970911026000977
p3-task c038 31/40 L=-0.607 Lq=-0.0249 Le=-0.112 rA=0.188 rB=0.212 a_out=0 u_out=0 mem=20.970911026000977
p3-task c038 32/40 L=-0.697 Lq=-0.0204 Le=-0.118 rA=0.190 rB=0.210 a_out=0 u_out=0 mem=20.970911026000977
p3-task c038 33/40 L=-0.819 Lq=-0.0261 Le=-0.126 rA=0.187 rB=0.213 a_out=0 u_out=0 mem=20.970911026000977
p3-task c038 34/40 L=-0.866 Lq=-0.0143 Le=-0.045 rA=0.193 rB=0.207 a_out=0 u_out=0 mem=20.970911026000977
p3-task c038 35/40 L=-0.569 Lq=-0.0316 Le=-0.104 rA=0.184 rB=0.216 a_out=0 u_out=0 mem=20.970911026000977
p3-task c038 36/40 L=-0.906 Lq=-0.0230 Le=-0.055 rA=0.188 rB=0.212 a_out=0 u_out=0 mem=20.970911026000977
p3-task c038 37/40 L=-0.922 Lq=-0.0206 Le=-0.061 rA=0.190 rB=0.210 a_out=0 u_out=0 mem=20.970911026000977
p3-task c038 38/40 L=-0.907 Lq=-0.0224 Le=-0.097 rA=0.189 rB=0.211 a_out=0 u_out=0 mem=20.970911026000977
p3-task c038 39/40 L=-1.152 Lq=-0.0272 Le=-0.094 rA=0.186 rB=0.214 a_out=0 u_out=0 mem=20.970911026000977
p3-task c038 40/40 L=-1.035 Lq=-0.0193 Le=-0.076 rA=0.190 rB=0.210 a_out=0 u_out=0 mem=20.970911026000977
== p3-task attack c039 (32/32) ==
p3-task c039 1/40 L=-0.032 Lq=-0.0522 Le=-0.113 rA=0.174 rB=0.226 a_out=0 u_out=0 mem=20.970911026000977
p3-task c039 2/40 L=-0.056 Lq=-0.0567 Le=-0.120 rA=0.172 rB=0.228 a_out=1 u_out=1 mem=20.970911026000977
p3-task c039 3/40 L=-0.049 Lq=-0.0546 Le=-0.157 rA=0.173 rB=0.227 a_out=1 u_out=1 mem=20.970911026000977
p3-task c039 4/40 L=-0.073 Lq=-0.0613 Le=-0.168 rA=0.169 rB=0.231 a_out=1 u_out=1 mem=20.970911026000977
p3-task c039 5/40 L=-0.072 Lq=-0.0587 Le=-0.172 rA=0.171 rB=0.229 a_out=1 u_out=1 mem=20.970911026000977
p3-task c039 6/40 L=-0.084 Lq=-0.0663 Le=-0.171 rA=0.167 rB=0.233 a_out=1 u_out=1 mem=20.970911026000977
p3-task c039 7/40 L=-0.101 Lq=-0.0695 Le=-0.185 rA=0.165 rB=0.235 a_out=2 u_out=2 mem=20.970911026000977
p3-task c039 8/40 L=-0.103 Lq=-0.0609 Le=-0.161 rA=0.170 rB=0.230 a_out=1 u_out=1 mem=20.970911026000977
p3-task c039 9/40 L=-0.128 Lq=-0.0663 Le=-0.173 rA=0.167 rB=0.233 a_out=1 u_out=1 mem=20.970911026000977
p3-task c039 10/40 L=-0.142 Lq=-0.0648 Le=-0.177 rA=0.168 rB=0.232 a_out=1 u_out=1 mem=20.970911026000977
p3-task c039 11/40 L=-0.129 Lq=-0.0626 Le=-0.165 rA=0.169 rB=0.231 a_out=1 u_out=1 mem=20.970911026000977
p3-task c039 12/40 L=-0.100 Lq=-0.0586 Le=-0.158 rA=0.171 rB=0.229 a_out=1 u_out=1 mem=20.970911026000977
p3-task c039 13/40 L=-0.139 Lq=-0.0652 Le=-0.167 rA=0.167 rB=0.233 a_out=1 u_out=1 mem=20.970911026000977
p3-task c039 14/40 L=-0.176 Lq=-0.0614 Le=-0.165 rA=0.169 rB=0.231 a_out=1 u_out=1 mem=20.970911026000977
p3-task c039 15/40 L=-0.229 Lq=-0.0601 Le=-0.169 rA=0.170 rB=0.230 a_out=1 u_out=1 mem=20.970911026000977
p3-task c039 16/40 L=-0.260 Lq=-0.0672 Le=-0.160 rA=0.166 rB=0.234 a_out=1 u_out=1 mem=20.970911026000977
p3-task c039 17/40 L=-0.425 Lq=-0.0677 Le=-0.139 rA=0.166 rB=0.234 a_out=1 u_out=1 mem=20.970911026000977
p3-task c039 18/40 L=-0.268 Lq=-0.0715 Le=-0.161 rA=0.164 rB=0.236 a_out=2 u_out=2 mem=20.970911026000977
p3-task c039 19/40 L=-0.493 Lq=-0.0663 Le=-0.141 rA=0.167 rB=0.233 a_out=1 u_out=1 mem=20.970911026000977
p3-task c039 20/40 L=-0.500 Lq=-0.0653 Le=-0.157 rA=0.167 rB=0.233 a_out=1 u_out=1 mem=20.970911026000977
p3-task c039 21/40 L=-0.663 Lq=-0.0669 Le=-0.151 rA=0.167 rB=0.233 a_out=1 u_out=1 mem=20.970911026000977
p3-task c039 22/40 L=-0.397 Lq=-0.0652 Le=-0.137 rA=0.167 rB=0.233 a_out=1 u_out=1 mem=20.970911026000977
p3-task c039 23/40 L=-0.702 Lq=-0.0731 Le=-0.164 rA=0.163 rB=0.237 a_out=2 u_out=2 mem=20.970911026000977
p3-task c039 24/40 L=-0.695 Lq=-0.0749 Le=-0.169 rA=0.163 rB=0.237 a_out=2 u_out=2 mem=20.970911026000977
p3-task c039 25/40 L=-0.677 Lq=-0.0693 Le=-0.124 rA=0.165 rB=0.235 a_out=2 u_out=2 mem=20.970911026000977
p3-task c039 26/40 L=-0.759 Lq=-0.0781 Le=-0.161 rA=0.161 rB=0.239 a_out=2 u_out=2 mem=20.970911026000977
p3-task c039 27/40 L=-0.883 Lq=-0.0695 Le=-0.148 rA=0.165 rB=0.235 a_out=2 u_out=2 mem=20.970911026000977
p3-task c039 28/40 L=-0.912 Lq=-0.0707 Le=-0.140 rA=0.165 rB=0.235 a_out=2 u_out=2 mem=20.970911026000977
p3-task c039 29/40 L=-1.163 Lq=-0.0667 Le=-0.136 rA=0.167 rB=0.233 a_out=1 u_out=1 mem=20.970911026000977
p3-task c039 30/40 L=-0.995 Lq=-0.0688 Le=-0.149 rA=0.166 rB=0.234 a_out=1 u_out=1 mem=20.970911026000977
p3-task c039 31/40 L=-1.217 Lq=-0.0685 Le=-0.171 rA=0.166 rB=0.234 a_out=1 u_out=1 mem=20.970911026000977
p3-task c039 32/40 L=-1.209 Lq=-0.0724 Le=-0.186 rA=0.164 rB=0.236 a_out=2 u_out=2 mem=20.970911026000977
p3-task c039 33/40 L=-1.239 Lq=-0.0692 Le=-0.133 rA=0.165 rB=0.235 a_out=1 u_out=1 mem=20.970911026000977
p3-task c039 34/40 L=-1.417 Lq=-0.0736 Le=-0.155 rA=0.163 rB=0.237 a_out=2 u_out=2 mem=20.970911026000977
p3-task c039 35/40 L=-1.481 Lq=-0.0696 Le=-0.138 rA=0.165 rB=0.235 a_out=2 u_out=2 mem=20.970911026000977
p3-task c039 36/40 L=-1.618 Lq=-0.0728 Le=-0.138 rA=0.164 rB=0.236 a_out=2 u_out=2 mem=20.970911026000977
p3-task c039 37/40 L=-1.572 Lq=-0.0696 Le=-0.153 rA=0.165 rB=0.235 a_out=2 u_out=2 mem=20.970911026000977
p3-task c039 38/40 L=-1.510 Lq=-0.0639 Le=-0.132 rA=0.168 rB=0.232 a_out=1 u_out=1 mem=20.970911026000977
p3-task c039 39/40 L=-1.707 Lq=-0.0745 Le=-0.144 rA=0.163 rB=0.237 a_out=2 u_out=2 mem=20.970911026000977
p3-task c039 40/40 L=-1.862 Lq=-0.0713 Le=-0.157 rA=0.164 rB=0.236 a_out=2 u_out=2 mem=20.970911026000977
==== P3 METHOD caa ====
== p3-caa attack c000 (1/32) ==
p3-caa c000 1/40 L=2.049 Lq=-0.0524 Le=-0.223 rA=0.174 rB=0.226 a_out=0 u_out=0 mem=20.970911026000977
p3-caa c000 2/40 L=1.664 Lq=-0.0728 Le=-0.272 rA=0.164 rB=0.236 a_out=1 u_out=1 mem=20.970911026000977
p3-caa c000 3/40 L=1.739 Lq=-0.0631 Le=-0.282 rA=0.168 rB=0.232 a_out=1 u_out=1 mem=20.970911026000977
p3-caa c000 4/40 L=1.607 Lq=-0.0732 Le=-0.294 rA=0.163 rB=0.237 a_out=1 u_out=1 mem=20.970911026000977
p3-caa c000 5/40 L=1.568 Lq=-0.0767 Le=-0.301 rA=0.162 rB=0.238 a_out=2 u_out=2 mem=20.970911026000977
p3-caa c000 6/40 L=1.439 Lq=-0.0818 Le=-0.295 rA=0.159 rB=0.241 a_out=2 u_out=2 mem=20.970911026000977
p3-caa c000 7/40 L=1.854 Lq=-0.0646 Le=-0.269 rA=0.168 rB=0.232 a_out=1 u_out=1 mem=20.970911026000977
p3-caa c000 8/40 L=1.642 Lq=-0.0659 Le=-0.261 rA=0.167 rB=0.233 a_out=1 u_out=1 mem=20.970911026000977
p3-caa c000 9/40 L=1.642 Lq=-0.0710 Le=-0.266 rA=0.165 rB=0.235 a_out=1 u_out=1 mem=20.970911026000977
p3-caa c000 10/40 L=2.000 Lq=-0.0576 Le=-0.287 rA=0.171 rB=0.229 a_out=0 u_out=0 mem=20.970911026000977
p3-caa c000 11/40 L=1.721 Lq=-0.0710 Le=-0.285 rA=0.164 rB=0.236 a_out=1 u_out=1 mem=20.970911026000977
p3-caa c000 12/40 L=1.765 Lq=-0.0740 Le=-0.294 rA=0.163 rB=0.237 a_out=1 u_out=1 mem=20.970911026000977
p3-caa c000 13/40 L=1.995 Lq=-0.0615 Le=-0.295 rA=0.169 rB=0.231 a_out=1 u_out=1 mem=20.970911026000977
p3-caa c000 14/40 L=1.969 Lq=-0.0656 Le=-0.292 rA=0.167 rB=0.233 a_out=1 u_out=1 mem=20.970911026000977
p3-caa c000 15/40 L=1.859 Lq=-0.0618 Le=-0.255 rA=0.169 rB=0.231 a_out=1 u_out=1 mem=20.970911026000977
p3-caa c000 16/40 L=2.043 Lq=-0.0439 Le=-0.194 rA=0.178 rB=0.222 a_out=0 u_out=0 mem=20.970911026000977
p3-caa c000 17/40 L=1.879 Lq=-0.0586 Le=-0.246 rA=0.171 rB=0.229 a_out=0 u_out=0 mem=20.970911026000977
p3-caa c000 18/40 L=1.763 Lq=-0.0663 Le=-0.246 rA=0.167 rB=0.233 a_out=1 u_out=1 mem=20.970911026000977
p3-caa c000 19/40 L=1.897 Lq=-0.0542 Le=-0.226 rA=0.173 rB=0.227 a_out=0 u_out=0 mem=20.970911026000977
p3-caa c000 20/40 L=1.768 Lq=-0.0633 Le=-0.265 rA=0.168 rB=0.232 a_out=1 u_out=1 mem=20.970911026000977
p3-caa c000 21/40 L=1.684 Lq=-0.0716 Le=-0.278 rA=0.164 rB=0.236 a_out=1 u_out=1 mem=20.970911026000977
p3-caa c000 22/40 L=1.677 Lq=-0.0804 Le=-0.306 rA=0.160 rB=0.240 a_out=2 u_out=2 mem=20.970911026000977
p3-caa c000 23/40 L=1.832 Lq=-0.0634 Le=-0.262 rA=0.168 rB=0.232 a_out=1 u_out=1 mem=20.970911026000977
p3-caa c000 24/40 L=1.474 Lq=-0.0868 Le=-0.312 rA=0.157 rB=0.243 a_out=2 u_out=2 mem=20.970911026000977
p3-caa c000 25/40 L=1.448 Lq=-0.0851 Le=-0.304 rA=0.157 rB=0.243 a_out=2 u_out=2 mem=20.970911026000977
p3-caa c000 26/40 L=1.520 Lq=-0.0781 Le=-0.288 rA=0.161 rB=0.239 a_out=2 u_out=2 mem=20.970911026000977
p3-caa c000 27/40 L=1.595 Lq=-0.0816 Le=-0.313 rA=0.159 rB=0.241 a_out=2 u_out=2 mem=20.970911026000977
p3-caa c000 28/40 L=1.556 Lq=-0.0826 Le=-0.306 rA=0.159 rB=0.241 a_out=2 u_out=2 mem=20.970911026000977
p3-caa c000 29/40 L=1.520 Lq=-0.0813 Le=-0.281 rA=0.159 rB=0.241 a_out=2 u_out=2 mem=20.970911026000977
p3-caa c000 30/40 L=1.545 Lq=-0.0770 Le=-0.285 rA=0.161 rB=0.239 a_out=2 u_out=2 mem=20.970911026000977
p3-caa c000 31/40 L=1.600 Lq=-0.0723 Le=-0.265 rA=0.164 rB=0.236 a_out=1 u_out=1 mem=20.970911026000977
p3-caa c000 32/40 L=1.430 Lq=-0.0771 Le=-0.259 rA=0.161 rB=0.239 a_out=2 u_out=2 mem=20.970911026000977
p3-caa c000 33/40 L=1.533 Lq=-0.0779 Le=-0.266 rA=0.161 rB=0.239 a_out=2 u_out=2 mem=20.970911026000977
p3-caa c000 34/40 L=1.420 Lq=-0.0858 Le=-0.299 rA=0.157 rB=0.243 a_out=2 u_out=2 mem=20.970911026000977
p3-caa c000 35/40 L=1.314 Lq=-0.0918 Le=-0.314 rA=0.154 rB=0.246 a_out=3 u_out=3 mem=20.970911026000977
p3-caa c000 36/40 L=1.416 Lq=-0.0961 Le=-0.335 rA=0.152 rB=0.248 a_out=3 u_out=3 mem=20.970911026000977
p3-caa c000 37/40 L=1.319 Lq=-0.0975 Le=-0.333 rA=0.151 rB=0.249 a_out=3 u_out=3 mem=20.970911026000977
p3-caa c000 38/40 L=1.279 Lq=-0.0989 Le=-0.333 rA=0.151 rB=0.249 a_out=3 u_out=3 mem=20.970911026000977
p3-caa c000 39/40 L=1.394 Lq=-0.0892 Le=-0.311 rA=0.155 rB=0.245 a_out=2 u_out=2 mem=20.970911026000977
p3-caa c000 40/40 L=1.376 Lq=-0.0915 Le=-0.309 rA=0.154 rB=0.246 a_out=3 u_out=3 mem=20.970911026000977
== p3-caa attack c003 (2/32) ==
p3-caa c003 1/40 L=2.837 Lq=-0.0237 Le=-0.070 rA=0.188 rB=0.212 a_out=0 u_out=0 mem=20.970911026000977
p3-caa c003 2/40 L=2.639 Lq=-0.0345 Le=-0.069 rA=0.183 rB=0.217 a_out=1 u_out=1 mem=20.970911026000977
p3-caa c003 3/40 L=2.270 Lq=-0.0494 Le=-0.064 rA=0.175 rB=0.225 a_out=2 u_out=2 mem=20.970911026000977
p3-caa c003 4/40 L=2.293 Lq=-0.0522 Le=-0.082 rA=0.174 rB=0.226 a_out=2 u_out=2 mem=20.970911026000977
p3-caa c003 5/40 L=2.520 Lq=-0.0539 Le=-0.119 rA=0.173 rB=0.227 a_out=2 u_out=2 mem=20.970911026000977
p3-caa c003 6/40 L=2.715 Lq=-0.0410 Le=-0.067 rA=0.179 rB=0.221 a_out=1 u_out=1 mem=20.970911026000977
p3-caa c003 7/40 L=2.197 Lq=-0.0587 Le=-0.115 rA=0.171 rB=0.229 a_out=2 u_out=2 mem=20.970911026000977
p3-caa c003 8/40 L=2.111 Lq=-0.0605 Le=-0.091 rA=0.170 rB=0.230 a_out=3 u_out=3 mem=20.970911026000977
p3-caa c003 9/40 L=1.965 Lq=-0.0680 Le=-0.121 rA=0.166 rB=0.234 a_out=3 u_out=3 mem=20.970911026000977
p3-caa c003 10/40 L=1.857 Lq=-0.0722 Le=-0.127 rA=0.164 rB=0.236 a_out=3 u_out=3 mem=20.970911026000977
p3-caa c003 11/40 L=1.733 Lq=-0.0773 Le=-0.139 rA=0.161 rB=0.239 a_out=4 u_out=4 mem=20.970911026000977
p3-caa c003 12/40 L=1.757 Lq=-0.0756 Le=-0.124 rA=0.162 rB=0.238 a_out=4 u_out=4 mem=20.970911026000977
p3-caa c003 13/40 L=1.615 Lq=-0.0826 Le=-0.144 rA=0.159 rB=0.241 a_out=4 u_out=4 mem=20.970911026000977
p3-caa c003 14/40 L=1.641 Lq=-0.0786 Le=-0.115 rA=0.161 rB=0.239 a_out=4 u_out=4 mem=20.970911026000977
p3-caa c003 15/40 L=1.480 Lq=-0.0863 Le=-0.128 rA=0.157 rB=0.243 a_out=4 u_out=4 mem=20.970911026000977
p3-caa c003 16/40 L=1.780 Lq=-0.0840 Le=-0.171 rA=0.158 rB=0.242 a_out=4 u_out=4 mem=20.970911026000977
p3-caa c003 17/40 L=1.518 Lq=-0.0852 Le=-0.130 rA=0.157 rB=0.243 a_out=4 u_out=4 mem=20.970911026000977
p3-caa c003 18/40 L=1.468 Lq=-0.0881 Le=-0.140 rA=0.156 rB=0.244 a_out=5 u_out=5 mem=20.970911026000977
p3-caa c003 19/40 L=1.378 Lq=-0.0925 Le=-0.159 rA=0.154 rB=0.246 a_out=5 u_out=5 mem=20.970911026000977
p3-caa c003 20/40 L=1.372 Lq=-0.0942 Le=-0.168 rA=0.153 rB=0.247 a_out=5 u_out=5 mem=20.970911026000977
p3-caa c003 21/40 L=1.385 Lq=-0.0947 Le=-0.177 rA=0.153 rB=0.247 a_out=5 u_out=5 mem=20.970911026000977
p3-caa c003 22/40 L=1.222 Lq=-0.1010 Le=-0.172 rA=0.150 rB=0.250 a_out=5 u_out=5 mem=20.970911026000977
p3-caa c003 23/40 L=1.202 Lq=-0.1040 Le=-0.183 rA=0.148 rB=0.252 a_out=6 u_out=6 mem=20.970911026000977
p3-caa c003 24/40 L=1.264 Lq=-0.0989 Le=-0.163 rA=0.151 rB=0.249 a_out=5 u_out=5 mem=20.970911026000977
p3-caa c003 25/40 L=1.196 Lq=-0.1061 Le=-0.194 rA=0.147 rB=0.253 a_out=6 u_out=6 mem=20.970911026000977
p3-caa c003 26/40 L=1.103 Lq=-0.1086 Le=-0.196 rA=0.146 rB=0.254 a_out=6 u_out=6 mem=20.970911026000977
p3-caa c003 27/40 L=1.129 Lq=-0.1095 Le=-0.213 rA=0.145 rB=0.255 a_out=6 u_out=6 mem=20.970911026000977
p3-caa c003 28/40 L=1.128 Lq=-0.1049 Le=-0.168 rA=0.148 rB=0.252 a_out=6 u_out=6 mem=20.970911026000977
p3-caa c003 29/40 L=1.137 Lq=-0.1041 Le=-0.175 rA=0.148 rB=0.252 a_out=6 u_out=6 mem=20.970911026000977
p3-caa c003 30/40 L=1.090 Lq=-0.1107 Le=-0.198 rA=0.145 rB=0.255 a_out=6 u_out=6 mem=20.970911026000977
p3-caa c003 31/40 L=1.078 Lq=-0.1105 Le=-0.199 rA=0.145 rB=0.255 a_out=6 u_out=6 mem=20.970911026000977
p3-caa c003 32/40 L=0.973 Lq=-0.1171 Le=-0.215 rA=0.141 rB=0.259 a_out=7 u_out=7 mem=20.970911026000977
p3-caa c003 33/40 L=0.964 Lq=-0.1176 Le=-0.211 rA=0.141 rB=0.259 a_out=7 u_out=7 mem=20.970911026000977
p3-caa c003 34/40 L=1.060 Lq=-0.1124 Le=-0.201 rA=0.144 rB=0.256 a_out=6 u_out=6 mem=20.970911026000977
p3-caa c003 35/40 L=1.053 Lq=-0.1129 Le=-0.197 rA=0.144 rB=0.256 a_out=6 u_out=6 mem=20.970911026000977
p3-caa c003 36/40 L=1.031 Lq=-0.1159 Le=-0.212 rA=0.142 rB=0.258 a_out=7 u_out=7 mem=20.970911026000977
p3-caa c003 37/40 L=1.028 Lq=-0.1153 Le=-0.208 rA=0.142 rB=0.258 a_out=6 u_out=6 mem=20.970911026000977
p3-caa c003 38/40 L=0.988 Lq=-0.1196 Le=-0.228 rA=0.140 rB=0.260 a_out=7 u_out=7 mem=20.970911026000977
p3-caa c003 39/40 L=0.993 Lq=-0.1161 Le=-0.207 rA=0.142 rB=0.258 a_out=7 u_out=7 mem=20.970911026000977
p3-caa c003 40/40 L=0.989 Lq=-0.1207 Le=-0.234 rA=0.140 rB=0.260 a_out=7 u_out=7 mem=20.970911026000977
== p3-caa attack c004 (3/32) ==
p3-caa c004 1/40 L=2.770 Lq=+0.0016 Le=-0.083 rA=0.201 rB=0.199 a_out=0 u_out=0 mem=20.970911026000977
p3-caa c004 2/40 L=2.804 Lq=+0.0071 Le=-0.042 rA=0.204 rB=0.196 a_out=0 u_out=0 mem=20.970911026000977
p3-caa c004 3/40 L=2.552 Lq=-0.0115 Le=-0.148 rA=0.194 rB=0.206 a_out=1 u_out=1 mem=20.970911026000977
p3-caa c004 4/40 L=2.303 Lq=-0.0211 Le=-0.121 rA=0.189 rB=0.211 a_out=1 u_out=1 mem=20.970911026000977
p3-caa c004 5/40 L=2.256 Lq=-0.0249 Le=-0.166 rA=0.188 rB=0.212 a_out=2 u_out=2 mem=20.970911026000977
p3-caa c004 6/40 L=2.304 Lq=-0.0206 Le=-0.139 rA=0.190 rB=0.210 a_out=1 u_out=1 mem=20.970911026000977
p3-caa c004 7/40 L=2.474 Lq=-0.0174 Le=-0.148 rA=0.191 rB=0.209 a_out=1 u_out=1 mem=20.970911026000977
p3-caa c004 8/40 L=2.131 Lq=-0.0278 Le=-0.187 rA=0.186 rB=0.214 a_out=2 u_out=2 mem=20.970911026000977
p3-caa c004 9/40 L=2.524 Lq=-0.0190 Le=-0.132 rA=0.191 rB=0.209 a_out=1 u_out=1 mem=20.970911026000977
p3-caa c004 10/40 L=2.222 Lq=-0.0306 Le=-0.156 rA=0.185 rB=0.215 a_out=2 u_out=2 mem=20.970911026000977
p3-caa c004 11/40 L=2.266 Lq=-0.0267 Le=-0.185 rA=0.187 rB=0.213 a_out=2 u_out=2 mem=20.970911026000977
p3-caa c004 12/40 L=2.148 Lq=-0.0328 Le=-0.137 rA=0.184 rB=0.216 a_out=2 u_out=2 mem=20.970911026000977
p3-caa c004 13/40 L=2.361 Lq=-0.0249 Le=-0.166 rA=0.188 rB=0.212 a_out=2 u_out=2 mem=20.970911026000977
p3-caa c004 14/40 L=2.314 Lq=-0.0240 Le=-0.136 rA=0.188 rB=0.212 a_out=2 u_out=2 mem=20.970911026000977
p3-caa c004 15/40 L=2.013 Lq=-0.0368 Le=-0.195 rA=0.182 rB=0.218 a_out=2 u_out=2 mem=20.970911026000977
p3-caa c004 16/40 L=2.159 Lq=-0.0289 Le=-0.173 rA=0.186 rB=0.214 a_out=2 u_out=2 mem=20.970911026000977
p3-caa c004 17/40 L=2.069 Lq=-0.0420 Le=-0.240 rA=0.179 rB=0.221 a_out=3 u_out=3 mem=20.970911026000977
p3-caa c004 18/40 L=2.297 Lq=-0.0243 Le=-0.183 rA=0.188 rB=0.212 a_out=2 u_out=2 mem=20.970911026000977
p3-caa c004 19/40 L=2.150 Lq=-0.0258 Le=-0.157 rA=0.187 rB=0.213 a_out=2 u_out=2 mem=20.970911026000977
p3-caa c004 20/40 L=1.963 Lq=-0.0302 Le=-0.143 rA=0.185 rB=0.215 a_out=2 u_out=2 mem=20.970911026000977
p3-caa c004 21/40 L=2.050 Lq=-0.0321 Le=-0.160 rA=0.184 rB=0.216 a_out=2 u_out=2 mem=20.970911026000977
p3-caa c004 22/40 L=2.156 Lq=-0.0293 Le=-0.169 rA=0.185 rB=0.215 a_out=2 u_out=2 mem=20.970911026000977
p3-caa c004 23/40 L=1.922 Lq=-0.0395 Le=-0.168 rA=0.180 rB=0.220 a_out=3 u_out=3 mem=20.970911026000977
p3-caa c004 24/40 L=1.811 Lq=-0.0440 Le=-0.215 rA=0.178 rB=0.222 a_out=3 u_out=3 mem=20.970911026000977
p3-caa c004 25/40 L=1.760 Lq=-0.0485 Le=-0.238 rA=0.176 rB=0.224 a_out=3 u_out=3 mem=20.970911026000977
p3-caa c004 26/40 L=1.966 Lq=-0.0358 Le=-0.178 rA=0.182 rB=0.218 a_out=2 u_out=2 mem=20.970911026000977
p3-caa c004 27/40 L=2.128 Lq=-0.0288 Le=-0.164 rA=0.186 rB=0.214 a_out=2 u_out=2 mem=20.970911026000977
p3-caa c004 28/40 L=1.767 Lq=-0.0490 Le=-0.228 rA=0.176 rB=0.224 a_out=3 u_out=3 mem=20.970911026000977
p3-caa c004 29/40 L=1.855 Lq=-0.0466 Le=-0.199 rA=0.177 rB=0.223 a_out=3 u_out=3 mem=20.970911026000977
p3-caa c004 30/40 L=1.977 Lq=-0.0440 Le=-0.229 rA=0.178 rB=0.222 a_out=3 u_out=3 mem=20.970911026000977
p3-caa c004 31/40 L=1.904 Lq=-0.0488 Le=-0.244 rA=0.176 rB=0.224 a_out=3 u_out=3 mem=20.970911026000977
p3-caa c004 32/40 L=1.839 Lq=-0.0441 Le=-0.208 rA=0.178 rB=0.222 a_out=3 u_out=3 mem=20.970911026000977
p3-caa c004 33/40 L=1.623 Lq=-0.0516 Le=-0.197 rA=0.174 rB=0.226 a_out=3 u_out=3 mem=20.970911026000977
p3-caa c004 34/40 L=1.406 Lq=-0.0696 Le=-0.257 rA=0.165 rB=0.235 a_out=5 u_out=5 mem=20.970911026000977
p3-caa c004 35/40 L=1.864 Lq=-0.0460 Le=-0.194 rA=0.177 rB=0.223 a_out=3 u_out=3 mem=20.970911026000977
p3-caa c004 36/40 L=1.754 Lq=-0.0481 Le=-0.209 rA=0.176 rB=0.224 a_out=3 u_out=3 mem=20.970911026000977
p3-caa c004 37/40 L=1.791 Lq=-0.0500 Le=-0.217 rA=0.175 rB=0.225 a_out=3 u_out=3 mem=20.970911026000977
p3-caa c004 38/40 L=1.626 Lq=-0.0597 Le=-0.237 rA=0.170 rB=0.230 a_out=4 u_out=4 mem=20.970911026000977
p3-caa c004 39/40 L=1.476 Lq=-0.0673 Le=-0.257 rA=0.166 rB=0.234 a_out=4 u_out=4 mem=20.970911026000977
p3-caa c004 40/40 L=1.818 Lq=-0.0458 Le=-0.211 rA=0.177 rB=0.223 a_out=3 u_out=3 mem=20.970911026000977
== p3-caa attack c005 (4/32) ==
p3-caa c005 1/40 L=2.392 Lq=-0.0372 Le=-0.168 rA=0.181 rB=0.219 a_out=0 u_out=0 mem=20.970911026000977
p3-caa c005 2/40 L=2.337 Lq=-0.0389 Le=-0.172 rA=0.181 rB=0.219 a_out=0 u_out=0 mem=20.970911026000977
p3-caa c005 3/40 L=2.465 Lq=-0.0373 Le=-0.158 rA=0.181 rB=0.219 a_out=0 u_out=0 mem=20.970911026000977
p3-caa c005 4/40 L=2.566 Lq=-0.0334 Le=-0.176 rA=0.183 rB=0.217 a_out=0 u_out=0 mem=20.970911026000977
p3-caa c005 5/40 L=2.269 Lq=-0.0428 Le=-0.196 rA=0.179 rB=0.221 a_out=0 u_out=0 mem=20.970911026000977
p3-caa c005 6/40 L=2.145 Lq=-0.0484 Le=-0.175 rA=0.176 rB=0.224 a_out=1 u_out=1 mem=20.970911026000977
p3-caa c005 7/40 L=2.239 Lq=-0.0446 Le=-0.179 rA=0.178 rB=0.222 a_out=1 u_out=1 mem=20.970911026000977
p3-caa c005 8/40 L=2.279 Lq=-0.0411 Le=-0.124 rA=0.179 rB=0.221 a_out=0 u_out=0 mem=20.970911026000977
p3-caa c005 9/40 L=2.456 Lq=-0.0312 Le=-0.144 rA=0.184 rB=0.216 a_out=0 u_out=0 mem=20.970911026000977
p3-caa c005 10/40 L=2.164 Lq=-0.0447 Le=-0.191 rA=0.178 rB=0.222 a_out=1 u_out=1 mem=20.970911026000977
p3-caa c005 11/40 L=2.143 Lq=-0.0413 Le=-0.141 rA=0.179 rB=0.221 a_out=0 u_out=0 mem=20.970911026000977
p3-caa c005 12/40 L=2.053 Lq=-0.0451 Le=-0.173 rA=0.177 rB=0.223 a_out=1 u_out=1 mem=20.970911026000977
p3-caa c005 13/40 L=2.330 Lq=-0.0404 Le=-0.158 rA=0.180 rB=0.220 a_out=0 u_out=0 mem=20.970911026000977
p3-caa c005 14/40 L=2.080 Lq=-0.0469 Le=-0.157 rA=0.177 rB=0.223 a_out=1 u_out=1 mem=20.970911026000977
p3-caa c005 15/40 L=2.091 Lq=-0.0515 Le=-0.211 rA=0.174 rB=0.226 a_out=1 u_out=1 mem=20.970911026000977
p3-caa c005 16/40 L=2.055 Lq=-0.0708 Le=-0.282 rA=0.165 rB=0.235 a_out=2 u_out=2 mem=20.970911026000977
p3-caa c005 17/40 L=1.843 Lq=-0.0779 Le=-0.273 rA=0.161 rB=0.239 a_out=3 u_out=3 mem=20.970911026000977
p3-caa c005 18/40 L=2.111 Lq=-0.0630 Le=-0.260 rA=0.169 rB=0.231 a_out=2 u_out=2 mem=20.970911026000977
p3-caa c005 19/40 L=1.939 Lq=-0.0714 Le=-0.269 rA=0.164 rB=0.236 a_out=2 u_out=2 mem=20.970911026000977
p3-caa c005 20/40 L=1.977 Lq=-0.0786 Le=-0.291 rA=0.161 rB=0.239 a_out=3 u_out=3 mem=20.970911026000977
p3-caa c005 21/40 L=1.818 Lq=-0.0767 Le=-0.266 rA=0.162 rB=0.238 a_out=3 u_out=3 mem=20.970911026000977
p3-caa c005 22/40 L=1.947 Lq=-0.0653 Le=-0.249 rA=0.167 rB=0.233 a_out=2 u_out=2 mem=20.970911026000977
p3-caa c005 23/40 L=1.886 Lq=-0.0750 Le=-0.274 rA=0.163 rB=0.237 a_out=3 u_out=3 mem=20.970911026000977
p3-caa c005 24/40 L=2.064 Lq=-0.0497 Le=-0.230 rA=0.175 rB=0.225 a_out=1 u_out=1 mem=20.970911026000977
p3-caa c005 25/40 L=2.121 Lq=-0.0534 Le=-0.234 rA=0.173 rB=0.227 a_out=1 u_out=1 mem=20.970911026000977
p3-caa c005 26/40 L=1.950 Lq=-0.0592 Le=-0.239 rA=0.170 rB=0.230 a_out=2 u_out=2 mem=20.970911026000977
p3-caa c005 27/40 L=2.040 Lq=-0.0675 Le=-0.244 rA=0.166 rB=0.234 a_out=2 u_out=2 mem=20.970911026000977
p3-caa c005 28/40 L=1.941 Lq=-0.0654 Le=-0.260 rA=0.167 rB=0.233 a_out=2 u_out=2 mem=20.970911026000977
p3-caa c005 29/40 L=1.626 Lq=-0.0767 Le=-0.260 rA=0.162 rB=0.238 a_out=3 u_out=3 mem=20.970911026000977
p3-caa c005 30/40 L=1.819 Lq=-0.0714 Le=-0.248 rA=0.164 rB=0.236 a_out=2 u_out=2 mem=20.970911026000977
p3-caa c005 31/40 L=1.897 Lq=-0.0542 Le=-0.195 rA=0.173 rB=0.227 a_out=1 u_out=1 mem=20.970911026000977
p3-caa c005 32/40 L=1.696 Lq=-0.0684 Le=-0.220 rA=0.166 rB=0.234 a_out=2 u_out=2 mem=20.970911026000977
p3-caa c005 33/40 L=1.659 Lq=-0.0728 Le=-0.231 rA=0.164 rB=0.236 a_out=2 u_out=2 mem=20.970911026000977
p3-caa c005 34/40 L=1.749 Lq=-0.0740 Le=-0.251 rA=0.163 rB=0.237 a_out=2 u_out=2 mem=20.970911026000977
p3-caa c005 35/40 L=2.017 Lq=-0.0641 Le=-0.238 rA=0.168 rB=0.232 a_out=2 u_out=2 mem=20.970911026000977
p3-caa c005 36/40 L=1.899 Lq=-0.0660 Le=-0.213 rA=0.167 rB=0.233 a_out=2 u_out=2 mem=20.970911026000977
p3-caa c005 37/40 L=1.755 Lq=-0.0765 Le=-0.236 rA=0.162 rB=0.238 a_out=3 u_out=3 mem=20.970911026000977
p3-caa c005 38/40 L=1.645 Lq=-0.0786 Le=-0.245 rA=0.161 rB=0.239 a_out=3 u_out=3 mem=20.970911026000977
p3-caa c005 39/40 L=1.513 Lq=-0.0868 Le=-0.259 rA=0.157 rB=0.243 a_out=3 u_out=3 mem=20.970911026000977
p3-caa c005 40/40 L=1.588 Lq=-0.0845 Le=-0.261 rA=0.158 rB=0.242 a_out=3 u_out=3 mem=20.970911026000977
== p3-caa attack c006 (5/32) ==
p3-caa c006 1/40 L=3.192 Lq=-0.0163 Le=0.023 rA=0.192 rB=0.208 a_out=0 u_out=0 mem=20.970911026000977
p3-caa c006 2/40 L=3.080 Lq=-0.0223 Le=0.080 rA=0.189 rB=0.211 a_out=0 u_out=0 mem=20.970911026000977
p3-caa c006 3/40 L=3.015 Lq=-0.0189 Le=0.085 rA=0.191 rB=0.209 a_out=0 u_out=0 mem=20.970911026000977
p3-caa c006 4/40 L=3.002 Lq=-0.0193 Le=0.034 rA=0.190 rB=0.210 a_out=0 u_out=0 mem=20.970911026000977
p3-caa c006 5/40 L=2.981 Lq=-0.0286 Le=-0.034 rA=0.186 rB=0.214 a_out=1 u_out=1 mem=20.970911026000977
p3-caa c006 6/40 L=3.041 Lq=-0.0281 Le=0.003 rA=0.186 rB=0.214 a_out=1 u_out=1 mem=20.970911026000977
p3-caa c006 7/40 L=2.769 Lq=-0.0398 Le=-0.040 rA=0.180 rB=0.220 a_out=2 u_out=2 mem=20.970911026000977
p3-caa c006 8/40 L=2.672 Lq=-0.0431 Le=-0.020 rA=0.178 rB=0.222 a_out=2 u_out=2 mem=20.970911026000977
p3-caa c006 9/40 L=2.873 Lq=-0.0261 Le=0.048 rA=0.187 rB=0.213 a_out=1 u_out=1 mem=20.970911026000977
p3-caa c006 10/40 L=2.925 Lq=-0.0204 Le=0.056 rA=0.190 rB=0.210 a_out=0 u_out=0 mem=20.970911026000977
p3-caa c006 11/40 L=2.886 Lq=-0.0212 Le=0.065 rA=0.189 rB=0.211 a_out=0 u_out=0 mem=20.970911026000977
p3-caa c006 12/40 L=2.905 Lq=-0.0201 Le=0.056 rA=0.190 rB=0.210 a_out=0 u_out=0 mem=20.970911026000977
p3-caa c006 13/40 L=3.005 Lq=-0.0302 Le=-0.008 rA=0.185 rB=0.215 a_out=1 u_out=1 mem=20.970911026000977
p3-caa c006 14/40 L=3.030 Lq=-0.0189 Le=0.116 rA=0.191 rB=0.209 a_out=0 u_out=0 mem=20.970911026000977
p3-caa c006 15/40 L=2.838 Lq=-0.0340 Le=0.025 rA=0.183 rB=0.217 a_out=1 u_out=1 mem=20.970911026000977
p3-caa c006 16/40 L=2.985 Lq=-0.0214 Le=0.058 rA=0.189 rB=0.211 a_out=0 u_out=0 mem=20.970911026000977
p3-caa c006 17/40 L=2.943 Lq=-0.0330 Le=-0.047 rA=0.184 rB=0.216 a_out=1 u_out=1 mem=20.970911026000977
p3-caa c006 18/40 L=2.935 Lq=-0.0283 Le=-0.008 rA=0.186 rB=0.214 a_out=1 u_out=1 mem=20.970911026000977
p3-caa c006 19/40 L=3.147 Lq=-0.0134 Le=0.092 rA=0.193 rB=0.207 a_out=0 u_out=0 mem=20.970911026000977
p3-caa c006 20/40 L=2.917 Lq=-0.0280 Le=0.017 rA=0.186 rB=0.214 a_out=1 u_out=1 mem=20.970911026000977
p3-caa c006 21/40 L=2.997 Lq=-0.0299 Le=-0.080 rA=0.185 rB=0.215 a_out=1 u_out=1 mem=20.970911026000977
p3-caa c006 22/40 L=2.798 Lq=-0.0391 Le=-0.045 rA=0.180 rB=0.220 a_out=2 u_out=2 mem=20.970911026000977
p3-caa c006 23/40 L=2.797 Lq=-0.0300 Le=-0.013 rA=0.185 rB=0.215 a_out=1 u_out=1 mem=20.970911026000977
p3-caa c006 24/40 L=2.837 Lq=-0.0331 Le=0.033 rA=0.183 rB=0.217 a_out=1 u_out=1 mem=20.970911026000977
p3-caa c006 25/40 L=2.840 Lq=-0.0321 Le=0.006 rA=0.184 rB=0.216 a_out=1 u_out=1 mem=20.970911026000977
p3-caa c006 26/40 L=2.702 Lq=-0.0442 Le=-0.017 rA=0.178 rB=0.222 a_out=2 u_out=2 mem=20.970911026000977
p3-caa c006 27/40 L=2.714 Lq=-0.0384 Le=-0.015 rA=0.181 rB=0.219 a_out=1 u_out=1 mem=20.970911026000977
p3-caa c006 28/40 L=2.749 Lq=-0.0314 Le=0.036 rA=0.184 rB=0.216 a_out=1 u_out=1 mem=20.970911026000977
p3-caa c006 29/40 L=2.755 Lq=-0.0362 Le=-0.025 rA=0.182 rB=0.218 a_out=1 u_out=1 mem=20.970911026000977
p3-caa c006 30/40 L=2.767 Lq=-0.0360 Le=0.050 rA=0.182 rB=0.218 a_out=1 u_out=1 mem=20.970911026000977
p3-caa c006 31/40 L=3.015 Lq=-0.0169 Le=0.109 rA=0.192 rB=0.208 a_out=0 u_out=0 mem=20.970911026000977
p3-caa c006 32/40 L=2.999 Lq=-0.0056 Le=0.224 rA=0.197 rB=0.203 a_out=0 u_out=0 mem=20.970911026000977
p3-caa c006 33/40 L=3.032 Lq=-0.0130 Le=0.152 rA=0.194 rB=0.206 a_out=0 u_out=0 mem=20.970911026000977
p3-caa c006 34/40 L=2.781 Lq=-0.0264 Le=0.072 rA=0.187 rB=0.213 a_out=1 u_out=1 mem=20.970911026000977
p3-caa c006 35/40 L=2.883 Lq=-0.0164 Le=0.108 rA=0.192 rB=0.208 a_out=0 u_out=0 mem=20.970911026000977
p3-caa c006 36/40 L=2.976 Lq=-0.0160 Le=0.105 rA=0.192 rB=0.208 a_out=0 u_out=0 mem=20.970911026000977
p3-caa c006 37/40 L=3.036 Lq=-0.0023 Le=0.204 rA=0.199 rB=0.201 a_out=0 u_out=0 mem=20.970911026000977
p3-caa c006 38/40 L=2.943 Lq=-0.0167 Le=0.173 rA=0.192 rB=0.208 a_out=0 u_out=0 mem=20.970911026000977
p3-caa c006 39/40 L=2.871 Lq=-0.0146 Le=0.124 rA=0.193 rB=0.207 a_out=0 u_out=0 mem=20.970911026000977
p3-caa c006 40/40 L=3.001 Lq=-0.0110 Le=0.132 rA=0.194 rB=0.206 a_out=0 u_out=0 mem=20.970911026000977
== p3-caa attack c007 (6/32) ==
p3-caa c007 1/40 L=3.355 Lq=-0.0120 Le=-0.096 rA=0.194 rB=0.206 a_out=0 u_out=0 mem=20.970911026000977
p3-caa c007 2/40 L=2.956 Lq=-0.0306 Le=-0.145 rA=0.185 rB=0.215 a_out=1 u_out=1 mem=20.970911026000977
p3-caa c007 3/40 L=2.709 Lq=-0.0339 Le=-0.132 rA=0.183 rB=0.217 a_out=1 u_out=1 mem=20.970911026000977
p3-caa c007 4/40 L=2.776 Lq=-0.0369 Le=-0.130 rA=0.182 rB=0.218 a_out=1 u_out=1 mem=20.970911026000977
p3-caa c007 5/40 L=3.111 Lq=-0.0234 Le=-0.154 rA=0.188 rB=0.212 a_out=0 u_out=0 mem=20.970911026000977
p3-caa c007 6/40 L=2.810 Lq=-0.0364 Le=-0.155 rA=0.182 rB=0.218 a_out=1 u_out=1 mem=20.970911026000977
p3-caa c007 7/40 L=2.843 Lq=-0.0328 Le=-0.128 rA=0.184 rB=0.216 a_out=1 u_out=1 mem=20.970911026000977
p3-caa c007 8/40 L=2.904 Lq=-0.0343 Le=-0.159 rA=0.183 rB=0.217 a_out=1 u_out=1 mem=20.970911026000977
p3-caa c007 9/40 L=2.731 Lq=-0.0360 Le=-0.139 rA=0.182 rB=0.218 a_out=1 u_out=1 mem=20.970911026000977
p3-caa c007 10/40 L=2.285 Lq=-0.0591 Le=-0.209 rA=0.170 rB=0.230 a_out=3 u_out=3 mem=20.970911026000977
p3-caa c007 11/40 L=2.111 Lq=-0.0625 Le=-0.216 rA=0.169 rB=0.231 a_out=3 u_out=3 mem=20.970911026000977
p3-caa c007 12/40 L=2.399 Lq=-0.0517 Le=-0.197 rA=0.174 rB=0.226 a_out=2 u_out=2 mem=20.970911026000977
p3-caa c007 13/40 L=2.266 Lq=-0.0576 Le=-0.215 rA=0.171 rB=0.229 a_out=2 u_out=2 mem=20.970911026000977
p3-caa c007 14/40 L=2.228 Lq=-0.0621 Le=-0.211 rA=0.169 rB=0.231 a_out=3 u_out=3 mem=20.970911026000977
p3-caa c007 15/40 L=2.092 Lq=-0.0645 Le=-0.214 rA=0.168 rB=0.232 a_out=3 u_out=3 mem=20.970911026000977
p3-caa c007 16/40 L=2.052 Lq=-0.0651 Le=-0.224 rA=0.167 rB=0.233 a_out=3 u_out=3 mem=20.970911026000977
p3-caa c007 17/40 L=1.895 Lq=-0.0786 Le=-0.243 rA=0.161 rB=0.239 a_out=4 u_out=4 mem=20.970911026000977
p3-caa c007 18/40 L=2.023 Lq=-0.0714 Le=-0.228 rA=0.164 rB=0.236 a_out=3 u_out=3 mem=20.970911026000977
p3-caa c007 19/40 L=2.004 Lq=-0.0741 Le=-0.238 rA=0.163 rB=0.237 a_out=3 u_out=3 mem=20.970911026000977
p3-caa c007 20/40 L=1.968 Lq=-0.0689 Le=-0.217 rA=0.166 rB=0.234 a_out=3 u_out=3 mem=20.970911026000977
p3-caa c007 21/40 L=1.910 Lq=-0.0716 Le=-0.219 rA=0.164 rB=0.236 a_out=3 u_out=3 mem=20.970911026000977
p3-caa c007 22/40 L=1.977 Lq=-0.0747 Le=-0.231 rA=0.163 rB=0.237 a_out=4 u_out=4 mem=20.970911026000977
p3-caa c007 23/40 L=1.796 Lq=-0.0839 Le=-0.248 rA=0.158 rB=0.242 a_out=4 u_out=4 mem=20.970911026000977
p3-caa c007 24/40 L=1.731 Lq=-0.0830 Le=-0.241 rA=0.158 rB=0.242 a_out=4 u_out=4 mem=20.970911026000977
p3-caa c007 25/40 L=1.742 Lq=-0.0806 Le=-0.213 rA=0.160 rB=0.240 a_out=4 u_out=4 mem=20.970911026000977
p3-caa c007 26/40 L=1.640 Lq=-0.0851 Le=-0.243 rA=0.157 rB=0.243 a_out=4 u_out=4 mem=20.970911026000977
p3-caa c007 27/40 L=1.593 Lq=-0.0834 Le=-0.234 rA=0.158 rB=0.242 a_out=4 u_out=4 mem=20.970911026000977
p3-caa c007 28/40 L=1.657 Lq=-0.0829 Le=-0.218 rA=0.159 rB=0.241 a_out=4 u_out=4 mem=20.970911026000977
p3-caa c007 29/40 L=1.769 Lq=-0.0811 Le=-0.244 rA=0.159 rB=0.241 a_out=4 u_out=4 mem=20.970911026000977
p3-caa c007 30/40 L=1.634 Lq=-0.0881 Le=-0.265 rA=0.156 rB=0.244 a_out=4 u_out=4 mem=20.970911026000977
p3-caa c007 31/40 L=1.673 Lq=-0.0882 Le=-0.257 rA=0.156 rB=0.244 a_out=4 u_out=4 mem=20.970911026000977
p3-caa c007 32/40 L=1.619 Lq=-0.0939 Le=-0.264 rA=0.153 rB=0.247 a_out=5 u_out=5 mem=20.970911026000977
p3-caa c007 33/40 L=1.765 Lq=-0.0870 Le=-0.257 rA=0.157 rB=0.243 a_out=4 u_out=4 mem=20.970911026000977
p3-caa c007 34/40 L=1.549 Lq=-0.0913 Le=-0.250 rA=0.154 rB=0.246 a_out=5 u_out=5 mem=20.970911026000977
p3-caa c007 35/40 L=1.455 Lq=-0.0930 Le=-0.247 rA=0.154 rB=0.246 a_out=5 u_out=5 mem=20.970911026000977
p3-caa c007 36/40 L=1.572 Lq=-0.0925 Le=-0.260 rA=0.154 rB=0.246 a_out=5 u_out=5 mem=20.970911026000977
p3-caa c007 37/40 L=1.418 Lq=-0.0971 Le=-0.252 rA=0.151 rB=0.249 a_out=5 u_out=5 mem=20.970911026000977
p3-caa c007 38/40 L=1.435 Lq=-0.0974 Le=-0.257 rA=0.151 rB=0.249 a_out=5 u_out=5 mem=20.970911026000977
p3-caa c007 39/40 L=1.497 Lq=-0.0945 Le=-0.257 rA=0.153 rB=0.247 a_out=5 u_out=5 mem=20.970911026000977
p3-caa c007 40/40 L=1.505 Lq=-0.0972 Le=-0.267 rA=0.151 rB=0.249 a_out=5 u_out=5 mem=20.970911026000977
== p3-caa attack c008 (7/32) ==
p3-caa c008 1/40 L=1.896 Lq=-0.1012 Le=-0.283 rA=0.149 rB=0.251 a_out=0 u_out=0 mem=20.970911026000977
p3-caa c008 2/40 L=1.441 Lq=-0.1197 Le=-0.307 rA=0.140 rB=0.260 a_out=1 u_out=1 mem=20.970911026000977
p3-caa c008 3/40 L=1.462 Lq=-0.1183 Le=-0.309 rA=0.141 rB=0.259 a_out=1 u_out=1 mem=20.970911026000977
p3-caa c008 4/40 L=1.416 Lq=-0.1189 Le=-0.299 rA=0.141 rB=0.259 a_out=1 u_out=1 mem=20.970911026000977
p3-caa c008 5/40 L=1.496 Lq=-0.1187 Le=-0.305 rA=0.141 rB=0.259 a_out=1 u_out=1 mem=20.970911026000977
p3-caa c008 6/40 L=1.721 Lq=-0.1007 Le=-0.271 rA=0.150 rB=0.250 a_out=0 u_out=0 mem=20.970911026000977
p3-caa c008 7/40 L=1.702 Lq=-0.1073 Le=-0.274 rA=0.146 rB=0.254 a_out=1 u_out=1 mem=20.970911026000977
p3-caa c008 8/40 L=1.998 Lq=-0.0851 Le=-0.246 rA=0.157 rB=0.243 a_out=0 u_out=0 mem=20.970911026000977
p3-caa c008 9/40 L=1.758 Lq=-0.0963 Le=-0.267 rA=0.152 rB=0.248 a_out=0 u_out=0 mem=20.970911026000977
p3-caa c008 10/40 L=1.843 Lq=-0.0970 Le=-0.277 rA=0.151 rB=0.249 a_out=0 u_out=0 mem=20.970911026000977
p3-caa c008 11/40 L=1.763 Lq=-0.0951 Le=-0.256 rA=0.152 rB=0.248 a_out=0 u_out=0 mem=20.970911026000977
p3-caa c008 12/40 L=1.496 Lq=-0.1133 Le=-0.295 rA=0.143 rB=0.257 a_out=1 u_out=1 mem=20.970911026000977
p3-caa c008 13/40 L=1.557 Lq=-0.1126 Le=-0.293 rA=0.144 rB=0.256 a_out=1 u_out=1 mem=20.970911026000977
p3-caa c008 14/40 L=1.603 Lq=-0.1103 Le=-0.279 rA=0.145 rB=0.255 a_out=1 u_out=1 mem=20.970911026000977
p3-caa c008 15/40 L=1.471 Lq=-0.1177 Le=-0.299 rA=0.141 rB=0.259 a_out=1 u_out=1 mem=20.970911026000977
p3-caa c008 16/40 L=1.429 Lq=-0.1162 Le=-0.295 rA=0.142 rB=0.258 a_out=1 u_out=1 mem=20.970911026000977
p3-caa c008 17/40 L=1.240 Lq=-0.1287 Le=-0.316 rA=0.136 rB=0.264 a_out=2 u_out=2 mem=20.970911026000977
p3-caa c008 18/40 L=1.409 Lq=-0.1203 Le=-0.304 rA=0.140 rB=0.260 a_out=1 u_out=1 mem=20.970911026000977
p3-caa c008 19/40 L=1.444 Lq=-0.1187 Le=-0.300 rA=0.141 rB=0.259 a_out=1 u_out=1 mem=20.970911026000977
p3-caa c008 20/40 L=1.613 Lq=-0.1102 Le=-0.288 rA=0.145 rB=0.255 a_out=1 u_out=1 mem=20.970911026000977
p3-caa c008 21/40 L=1.603 Lq=-0.1176 Le=-0.316 rA=0.141 rB=0.259 a_out=1 u_out=1 mem=20.970911026000977
p3-caa c008 22/40 L=1.604 Lq=-0.1187 Le=-0.307 rA=0.141 rB=0.259 a_out=1 u_out=1 mem=20.970911026000977
p3-caa c008 23/40 L=1.508 Lq=-0.1192 Le=-0.310 rA=0.140 rB=0.260 a_out=1 u_out=1 mem=20.970911026000977
p3-caa c008 24/40 L=1.671 Lq=-0.1135 Le=-0.303 rA=0.143 rB=0.257 a_out=1 u_out=1 mem=20.970911026000977
p3-caa c008 25/40 L=1.472 Lq=-0.1169 Le=-0.294 rA=0.142 rB=0.258 a_out=1 u_out=1 mem=20.970911026000977
p3-caa c008 26/40 L=1.422 Lq=-0.1221 Le=-0.302 rA=0.139 rB=0.261 a_out=1 u_out=1 mem=20.970911026000977
p3-caa c008 27/40 L=1.349 Lq=-0.1189 Le=-0.286 rA=0.141 rB=0.259 a_out=1 u_out=1 mem=20.970911026000977
p3-caa c008 28/40 L=1.292 Lq=-0.1202 Le=-0.292 rA=0.140 rB=0.260 a_out=1 u_out=1 mem=20.970911026000977
p3-caa c008 29/40 L=1.365 Lq=-0.1237 Le=-0.312 rA=0.138 rB=0.262 a_out=2 u_out=2 mem=20.970911026000977
p3-caa c008 30/40 L=1.221 Lq=-0.1292 Le=-0.305 rA=0.135 rB=0.265 a_out=2 u_out=2 mem=20.970911026000977
p3-caa c008 31/40 L=1.325 Lq=-0.1224 Le=-0.301 rA=0.139 rB=0.261 a_out=2 u_out=2 mem=20.970911026000977
p3-caa c008 32/40 L=1.317 Lq=-0.1241 Le=-0.308 rA=0.138 rB=0.262 a_out=2 u_out=2 mem=20.970911026000977
p3-caa c008 33/40 L=1.706 Lq=-0.0952 Le=-0.239 rA=0.152 rB=0.248 a_out=0 u_out=0 mem=20.970911026000977
p3-caa c008 34/40 L=1.283 Lq=-0.1246 Le=-0.303 rA=0.138 rB=0.262 a_out=2 u_out=2 mem=20.970911026000977
p3-caa c008 35/40 L=1.299 Lq=-0.1246 Le=-0.302 rA=0.138 rB=0.262 a_out=2 u_out=2 mem=20.970911026000977
p3-caa c008 36/40 L=1.300 Lq=-0.1272 Le=-0.310 rA=0.136 rB=0.264 a_out=2 u_out=2 mem=20.970911026000977
p3-caa c008 37/40 L=1.511 Lq=-0.1175 Le=-0.297 rA=0.141 rB=0.259 a_out=1 u_out=1 mem=20.970911026000977
p3-caa c008 38/40 L=1.463 Lq=-0.1158 Le=-0.296 rA=0.142 rB=0.258 a_out=1 u_out=1 mem=20.970911026000977
p3-caa c008 39/40 L=1.527 Lq=-0.1149 Le=-0.296 rA=0.143 rB=0.257 a_out=1 u_out=1 mem=20.970911026000977
p3-caa c008 40/40 L=1.171 Lq=-0.1377 Le=-0.333 rA=0.131 rB=0.269 a_out=2 u_out=2 mem=20.970911026000977
== p3-caa attack c009 (8/32) ==
p3-caa c009 1/40 L=3.092 Lq=-0.0147 Le=-0.136 rA=0.193 rB=0.207 a_out=0 u_out=0 mem=20.970911026000977
p3-caa c009 2/40 L=3.145 Lq=-0.0048 Le=-0.078 rA=0.198 rB=0.202 a_out=0 u_out=0 mem=20.970911026000977
p3-caa c009 3/40 L=2.975 Lq=-0.0107 Le=-0.085 rA=0.195 rB=0.205 a_out=0 u_out=0 mem=20.970911026000977
p3-caa c009 4/40 L=2.759 Lq=-0.0238 Le=-0.112 rA=0.188 rB=0.212 a_out=1 u_out=1 mem=20.970911026000977
p3-caa c009 5/40 L=2.783 Lq=-0.0246 Le=-0.130 rA=0.188 rB=0.212 a_out=1 u_out=1 mem=20.970911026000977
p3-caa c009 6/40 L=2.768 Lq=-0.0296 Le=-0.141 rA=0.185 rB=0.215 a_out=1 u_out=1 mem=20.970911026000977
p3-caa c009 7/40 L=2.579 Lq=-0.0380 Le=-0.167 rA=0.181 rB=0.219 a_out=1 u_out=1 mem=20.970911026000977
p3-caa c009 8/40 L=2.536 Lq=-0.0406 Le=-0.162 rA=0.180 rB=0.220 a_out=2 u_out=2 mem=20.970911026000977
p3-caa c009 9/40 L=2.564 Lq=-0.0423 Le=-0.181 rA=0.179 rB=0.221 a_out=2 u_out=2 mem=20.970911026000977
p3-caa c009 10/40 L=2.326 Lq=-0.0448 Le=-0.163 rA=0.178 rB=0.222 a_out=2 u_out=2 mem=20.970911026000977
p3-caa c009 11/40 L=2.278 Lq=-0.0503 Le=-0.207 rA=0.175 rB=0.225 a_out=2 u_out=2 mem=20.970911026000977
p3-caa c009 12/40 L=2.042 Lq=-0.0579 Le=-0.200 rA=0.171 rB=0.229 a_out=3 u_out=3 mem=20.970911026000977
p3-caa c009 13/40 L=1.859 Lq=-0.0635 Le=-0.195 rA=0.168 rB=0.232 a_out=3 u_out=3 mem=20.970911026000977
p3-caa c009 14/40 L=2.232 Lq=-0.0485 Le=-0.181 rA=0.176 rB=0.224 a_out=2 u_out=2 mem=20.970911026000977
p3-caa c009 15/40 L=2.294 Lq=-0.0567 Le=-0.215 rA=0.172 rB=0.228 a_out=3 u_out=3 mem=20.970911026000977
p3-caa c009 16/40 L=2.305 Lq=-0.0547 Le=-0.204 rA=0.173 rB=0.227 a_out=3 u_out=3 mem=20.970911026000977
p3-caa c009 17/40 L=2.266 Lq=-0.0516 Le=-0.182 rA=0.174 rB=0.226 a_out=2 u_out=2 mem=20.970911026000977
p3-caa c009 18/40 L=2.086 Lq=-0.0573 Le=-0.196 rA=0.171 rB=0.229 a_out=3 u_out=3 mem=20.970911026000977
p3-caa c009 19/40 L=1.980 Lq=-0.0630 Le=-0.212 rA=0.168 rB=0.232 a_out=3 u_out=3 mem=20.970911026000977
p3-caa c009 20/40 L=1.902 Lq=-0.0645 Le=-0.213 rA=0.168 rB=0.232 a_out=3 u_out=3 mem=20.970911026000977
p3-caa c009 21/40 L=1.821 Lq=-0.0698 Le=-0.228 rA=0.165 rB=0.235 a_out=4 u_out=4 mem=20.970911026000977
p3-caa c009 22/40 L=1.706 Lq=-0.0738 Le=-0.229 rA=0.163 rB=0.237 a_out=4 u_out=4 mem=20.970911026000977
p3-caa c009 23/40 L=1.543 Lq=-0.0795 Le=-0.217 rA=0.160 rB=0.240 a_out=4 u_out=4 mem=20.970911026000977
p3-caa c009 24/40 L=1.702 Lq=-0.0734 Le=-0.201 rA=0.163 rB=0.237 a_out=4 u_out=4 mem=20.970911026000977
p3-caa c009 25/40 L=1.773 Lq=-0.0758 Le=-0.221 rA=0.162 rB=0.238 a_out=4 u_out=4 mem=20.970911026000977
p3-caa c009 26/40 L=1.739 Lq=-0.0756 Le=-0.241 rA=0.162 rB=0.238 a_out=4 u_out=4 mem=20.970911026000977
p3-caa c009 27/40 L=1.747 Lq=-0.0740 Le=-0.226 rA=0.163 rB=0.237 a_out=4 u_out=4 mem=20.970911026000977
p3-caa c009 28/40 L=1.820 Lq=-0.0751 Le=-0.207 rA=0.162 rB=0.238 a_out=4 u_out=4 mem=20.970911026000977
p3-caa c009 29/40 L=1.583 Lq=-0.0794 Le=-0.223 rA=0.160 rB=0.240 a_out=4 u_out=4 mem=20.970911026000977
p3-caa c009 30/40 L=1.575 Lq=-0.0883 Le=-0.243 rA=0.156 rB=0.244 a_out=5 u_out=5 mem=20.970911026000977
p3-caa c009 31/40 L=1.678 Lq=-0.0755 Le=-0.181 rA=0.162 rB=0.238 a_out=4 u_out=4 mem=20.970911026000977
p3-caa c009 32/40 L=1.773 Lq=-0.0676 Le=-0.172 rA=0.166 rB=0.234 a_out=3 u_out=3 mem=20.970911026000977
p3-caa c009 33/40 L=1.643 Lq=-0.0804 Le=-0.214 rA=0.160 rB=0.240 a_out=4 u_out=4 mem=20.970911026000977
p3-caa c009 34/40 L=1.539 Lq=-0.0840 Le=-0.231 rA=0.158 rB=0.242 a_out=4 u_out=4 mem=20.970911026000977
p3-caa c009 35/40 L=1.417 Lq=-0.0933 Le=-0.244 rA=0.153 rB=0.247 a_out=5 u_out=5 mem=20.970911026000977
p3-caa c009 36/40 L=1.313 Lq=-0.0933 Le=-0.218 rA=0.153 rB=0.247 a_out=5 u_out=5 mem=20.970911026000977
p3-caa c009 37/40 L=1.265 Lq=-0.0955 Le=-0.249 rA=0.152 rB=0.248 a_out=5 u_out=5 mem=20.970911026000977
p3-caa c009 38/40 L=1.320 Lq=-0.1027 Le=-0.286 rA=0.149 rB=0.251 a_out=6 u_out=6 mem=20.970911026000977
p3-caa c009 39/40 L=1.472 Lq=-0.0922 Le=-0.261 rA=0.154 rB=0.246 a_out=5 u_out=5 mem=20.970911026000977
p3-caa c009 40/40 L=1.281 Lq=-0.1002 Le=-0.268 rA=0.150 rB=0.250 a_out=6 u_out=6 mem=20.970911026000977
== p3-caa attack c011 (9/32) ==
p3-caa c011 1/40 L=2.524 Lq=-0.0304 Le=-0.215 rA=0.185 rB=0.215 a_out=0 u_out=0 mem=20.970911026000977
p3-caa c011 2/40 L=2.515 Lq=-0.0244 Le=-0.188 rA=0.188 rB=0.212 a_out=0 u_out=0 mem=20.970911026000977
p3-caa c011 3/40 L=2.562 Lq=-0.0250 Le=-0.190 rA=0.188 rB=0.212 a_out=0 u_out=0 mem=20.970911026000977
p3-caa c011 4/40 L=2.533 Lq=-0.0421 Le=-0.242 rA=0.179 rB=0.221 a_out=1 u_out=1 mem=20.970911026000977
p3-caa c011 5/40 L=2.187 Lq=-0.0516 Le=-0.261 rA=0.174 rB=0.226 a_out=2 u_out=2 mem=20.970911026000977
p3-caa c011 6/40 L=2.209 Lq=-0.0475 Le=-0.248 rA=0.176 rB=0.224 a_out=2 u_out=2 mem=20.970911026000977
p3-caa c011 7/40 L=2.111 Lq=-0.0513 Le=-0.261 rA=0.174 rB=0.226 a_out=2 u_out=2 mem=20.970911026000977
p3-caa c011 8/40 L=2.335 Lq=-0.0493 Le=-0.260 rA=0.175 rB=0.225 a_out=2 u_out=2 mem=20.970911026000977
p3-caa c011 9/40 L=2.332 Lq=-0.0497 Le=-0.258 rA=0.175 rB=0.225 a_out=2 u_out=2 mem=20.970911026000977
p3-caa c011 10/40 L=2.181 Lq=-0.0502 Le=-0.254 rA=0.175 rB=0.225 a_out=2 u_out=2 mem=20.970911026000977
p3-caa c011 11/40 L=2.153 Lq=-0.0492 Le=-0.242 rA=0.175 rB=0.225 a_out=2 u_out=2 mem=20.970911026000977
p3-caa c011 12/40 L=2.332 Lq=-0.0476 Le=-0.254 rA=0.176 rB=0.224 a_out=2 u_out=2 mem=20.970911026000977
p3-caa c011 13/40 L=2.235 Lq=-0.0528 Le=-0.249 rA=0.174 rB=0.226 a_out=2 u_out=2 mem=20.970911026000977
p3-caa c011 14/40 L=2.201 Lq=-0.0514 Le=-0.254 rA=0.174 rB=0.226 a_out=2 u_out=2 mem=20.970911026000977
p3-caa c011 15/40 L=2.335 Lq=-0.0483 Le=-0.256 rA=0.176 rB=0.224 a_out=2 u_out=2 mem=20.970911026000977
p3-caa c011 16/40 L=2.501 Lq=-0.0409 Le=-0.243 rA=0.180 rB=0.220 a_out=1 u_out=1 mem=20.970911026000977
p3-caa c011 17/40 L=2.280 Lq=-0.0552 Le=-0.260 rA=0.172 rB=0.228 a_out=2 u_out=2 mem=20.970911026000977
p3-caa c011 18/40 L=2.154 Lq=-0.0594 Le=-0.277 rA=0.170 rB=0.230 a_out=2 u_out=2 mem=20.970911026000977
p3-caa c011 19/40 L=2.186 Lq=-0.0637 Le=-0.280 rA=0.168 rB=0.232 a_out=3 u_out=3 mem=20.970911026000977
p3-caa c011 20/40 L=2.162 Lq=-0.0515 Le=-0.262 rA=0.174 rB=0.226 a_out=2 u_out=2 mem=20.970911026000977
p3-caa c011 21/40 L=2.160 Lq=-0.0595 Le=-0.265 rA=0.170 rB=0.230 a_out=2 u_out=2 mem=20.970911026000977
p3-caa c011 22/40 L=2.116 Lq=-0.0624 Le=-0.295 rA=0.169 rB=0.231 a_out=3 u_out=3 mem=20.970911026000977
p3-caa c011 23/40 L=1.698 Lq=-0.0789 Le=-0.295 rA=0.161 rB=0.239 a_out=4 u_out=4 mem=20.970911026000977
p3-caa c011 24/40 L=1.857 Lq=-0.0719 Le=-0.292 rA=0.164 rB=0.236 a_out=3 u_out=3 mem=20.970911026000977
p3-caa c011 25/40 L=1.704 Lq=-0.0809 Le=-0.305 rA=0.160 rB=0.240 a_out=4 u_out=4 mem=20.970911026000977
p3-caa c011 26/40 L=1.688 Lq=-0.0748 Le=-0.283 rA=0.163 rB=0.237 a_out=4 u_out=4 mem=20.970911026000977
p3-caa c011 27/40 L=1.565 Lq=-0.0807 Le=-0.297 rA=0.160 rB=0.240 a_out=4 u_out=4 mem=20.970911026000977
p3-caa c011 28/40 L=1.586 Lq=-0.0793 Le=-0.293 rA=0.160 rB=0.240 a_out=4 u_out=4 mem=20.970911026000977
p3-caa c011 29/40 L=1.672 Lq=-0.0734 Le=-0.283 rA=0.163 rB=0.237 a_out=3 u_out=3 mem=20.970911026000977
p3-caa c011 30/40 L=1.641 Lq=-0.0747 Le=-0.282 rA=0.163 rB=0.237 a_out=4 u_out=4 mem=20.970911026000977
p3-caa c011 31/40 L=1.642 Lq=-0.0777 Le=-0.293 rA=0.161 rB=0.239 a_out=4 u_out=4 mem=20.970911026000977
p3-caa c011 32/40 L=1.876 Lq=-0.0665 Le=-0.277 rA=0.167 rB=0.233 a_out=3 u_out=3 mem=20.970911026000977
p3-caa c011 33/40 L=1.864 Lq=-0.0645 Le=-0.276 rA=0.168 rB=0.232 a_out=3 u_out=3 mem=20.970911026000977
p3-caa c011 34/40 L=1.831 Lq=-0.0654 Le=-0.267 rA=0.167 rB=0.233 a_out=3 u_out=3 mem=20.970911026000977
p3-caa c011 35/40 L=1.753 Lq=-0.0717 Le=-0.282 rA=0.164 rB=0.236 a_out=3 u_out=3 mem=20.970911026000977
p3-caa c011 36/40 L=1.785 Lq=-0.0690 Le=-0.284 rA=0.165 rB=0.235 a_out=3 u_out=3 mem=20.970911026000977
p3-caa c011 37/40 L=1.644 Lq=-0.0785 Le=-0.295 rA=0.161 rB=0.239 a_out=4 u_out=4 mem=20.970911026000977
p3-caa c011 38/40 L=1.679 Lq=-0.0775 Le=-0.301 rA=0.161 rB=0.239 a_out=4 u_out=4 mem=20.970911026000977
p3-caa c011 39/40 L=1.793 Lq=-0.0722 Le=-0.290 rA=0.164 rB=0.236 a_out=3 u_out=3 mem=20.970911026000977
p3-caa c011 40/40 L=1.776 Lq=-0.0741 Le=-0.293 rA=0.163 rB=0.237 a_out=4 u_out=4 mem=20.970911026000977
== p3-caa attack c012 (10/32) ==
p3-caa c012 1/40 L=3.289 Lq=-0.0037 Le=-0.015 rA=0.198 rB=0.202 a_out=0 u_out=0 mem=20.970911026000977
p3-caa c012 2/40 L=3.479 Lq=+0.0180 Le=0.120 rA=0.209 rB=0.191 a_out=0 u_out=0 mem=20.970911026000977
p3-caa c012 3/40 L=3.119 Lq=-0.0143 Le=-0.039 rA=0.193 rB=0.207 a_out=1 u_out=1 mem=20.970911026000977
p3-caa c012 4/40 L=3.112 Lq=-0.0172 Le=-0.041 rA=0.191 rB=0.209 a_out=1 u_out=1 mem=20.970911026000977
p3-caa c012 5/40 L=3.039 Lq=-0.0156 Le=-0.035 rA=0.192 rB=0.208 a_out=1 u_out=1 mem=20.970911026000977
p3-caa c012 6/40 L=3.075 Lq=-0.0138 Le=-0.060 rA=0.193 rB=0.207 a_out=1 u_out=1 mem=20.970911026000977
p3-caa c012 7/40 L=2.921 Lq=-0.0092 Le=0.021 rA=0.195 rB=0.205 a_out=1 u_out=1 mem=20.970911026000977
p3-caa c012 8/40 L=3.084 Lq=-0.0154 Le=-0.053 rA=0.192 rB=0.208 a_out=1 u_out=1 mem=20.970911026000977
p3-caa c012 9/40 L=3.012 Lq=-0.0168 Le=-0.039 rA=0.192 rB=0.208 a_out=1 u_out=1 mem=20.970911026000977
p3-caa c012 10/40 L=3.442 Lq=-0.0056 Le=-0.069 rA=0.197 rB=0.203 a_out=0 u_out=0 mem=20.970911026000977
p3-caa c012 11/40 L=3.101 Lq=-0.0115 Le=-0.058 rA=0.194 rB=0.206 a_out=1 u_out=1 mem=20.970911026000977
p3-caa c012 12/40 L=3.288 Lq=-0.0106 Le=-0.072 rA=0.195 rB=0.205 a_out=1 u_out=1 mem=20.970911026000977
p3-caa c012 13/40 L=3.145 Lq=-0.0062 Le=-0.063 rA=0.197 rB=0.203 a_out=0 u_out=0 mem=20.970911026000977
p3-caa c012 14/40 L=3.117 Lq=-0.0063 Le=-0.059 rA=0.197 rB=0.203 a_out=0 u_out=0 mem=20.970911026000977
p3-caa c012 15/40 L=3.111 Lq=-0.0110 Le=-0.081 rA=0.194 rB=0.206 a_out=1 u_out=1 mem=20.970911026000977
p3-caa c012 16/40 L=2.917 Lq=-0.0185 Le=-0.102 rA=0.191 rB=0.209 a_out=1 u_out=1 mem=20.970911026000977
p3-caa c012 17/40 L=3.180 Lq=-0.0067 Le=-0.073 rA=0.197 rB=0.203 a_out=0 u_out=0 mem=20.970911026000977
p3-caa c012 18/40 L=3.045 Lq=-0.0017 Le=-0.059 rA=0.199 rB=0.201 a_out=0 u_out=0 mem=20.970911026000977
p3-caa c012 19/40 L=3.064 Lq=-0.0098 Le=-0.045 rA=0.195 rB=0.205 a_out=1 u_out=1 mem=20.970911026000977
p3-caa c012 20/40 L=3.061 Lq=-0.0101 Le=-0.082 rA=0.195 rB=0.205 a_out=1 u_out=1 mem=20.970911026000977
p3-caa c012 21/40 L=2.944 Lq=-0.0079 Le=-0.048 rA=0.196 rB=0.204 a_out=1 u_out=1 mem=20.970911026000977
p3-caa c012 22/40 L=3.128 Lq=-0.0070 Le=-0.081 rA=0.196 rB=0.204 a_out=0 u_out=0 mem=20.970911026000977
p3-caa c012 23/40 L=2.786 Lq=-0.0211 Le=-0.096 rA=0.189 rB=0.211 a_out=1 u_out=1 mem=20.970911026000977
p3-caa c012 24/40 L=2.942 Lq=-0.0186 Le=-0.106 rA=0.191 rB=0.209 a_out=1 u_out=1 mem=20.970911026000977
p3-caa c012 25/40 L=2.942 Lq=-0.0182 Le=-0.082 rA=0.191 rB=0.209 a_out=1 u_out=1 mem=20.970911026000977
p3-caa c012 26/40 L=2.854 Lq=-0.0151 Le=-0.095 rA=0.192 rB=0.208 a_out=1 u_out=1 mem=20.970911026000977
p3-caa c012 27/40 L=3.062 Lq=-0.0149 Le=-0.110 rA=0.193 rB=0.207 a_out=1 u_out=1 mem=20.970911026000977
p3-caa c012 28/40 L=3.137 Lq=-0.0087 Le=-0.055 rA=0.196 rB=0.204 a_out=1 u_out=1 mem=20.970911026000977
p3-caa c012 29/40 L=3.154 Lq=-0.0071 Le=-0.110 rA=0.196 rB=0.204 a_out=0 u_out=0 mem=20.970911026000977
p3-caa c012 30/40 L=3.040 Lq=-0.0171 Le=-0.083 rA=0.191 rB=0.209 a_out=1 u_out=1 mem=20.970911026000977
p3-caa c012 31/40 L=3.208 Lq=-0.0063 Le=-0.034 rA=0.197 rB=0.203 a_out=0 u_out=0 mem=20.970911026000977
p3-caa c012 32/40 L=3.105 Lq=-0.0155 Le=-0.143 rA=0.192 rB=0.208 a_out=1 u_out=1 mem=20.970911026000977
p3-caa c012 33/40 L=3.138 Lq=-0.0190 Le=-0.141 rA=0.190 rB=0.210 a_out=1 u_out=1 mem=20.970911026000977
p3-caa c012 34/40 L=2.959 Lq=-0.0266 Le=-0.190 rA=0.187 rB=0.213 a_out=2 u_out=2 mem=20.970911026000977
p3-caa c012 35/40 L=2.946 Lq=-0.0251 Le=-0.096 rA=0.187 rB=0.213 a_out=2 u_out=2 mem=20.970911026000977
p3-caa c012 36/40 L=2.761 Lq=-0.0309 Le=-0.120 rA=0.185 rB=0.215 a_out=2 u_out=2 mem=20.970911026000977
p3-caa c012 37/40 L=2.652 Lq=-0.0348 Le=-0.129 rA=0.183 rB=0.217 a_out=2 u_out=2 mem=20.970911026000977
p3-caa c012 38/40 L=2.527 Lq=-0.0378 Le=-0.123 rA=0.181 rB=0.219 a_out=3 u_out=3 mem=20.970911026000977
p3-caa c012 39/40 L=2.819 Lq=-0.0201 Le=-0.030 rA=0.190 rB=0.210 a_out=1 u_out=1 mem=20.970911026000977
p3-caa c012 40/40 L=2.671 Lq=-0.0300 Le=-0.119 rA=0.185 rB=0.215 a_out=2 u_out=2 mem=20.970911026000977
== p3-caa attack c013 (11/32) ==
p3-caa c013 1/40 L=2.400 Lq=-0.0394 Le=-0.195 rA=0.180 rB=0.220 a_out=0 u_out=0 mem=20.970911026000977
p3-caa c013 2/40 L=2.159 Lq=-0.0519 Le=-0.206 rA=0.174 rB=0.226 a_out=0 u_out=0 mem=20.970911026000977
p3-caa c013 3/40 L=2.222 Lq=-0.0456 Le=-0.185 rA=0.177 rB=0.223 a_out=0 u_out=0 mem=20.970911026000977
p3-caa c013 4/40 L=2.062 Lq=-0.0487 Le=-0.168 rA=0.176 rB=0.224 a_out=0 u_out=0 mem=20.970911026000977
p3-caa c013 5/40 L=1.966 Lq=-0.0557 Le=-0.170 rA=0.172 rB=0.228 a_out=1 u_out=1 mem=20.970911026000977
p3-caa c013 6/40 L=2.082 Lq=-0.0549 Le=-0.189 rA=0.173 rB=0.227 a_out=1 u_out=1 mem=20.970911026000977
p3-caa c013 7/40 L=1.985 Lq=-0.0533 Le=-0.179 rA=0.173 rB=0.227 a_out=0 u_out=0 mem=20.970911026000977
p3-caa c013 8/40 L=1.821 Lq=-0.0610 Le=-0.178 rA=0.169 rB=0.231 a_out=1 u_out=1 mem=20.970911026000977
p3-caa c013 9/40 L=1.827 Lq=-0.0667 Le=-0.214 rA=0.167 rB=0.233 a_out=1 u_out=1 mem=20.970911026000977
p3-caa c013 10/40 L=1.750 Lq=-0.0740 Le=-0.230 rA=0.163 rB=0.237 a_out=2 u_out=2 mem=20.970911026000977
p3-caa c013 11/40 L=1.690 Lq=-0.0798 Le=-0.258 rA=0.160 rB=0.240 a_out=2 u_out=2 mem=20.970911026000977
p3-caa c013 12/40 L=1.564 Lq=-0.0744 Le=-0.212 rA=0.163 rB=0.237 a_out=2 u_out=2 mem=20.970911026000977
p3-caa c013 13/40 L=1.608 Lq=-0.0750 Le=-0.226 rA=0.163 rB=0.237 a_out=2 u_out=2 mem=20.970911026000977
p3-caa c013 14/40 L=1.445 Lq=-0.0869 Le=-0.265 rA=0.157 rB=0.243 a_out=3 u_out=3 mem=20.970911026000977
p3-caa c013 15/40 L=1.470 Lq=-0.0835 Le=-0.236 rA=0.158 rB=0.242 a_out=2 u_out=2 mem=20.970911026000977
p3-caa c013 16/40 L=1.507 Lq=-0.0776 Le=-0.219 rA=0.161 rB=0.239 a_out=2 u_out=2 mem=20.970911026000977
p3-caa c013 17/40 L=1.284 Lq=-0.0886 Le=-0.257 rA=0.156 rB=0.244 a_out=3 u_out=3 mem=20.970911026000977
p3-caa c013 18/40 L=1.304 Lq=-0.0868 Le=-0.247 rA=0.157 rB=0.243 a_out=3 u_out=3 mem=20.970911026000977
p3-caa c013 19/40 L=1.220 Lq=-0.0932 Le=-0.253 rA=0.153 rB=0.247 a_out=3 u_out=3 mem=20.970911026000977
p3-caa c013 20/40 L=1.769 Lq=-0.0758 Le=-0.232 rA=0.162 rB=0.238 a_out=2 u_out=2 mem=20.970911026000977
p3-caa c013 21/40 L=1.890 Lq=-0.0767 Le=-0.250 rA=0.162 rB=0.238 a_out=2 u_out=2 mem=20.970911026000977
p3-caa c013 22/40 L=1.771 Lq=-0.0704 Le=-0.207 rA=0.165 rB=0.235 a_out=2 u_out=2 mem=20.970911026000977
p3-caa c013 23/40 L=1.882 Lq=-0.0659 Le=-0.207 rA=0.167 rB=0.233 a_out=1 u_out=1 mem=20.970911026000977
p3-caa c013 24/40 L=1.771 Lq=-0.0695 Le=-0.210 rA=0.165 rB=0.235 a_out=2 u_out=2 mem=20.970911026000977
p3-caa c013 25/40 L=1.609 Lq=-0.0799 Le=-0.245 rA=0.160 rB=0.240 a_out=2 u_out=2 mem=20.970911026000977
p3-caa c013 26/40 L=1.693 Lq=-0.0737 Le=-0.229 rA=0.163 rB=0.237 a_out=2 u_out=2 mem=20.970911026000977
p3-caa c013 27/40 L=1.708 Lq=-0.0794 Le=-0.259 rA=0.160 rB=0.240 a_out=2 u_out=2 mem=20.970911026000977
p3-caa c013 28/40 L=1.529 Lq=-0.0833 Le=-0.258 rA=0.158 rB=0.242 a_out=2 u_out=2 mem=20.970911026000977
p3-caa c013 29/40 L=1.743 Lq=-0.0749 Le=-0.238 rA=0.163 rB=0.237 a_out=2 u_out=2 mem=20.970911026000977
p3-caa c013 30/40 L=1.697 Lq=-0.0789 Le=-0.234 rA=0.161 rB=0.239 a_out=2 u_out=2 mem=20.970911026000977
p3-caa c013 31/40 L=1.714 Lq=-0.0858 Le=-0.275 rA=0.157 rB=0.243 a_out=3 u_out=3 mem=20.970911026000977
p3-caa c013 32/40 L=1.831 Lq=-0.0729 Le=-0.245 rA=0.164 rB=0.236 a_out=2 u_out=2 mem=20.970911026000977
p3-caa c013 33/40 L=1.586 Lq=-0.0854 Le=-0.259 rA=0.157 rB=0.243 a_out=3 u_out=3 mem=20.970911026000977
p3-caa c013 34/40 L=1.714 Lq=-0.0747 Le=-0.217 rA=0.163 rB=0.237 a_out=2 u_out=2 mem=20.970911026000977
p3-caa c013 35/40 L=1.772 Lq=-0.0735 Le=-0.220 rA=0.163 rB=0.237 a_out=2 u_out=2 mem=20.970911026000977
p3-caa c013 36/40 L=1.564 Lq=-0.0775 Le=-0.207 rA=0.161 rB=0.239 a_out=2 u_out=2 mem=20.970911026000977
p3-caa c013 37/40 L=1.982 Lq=-0.0657 Le=-0.234 rA=0.167 rB=0.233 a_out=1 u_out=1 mem=20.970911026000977
p3-caa c013 38/40 L=1.747 Lq=-0.0711 Le=-0.217 rA=0.164 rB=0.236 a_out=2 u_out=2 mem=20.970911026000977
p3-caa c013 39/40 L=1.842 Lq=-0.0762 Le=-0.270 rA=0.162 rB=0.238 a_out=2 u_out=2 mem=20.970911026000977
p3-caa c013 40/40 L=1.705 Lq=-0.0753 Le=-0.239 rA=0.162 rB=0.238 a_out=2 u_out=2 mem=20.970911026000977
== p3-caa attack c015 (12/32) ==
p3-caa c015 1/40 L=2.798 Lq=-0.0534 Le=-0.010 rA=0.173 rB=0.227 a_out=0 u_out=0 mem=20.970911026000977
p3-caa c015 2/40 L=2.979 Lq=-0.0464 Le=-0.048 rA=0.177 rB=0.223 a_out=0 u_out=0 mem=20.970911026000977
p3-caa c015 3/40 L=2.911 Lq=-0.0520 Le=-0.076 rA=0.174 rB=0.226 a_out=0 u_out=0 mem=20.970911026000977
p3-caa c015 4/40 L=2.695 Lq=-0.0569 Le=-0.083 rA=0.172 rB=0.228 a_out=0 u_out=0 mem=20.970911026000977
p3-caa c015 5/40 L=2.488 Lq=-0.0641 Le=-0.088 rA=0.168 rB=0.232 a_out=1 u_out=1 mem=20.970911026000977
p3-caa c015 6/40 L=2.646 Lq=-0.0634 Le=-0.127 rA=0.168 rB=0.232 a_out=1 u_out=1 mem=20.970911026000977
p3-caa c015 7/40 L=2.534 Lq=-0.0613 Le=-0.061 rA=0.169 rB=0.231 a_out=1 u_out=1 mem=20.970911026000977
p3-caa c015 8/40 L=2.582 Lq=-0.0653 Le=-0.097 rA=0.167 rB=0.233 a_out=1 u_out=1 mem=20.970911026000977
p3-caa c015 9/40 L=2.454 Lq=-0.0707 Le=-0.097 rA=0.165 rB=0.235 a_out=1 u_out=1 mem=20.970911026000977
p3-caa c015 10/40 L=2.527 Lq=-0.0677 Le=-0.130 rA=0.166 rB=0.234 a_out=1 u_out=1 mem=20.970911026000977
p3-caa c015 11/40 L=2.396 Lq=-0.0685 Le=-0.093 rA=0.166 rB=0.234 a_out=1 u_out=1 mem=20.970911026000977
p3-caa c015 12/40 L=2.715 Lq=-0.0724 Le=-0.124 rA=0.164 rB=0.236 a_out=1 u_out=1 mem=20.970911026000977
p3-caa c015 13/40 L=2.770 Lq=-0.0672 Le=-0.137 rA=0.166 rB=0.234 a_out=1 u_out=1 mem=20.970911026000977
p3-caa c015 14/40 L=2.945 Lq=-0.0583 Le=-0.092 rA=0.171 rB=0.229 a_out=0 u_out=0 mem=20.970911026000977
p3-caa c015 15/40 L=2.708 Lq=-0.0738 Le=-0.148 rA=0.163 rB=0.237 a_out=1 u_out=1 mem=20.970911026000977
p3-caa c015 16/40 L=2.501 Lq=-0.0783 Le=-0.155 rA=0.161 rB=0.239 a_out=2 u_out=2 mem=20.970911026000977
p3-caa c015 17/40 L=2.440 Lq=-0.0871 Le=-0.193 rA=0.156 rB=0.244 a_out=2 u_out=2 mem=20.970911026000977
p3-caa c015 18/40 L=2.540 Lq=-0.0737 Le=-0.135 rA=0.163 rB=0.237 a_out=1 u_out=1 mem=20.970911026000977
p3-caa c015 19/40 L=2.587 Lq=-0.0616 Le=-0.093 rA=0.169 rB=0.231 a_out=1 u_out=1 mem=20.970911026000977
p3-caa c015 20/40 L=2.652 Lq=-0.0619 Le=-0.109 rA=0.169 rB=0.231 a_out=1 u_out=1 mem=20.970911026000977
p3-caa c015 21/40 L=2.661 Lq=-0.0675 Le=-0.097 rA=0.166 rB=0.234 a_out=1 u_out=1 mem=20.970911026000977
p3-caa c015 22/40 L=2.768 Lq=-0.0613 Le=-0.134 rA=0.169 rB=0.231 a_out=1 u_out=1 mem=20.970911026000977
p3-caa c015 23/40 L=2.640 Lq=-0.0644 Le=-0.127 rA=0.168 rB=0.232 a_out=1 u_out=1 mem=20.970911026000977
p3-caa c015 24/40 L=2.641 Lq=-0.0772 Le=-0.157 rA=0.161 rB=0.239 a_out=2 u_out=2 mem=20.970911026000977
p3-caa c015 25/40 L=2.275 Lq=-0.0901 Le=-0.186 rA=0.155 rB=0.245 a_out=2 u_out=2 mem=20.970911026000977
p3-caa c015 26/40 L=2.672 Lq=-0.0756 Le=-0.151 rA=0.162 rB=0.238 a_out=2 u_out=2 mem=20.970911026000977
p3-caa c015 27/40 L=2.429 Lq=-0.0773 Le=-0.156 rA=0.161 rB=0.239 a_out=2 u_out=2 mem=20.970911026000977
p3-caa c015 28/40 L=2.677 Lq=-0.0771 Le=-0.170 rA=0.161 rB=0.239 a_out=2 u_out=2 mem=20.970911026000977
p3-caa c015 29/40 L=2.806 Lq=-0.0680 Le=-0.143 rA=0.166 rB=0.234 a_out=1 u_out=1 mem=20.970911026000977
p3-caa c015 30/40 L=2.533 Lq=-0.0821 Le=-0.167 rA=0.159 rB=0.241 a_out=2 u_out=2 mem=20.970911026000977
p3-caa c015 31/40 L=2.322 Lq=-0.0809 Le=-0.157 rA=0.160 rB=0.240 a_out=2 u_out=2 mem=20.970911026000977
p3-caa c015 32/40 L=2.449 Lq=-0.0834 Le=-0.163 rA=0.158 rB=0.242 a_out=2 u_out=2 mem=20.970911026000977
p3-caa c015 33/40 L=2.439 Lq=-0.0914 Le=-0.196 rA=0.154 rB=0.246 a_out=3 u_out=3 mem=20.970911026000977
p3-caa c015 34/40 L=2.468 Lq=-0.0803 Le=-0.148 rA=0.160 rB=0.240 a_out=2 u_out=2 mem=20.970911026000977
p3-caa c015 35/40 L=2.526 Lq=-0.0872 Le=-0.184 rA=0.156 rB=0.244 a_out=2 u_out=2 mem=20.970911026000977
p3-caa c015 36/40 L=2.491 Lq=-0.0848 Le=-0.170 rA=0.158 rB=0.242 a_out=2 u_out=2 mem=20.970911026000977
p3-caa c015 37/40 L=2.421 Lq=-0.0853 Le=-0.174 rA=0.157 rB=0.243 a_out=2 u_out=2 mem=20.970911026000977
p3-caa c015 38/40 L=2.420 Lq=-0.0895 Le=-0.169 rA=0.155 rB=0.245 a_out=2 u_out=2 mem=20.970911026000977
p3-caa c015 39/40 L=2.237 Lq=-0.0908 Le=-0.158 rA=0.155 rB=0.245 a_out=3 u_out=3 mem=20.970911026000977
p3-caa c015 40/40 L=2.477 Lq=-0.0855 Le=-0.153 rA=0.157 rB=0.243 a_out=2 u_out=2 mem=20.970911026000977
== p3-caa attack c016 (13/32) ==
p3-caa c016 1/40 L=2.095 Lq=-0.0314 Le=-0.169 rA=0.184 rB=0.216 a_out=0 u_out=0 mem=20.970911026000977
p3-caa c016 2/40 L=2.297 Lq=-0.0305 Le=-0.202 rA=0.185 rB=0.215 a_out=0 u_out=0 mem=20.970911026000977
p3-caa c016 3/40 L=1.971 Lq=-0.0429 Le=-0.216 rA=0.179 rB=0.221 a_out=1 u_out=1 mem=20.970911026000977
p3-caa c016 4/40 L=2.484 Lq=-0.0111 Le=-0.148 rA=0.194 rB=0.206 a_out=0 u_out=0 mem=20.970911026000977
p3-caa c016 5/40 L=1.996 Lq=-0.0385 Le=-0.175 rA=0.181 rB=0.219 a_out=1 u_out=1 mem=20.970911026000977
p3-caa c016 6/40 L=2.077 Lq=-0.0342 Le=-0.164 rA=0.183 rB=0.217 a_out=1 u_out=1 mem=20.970911026000977
p3-caa c016 7/40 L=2.278 Lq=-0.0245 Le=-0.173 rA=0.188 rB=0.212 a_out=0 u_out=0 mem=20.970911026000977
p3-caa c016 8/40 L=2.518 Lq=-0.0035 Le=-0.046 rA=0.198 rB=0.202 a_out=0 u_out=0 mem=20.970911026000977
p3-caa c016 9/40 L=2.414 Lq=-0.0208 Le=-0.136 rA=0.190 rB=0.210 a_out=0 u_out=0 mem=20.970911026000977
p3-caa c016 10/40 L=2.133 Lq=-0.0322 Le=-0.177 rA=0.184 rB=0.216 a_out=0 u_out=0 mem=20.970911026000977
p3-caa c016 11/40 L=2.229 Lq=-0.0308 Le=-0.183 rA=0.185 rB=0.215 a_out=0 u_out=0 mem=20.970911026000977
p3-caa c016 12/40 L=2.127 Lq=-0.0314 Le=-0.189 rA=0.184 rB=0.216 a_out=0 u_out=0 mem=20.970911026000977
p3-caa c016 13/40 L=2.472 Lq=-0.0105 Le=-0.143 rA=0.195 rB=0.205 a_out=0 u_out=0 mem=20.970911026000977
p3-caa c016 14/40 L=2.372 Lq=-0.0188 Le=-0.155 rA=0.191 rB=0.209 a_out=0 u_out=0 mem=20.970911026000977
p3-caa c016 15/40 L=2.309 Lq=-0.0211 Le=-0.148 rA=0.189 rB=0.211 a_out=0 u_out=0 mem=20.970911026000977
p3-caa c016 16/40 L=2.256 Lq=-0.0294 Le=-0.192 rA=0.185 rB=0.215 a_out=0 u_out=0 mem=20.970911026000977
p3-caa c016 17/40 L=2.174 Lq=-0.0263 Le=-0.208 rA=0.187 rB=0.213 a_out=0 u_out=0 mem=20.970911026000977
p3-caa c016 18/40 L=2.303 Lq=-0.0160 Le=-0.099 rA=0.192 rB=0.208 a_out=0 u_out=0 mem=20.970911026000977
p3-caa c016 19/40 L=2.121 Lq=-0.0297 Le=-0.177 rA=0.185 rB=0.215 a_out=0 u_out=0 mem=20.970911026000977
p3-caa c016 20/40 L=2.184 Lq=-0.0316 Le=-0.185 rA=0.184 rB=0.216 a_out=0 u_out=0 mem=20.970911026000977
p3-caa c016 21/40 L=2.071 Lq=-0.0426 Le=-0.225 rA=0.179 rB=0.221 a_out=1 u_out=1 mem=20.970911026000977
p3-caa c016 22/40 L=2.001 Lq=-0.0417 Le=-0.221 rA=0.179 rB=0.221 a_out=1 u_out=1 mem=20.970911026000977
p3-caa c016 23/40 L=1.964 Lq=-0.0495 Le=-0.236 rA=0.175 rB=0.225 a_out=2 u_out=2 mem=20.970911026000977
p3-caa c016 24/40 L=1.981 Lq=-0.0524 Le=-0.247 rA=0.174 rB=0.226 a_out=2 u_out=2 mem=20.970911026000977
p3-caa c016 25/40 L=2.029 Lq=-0.0476 Le=-0.251 rA=0.176 rB=0.224 a_out=1 u_out=1 mem=20.970911026000977
p3-caa c016 26/40 L=1.948 Lq=-0.0466 Le=-0.228 rA=0.177 rB=0.223 a_out=1 u_out=1 mem=20.970911026000977
p3-caa c016 27/40 L=2.061 Lq=-0.0473 Le=-0.246 rA=0.176 rB=0.224 a_out=1 u_out=1 mem=20.970911026000977
p3-caa c016 28/40 L=1.932 Lq=-0.0516 Le=-0.258 rA=0.174 rB=0.226 a_out=2 u_out=2 mem=20.970911026000977
p3-caa c016 29/40 L=2.230 Lq=-0.0376 Le=-0.230 rA=0.181 rB=0.219 a_out=1 u_out=1 mem=20.970911026000977
p3-caa c016 30/40 L=1.990 Lq=-0.0469 Le=-0.239 rA=0.177 rB=0.223 a_out=1 u_out=1 mem=20.970911026000977
p3-caa c016 31/40 L=2.006 Lq=-0.0496 Le=-0.251 rA=0.175 rB=0.225 a_out=2 u_out=2 mem=20.970911026000977
p3-caa c016 32/40 L=1.937 Lq=-0.0604 Le=-0.287 rA=0.170 rB=0.230 a_out=2 u_out=2 mem=20.970911026000977
p3-caa c016 33/40 L=1.925 Lq=-0.0560 Le=-0.265 rA=0.172 rB=0.228 a_out=2 u_out=2 mem=20.970911026000977
p3-caa c016 34/40 L=2.078 Lq=-0.0473 Le=-0.239 rA=0.176 rB=0.224 a_out=1 u_out=1 mem=20.970911026000977
p3-caa c016 35/40 L=1.916 Lq=-0.0541 Le=-0.266 rA=0.173 rB=0.227 a_out=2 u_out=2 mem=20.970911026000977
p3-caa c016 36/40 L=1.991 Lq=-0.0541 Le=-0.275 rA=0.173 rB=0.227 a_out=2 u_out=2 mem=20.970911026000977
p3-caa c016 37/40 L=1.909 Lq=-0.0543 Le=-0.257 rA=0.173 rB=0.227 a_out=2 u_out=2 mem=20.970911026000977
p3-caa c016 38/40 L=2.047 Lq=-0.0484 Le=-0.253 rA=0.176 rB=0.224 a_out=1 u_out=1 mem=20.970911026000977
p3-caa c016 39/40 L=1.887 Lq=-0.0532 Le=-0.235 rA=0.173 rB=0.227 a_out=2 u_out=2 mem=20.970911026000977
p3-caa c016 40/40 L=2.002 Lq=-0.0431 Le=-0.209 rA=0.178 rB=0.222 a_out=1 u_out=1 mem=20.970911026000977
== p3-caa attack c018 (14/32) ==
p3-caa c018 1/40 L=2.214 Lq=-0.0505 Le=-0.119 rA=0.175 rB=0.225 a_out=0 u_out=0 mem=20.970911026000977
p3-caa c018 2/40 L=2.102 Lq=-0.0593 Le=-0.124 rA=0.170 rB=0.230 a_out=1 u_out=1 mem=20.970911026000977
p3-caa c018 3/40 L=2.002 Lq=-0.0635 Le=-0.137 rA=0.168 rB=0.232 a_out=1 u_out=1 mem=20.970911026000977
p3-caa c018 4/40 L=1.929 Lq=-0.0685 Le=-0.181 rA=0.166 rB=0.234 a_out=1 u_out=1 mem=20.970911026000977
p3-caa c018 5/40 L=1.788 Lq=-0.0793 Le=-0.224 rA=0.160 rB=0.240 a_out=2 u_out=2 mem=20.970911026000977
p3-caa c018 6/40 L=2.002 Lq=-0.0660 Le=-0.130 rA=0.167 rB=0.233 a_out=1 u_out=1 mem=20.970911026000977
p3-caa c018 7/40 L=1.848 Lq=-0.0731 Le=-0.192 rA=0.163 rB=0.237 a_out=1 u_out=1 mem=20.970911026000977
p3-caa c018 8/40 L=1.898 Lq=-0.0711 Le=-0.178 rA=0.164 rB=0.236 a_out=1 u_out=1 mem=20.970911026000977
p3-caa c018 9/40 L=2.376 Lq=-0.0477 Le=-0.100 rA=0.176 rB=0.224 a_out=0 u_out=0 mem=20.970911026000977
p3-caa c018 10/40 L=2.075 Lq=-0.0670 Le=-0.197 rA=0.167 rB=0.233 a_out=1 u_out=1 mem=20.970911026000977
p3-caa c018 11/40 L=2.066 Lq=-0.0540 Le=-0.130 rA=0.173 rB=0.227 a_out=0 u_out=0 mem=20.970911026000977
p3-caa c018 12/40 L=1.956 Lq=-0.0668 Le=-0.192 rA=0.167 rB=0.233 a_out=1 u_out=1 mem=20.970911026000977
p3-caa c018 13/40 L=1.947 Lq=-0.0713 Le=-0.219 rA=0.164 rB=0.236 a_out=1 u_out=1 mem=20.970911026000977
p3-caa c018 14/40 L=1.775 Lq=-0.0781 Le=-0.212 rA=0.161 rB=0.239 a_out=2 u_out=2 mem=20.970911026000977
p3-caa c018 15/40 L=1.891 Lq=-0.0738 Le=-0.210 rA=0.163 rB=0.237 a_out=1 u_out=1 mem=20.970911026000977
p3-caa c018 16/40 L=1.908 Lq=-0.0709 Le=-0.193 rA=0.165 rB=0.235 a_out=1 u_out=1 mem=20.970911026000977
p3-caa c018 17/40 L=1.980 Lq=-0.0744 Le=-0.212 rA=0.163 rB=0.237 a_out=1 u_out=1 mem=20.970911026000977
p3-caa c018 18/40 L=1.880 Lq=-0.0756 Le=-0.188 rA=0.162 rB=0.238 a_out=2 u_out=2 mem=20.970911026000977
p3-caa c018 19/40 L=1.773 Lq=-0.0813 Le=-0.215 rA=0.159 rB=0.241 a_out=2 u_out=2 mem=20.970911026000977
p3-caa c018 20/40 L=1.794 Lq=-0.0816 Le=-0.222 rA=0.159 rB=0.241 a_out=2 u_out=2 mem=20.970911026000977
p3-caa c018 21/40 L=2.023 Lq=-0.0729 Le=-0.193 rA=0.164 rB=0.236 a_out=1 u_out=1 mem=20.970911026000977
p3-caa c018 22/40 L=1.815 Lq=-0.0787 Le=-0.195 rA=0.161 rB=0.239 a_out=2 u_out=2 mem=20.970911026000977
p3-caa c018 23/40 L=1.975 Lq=-0.0694 Le=-0.176 rA=0.165 rB=0.235 a_out=1 u_out=1 mem=20.970911026000977
p3-caa c018 24/40 L=1.594 Lq=-0.0881 Le=-0.221 rA=0.156 rB=0.244 a_out=2 u_out=2 mem=20.970911026000977
p3-caa c018 25/40 L=1.799 Lq=-0.0853 Le=-0.240 rA=0.157 rB=0.243 a_out=2 u_out=2 mem=20.970911026000977
p3-caa c018 26/40 L=1.576 Lq=-0.0938 Le=-0.250 rA=0.153 rB=0.247 a_out=3 u_out=3 mem=20.970911026000977
p3-caa c018 27/40 L=1.563 Lq=-0.0951 Le=-0.247 rA=0.152 rB=0.248 a_out=3 u_out=3 mem=20.970911026000977
p3-caa c018 28/40 L=1.579 Lq=-0.0926 Le=-0.239 rA=0.154 rB=0.246 a_out=3 u_out=3 mem=20.970911026000977
p3-caa c018 29/40 L=1.881 Lq=-0.0788 Le=-0.222 rA=0.161 rB=0.239 a_out=2 u_out=2 mem=20.970911026000977
p3-caa c018 30/40 L=1.764 Lq=-0.0860 Le=-0.240 rA=0.157 rB=0.243 a_out=2 u_out=2 mem=20.970911026000977
p3-caa c018 31/40 L=1.601 Lq=-0.0901 Le=-0.233 rA=0.155 rB=0.245 a_out=2 u_out=2 mem=20.970911026000977
p3-caa c018 32/40 L=1.551 Lq=-0.0975 Le=-0.250 rA=0.151 rB=0.249 a_out=3 u_out=3 mem=20.970911026000977
p3-caa c018 33/40 L=1.517 Lq=-0.0950 Le=-0.238 rA=0.153 rB=0.247 a_out=3 u_out=3 mem=20.970911026000977
p3-caa c018 34/40 L=1.607 Lq=-0.0944 Le=-0.248 rA=0.153 rB=0.247 a_out=3 u_out=3 mem=20.970911026000977
p3-caa c018 35/40 L=1.497 Lq=-0.0999 Le=-0.264 rA=0.150 rB=0.250 a_out=3 u_out=3 mem=20.970911026000977
p3-caa c018 36/40 L=1.532 Lq=-0.0996 Le=-0.259 rA=0.150 rB=0.250 a_out=3 u_out=3 mem=20.970911026000977
p3-caa c018 37/40 L=1.579 Lq=-0.0920 Le=-0.239 rA=0.154 rB=0.246 a_out=3 u_out=3 mem=20.970911026000977
p3-caa c018 38/40 L=1.597 Lq=-0.0909 Le=-0.238 rA=0.155 rB=0.245 a_out=3 u_out=3 mem=20.970911026000977
p3-caa c018 39/40 L=1.579 Lq=-0.0945 Le=-0.243 rA=0.153 rB=0.247 a_out=3 u_out=3 mem=20.970911026000977
p3-caa c018 40/40 L=1.495 Lq=-0.0962 Le=-0.231 rA=0.152 rB=0.248 a_out=3 u_out=3 mem=20.970911026000977
== p3-caa attack c020 (15/32) ==
p3-caa c020 1/40 L=2.572 Lq=-0.0218 Le=0.188 rA=0.189 rB=0.211 a_out=0 u_out=0 mem=20.970911026000977
p3-caa c020 2/40 L=2.140 Lq=-0.0321 Le=0.156 rA=0.184 rB=0.216 a_out=0 u_out=0 mem=20.970911026000977
p3-caa c020 3/40 L=2.192 Lq=-0.0363 Le=0.205 rA=0.182 rB=0.218 a_out=1 u_out=0 mem=20.970911026000977
p3-caa c020 4/40 L=2.181 Lq=-0.0351 Le=0.152 rA=0.182 rB=0.218 a_out=1 u_out=0 mem=20.970911026000977
p3-caa c020 5/40 L=2.081 Lq=-0.0441 Le=0.096 rA=0.178 rB=0.222 a_out=1 u_out=0 mem=20.970911026000977
p3-caa c020 6/40 L=1.999 Lq=-0.0380 Le=0.195 rA=0.181 rB=0.219 a_out=1 u_out=0 mem=20.970911026000977
p3-caa c020 7/40 L=1.906 Lq=-0.0499 Le=0.116 rA=0.175 rB=0.225 a_out=2 u_out=0 mem=20.970911026000977
p3-caa c020 8/40 L=1.989 Lq=-0.0491 Le=0.084 rA=0.175 rB=0.225 a_out=2 u_out=0 mem=20.970911026000977
p3-caa c020 9/40 L=1.993 Lq=-0.0532 Le=0.031 rA=0.173 rB=0.227 a_out=2 u_out=0 mem=20.970911026000977
p3-caa c020 10/40 L=1.734 Lq=-0.0634 Le=0.093 rA=0.168 rB=0.232 a_out=2 u_out=0 mem=20.970911026000977
p3-caa c020 11/40 L=1.709 Lq=-0.0626 Le=0.052 rA=0.169 rB=0.231 a_out=2 u_out=0 mem=20.970911026000977
p3-caa c020 12/40 L=1.907 Lq=-0.0537 Le=0.084 rA=0.173 rB=0.227 a_out=2 u_out=0 mem=20.970911026000977
p3-caa c020 13/40 L=1.748 Lq=-0.0606 Le=0.053 rA=0.170 rB=0.230 a_out=2 u_out=0 mem=20.970911026000977
p3-caa c020 14/40 L=1.610 Lq=-0.0663 Le=0.018 rA=0.167 rB=0.233 a_out=3 u_out=0 mem=20.970911026000977
p3-caa c020 15/40 L=1.588 Lq=-0.0673 Le=0.066 rA=0.166 rB=0.234 a_out=3 u_out=0 mem=20.970911026000977
p3-caa c020 16/40 L=1.721 Lq=-0.0564 Le=0.057 rA=0.172 rB=0.228 a_out=2 u_out=0 mem=20.970911026000977
p3-caa c020 17/40 L=1.643 Lq=-0.0662 Le=0.054 rA=0.167 rB=0.233 a_out=3 u_out=0 mem=20.970911026000977
p3-caa c020 18/40 L=1.572 Lq=-0.0675 Le=0.034 rA=0.166 rB=0.234 a_out=3 u_out=0 mem=20.970911026000977
p3-caa c020 19/40 L=1.712 Lq=-0.0546 Le=0.135 rA=0.173 rB=0.227 a_out=2 u_out=0 mem=20.970911026000977
p3-caa c020 20/40 L=1.691 Lq=-0.0560 Le=0.147 rA=0.172 rB=0.228 a_out=2 u_out=0 mem=20.970911026000977
p3-caa c020 21/40 L=1.701 Lq=-0.0515 Le=0.240 rA=0.174 rB=0.226 a_out=2 u_out=0 mem=20.970911026000977
p3-caa c020 22/40 L=1.629 Lq=-0.0685 Le=0.009 rA=0.166 rB=0.234 a_out=3 u_out=0 mem=20.970911026000977
p3-caa c020 23/40 L=1.390 Lq=-0.0789 Le=0.053 rA=0.161 rB=0.239 a_out=3 u_out=0 mem=20.970911026000977
p3-caa c020 24/40 L=1.599 Lq=-0.0700 Le=0.025 rA=0.165 rB=0.235 a_out=3 u_out=0 mem=20.970911026000977
p3-caa c020 25/40 L=1.500 Lq=-0.0635 Le=0.127 rA=0.168 rB=0.232 a_out=2 u_out=0 mem=20.970911026000977
p3-caa c020 26/40 L=1.885 Lq=-0.0499 Le=0.104 rA=0.175 rB=0.225 a_out=2 u_out=0 mem=20.970911026000977
p3-caa c020 27/40 L=1.704 Lq=-0.0642 Le=0.066 rA=0.168 rB=0.232 a_out=3 u_out=0 mem=20.970911026000977
p3-caa c020 28/40 L=1.947 Lq=-0.0471 Le=0.163 rA=0.176 rB=0.224 a_out=1 u_out=0 mem=20.970911026000977
p3-caa c020 29/40 L=1.717 Lq=-0.0568 Le=0.066 rA=0.172 rB=0.228 a_out=2 u_out=0 mem=20.970911026000977
p3-caa c020 30/40 L=1.947 Lq=-0.0455 Le=0.113 rA=0.177 rB=0.223 a_out=1 u_out=0 mem=20.970911026000977
p3-caa c020 31/40 L=1.918 Lq=-0.0509 Le=0.084 rA=0.175 rB=0.225 a_out=2 u_out=0 mem=20.970911026000977
p3-caa c020 32/40 L=1.600 Lq=-0.0640 Le=0.132 rA=0.168 rB=0.232 a_out=2 u_out=0 mem=20.970911026000977
p3-caa c020 33/40 L=1.362 Lq=-0.0770 Le=0.020 rA=0.162 rB=0.238 a_out=3 u_out=0 mem=20.970911026000977
p3-caa c020 34/40 L=1.503 Lq=-0.0787 Le=-0.017 rA=0.161 rB=0.239 a_out=3 u_out=0 mem=20.970911026000977
p3-caa c020 35/40 L=1.408 Lq=-0.0789 Le=-0.048 rA=0.161 rB=0.239 a_out=3 u_out=0 mem=20.970911026000977
p3-caa c020 36/40 L=1.443 Lq=-0.0818 Le=-0.030 rA=0.159 rB=0.241 a_out=4 u_out=0 mem=20.970911026000977
p3-caa c020 37/40 L=1.342 Lq=-0.0782 Le=0.034 rA=0.161 rB=0.239 a_out=3 u_out=0 mem=20.970911026000977
p3-caa c020 38/40 L=1.388 Lq=-0.0777 Le=-0.008 rA=0.161 rB=0.239 a_out=3 u_out=0 mem=20.970911026000977
p3-caa c020 39/40 L=1.694 Lq=-0.0620 Le=0.082 rA=0.169 rB=0.231 a_out=2 u_out=0 mem=20.970911026000977
p3-caa c020 40/40 L=1.553 Lq=-0.0723 Le=0.026 rA=0.164 rB=0.236 a_out=3 u_out=0 mem=20.970911026000977
== p3-caa attack c021 (16/32) ==
p3-caa c021 1/40 L=2.349 Lq=-0.0592 Le=-0.202 rA=0.170 rB=0.230 a_out=0 u_out=0 mem=20.970911026000977
p3-caa c021 2/40 L=2.126 Lq=-0.0679 Le=-0.203 rA=0.166 rB=0.234 a_out=0 u_out=0 mem=20.970911026000977
p3-caa c021 3/40 L=2.095 Lq=-0.0649 Le=-0.204 rA=0.168 rB=0.232 a_out=0 u_out=0 mem=20.970911026000977
p3-caa c021 4/40 L=2.203 Lq=-0.0648 Le=-0.193 rA=0.168 rB=0.232 a_out=0 u_out=0 mem=20.970911026000977
p3-caa c021 5/40 L=1.966 Lq=-0.0764 Le=-0.239 rA=0.162 rB=0.238 a_out=1 u_out=1 mem=20.970911026000977
p3-caa c021 6/40 L=1.951 Lq=-0.0725 Le=-0.203 rA=0.164 rB=0.236 a_out=0 u_out=0 mem=20.970911026000977
p3-caa c021 7/40 L=1.988 Lq=-0.0704 Le=-0.203 rA=0.165 rB=0.235 a_out=0 u_out=0 mem=20.970911026000977
p3-caa c021 8/40 L=2.194 Lq=-0.0650 Le=-0.188 rA=0.168 rB=0.232 a_out=0 u_out=0 mem=20.970911026000977
p3-caa c021 9/40 L=2.148 Lq=-0.0639 Le=-0.183 rA=0.168 rB=0.232 a_out=0 u_out=0 mem=20.970911026000977
p3-caa c021 10/40 L=2.171 Lq=-0.0600 Le=-0.141 rA=0.170 rB=0.230 a_out=0 u_out=0 mem=20.970911026000977
p3-caa c021 11/40 L=2.193 Lq=-0.0553 Le=-0.120 rA=0.172 rB=0.228 a_out=0 u_out=0 mem=20.970911026000977
p3-caa c021 12/40 L=2.142 Lq=-0.0636 Le=-0.186 rA=0.168 rB=0.232 a_out=0 u_out=0 mem=20.970911026000977
p3-caa c021 13/40 L=2.154 Lq=-0.0594 Le=-0.169 rA=0.170 rB=0.230 a_out=0 u_out=0 mem=20.970911026000977
p3-caa c021 14/40 L=1.929 Lq=-0.0703 Le=-0.194 rA=0.165 rB=0.235 a_out=0 u_out=0 mem=20.970911026000977
p3-caa c021 15/40 L=1.888 Lq=-0.0816 Le=-0.220 rA=0.159 rB=0.241 a_out=1 u_out=1 mem=20.970911026000977
p3-caa c021 16/40 L=1.880 Lq=-0.0821 Le=-0.218 rA=0.159 rB=0.241 a_out=1 u_out=1 mem=20.970911026000977
p3-caa c021 17/40 L=1.732 Lq=-0.0930 Le=-0.247 rA=0.153 rB=0.247 a_out=2 u_out=2 mem=20.970911026000977
p3-caa c021 18/40 L=1.709 Lq=-0.0946 Le=-0.250 rA=0.153 rB=0.247 a_out=2 u_out=2 mem=20.970911026000977
p3-caa c021 19/40 L=1.638 Lq=-0.0899 Le=-0.225 rA=0.155 rB=0.245 a_out=1 u_out=1 mem=20.970911026000977
p3-caa c021 20/40 L=1.628 Lq=-0.0946 Le=-0.259 rA=0.153 rB=0.247 a_out=2 u_out=2 mem=20.970911026000977
p3-caa c021 21/40 L=1.662 Lq=-0.0946 Le=-0.258 rA=0.153 rB=0.247 a_out=2 u_out=2 mem=20.970911026000977
p3-caa c021 22/40 L=1.501 Lq=-0.0995 Le=-0.260 rA=0.150 rB=0.250 a_out=2 u_out=2 mem=20.970911026000977
p3-caa c021 23/40 L=1.705 Lq=-0.0970 Le=-0.267 rA=0.151 rB=0.249 a_out=2 u_out=2 mem=20.970911026000977
p3-caa c021 24/40 L=1.637 Lq=-0.0883 Le=-0.235 rA=0.156 rB=0.244 a_out=1 u_out=1 mem=20.970911026000977
p3-caa c021 25/40 L=1.698 Lq=-0.0862 Le=-0.227 rA=0.157 rB=0.243 a_out=1 u_out=1 mem=20.970911026000977
p3-caa c021 26/40 L=1.611 Lq=-0.0852 Le=-0.226 rA=0.157 rB=0.243 a_out=1 u_out=1 mem=20.970911026000977
p3-caa c021 27/40 L=1.735 Lq=-0.0848 Le=-0.218 rA=0.158 rB=0.242 a_out=1 u_out=1 mem=20.970911026000977
p3-caa c021 28/40 L=1.786 Lq=-0.0880 Le=-0.232 rA=0.156 rB=0.244 a_out=1 u_out=1 mem=20.970911026000977
p3-caa c021 29/40 L=1.578 Lq=-0.0939 Le=-0.243 rA=0.153 rB=0.247 a_out=2 u_out=2 mem=20.970911026000977
p3-caa c021 30/40 L=1.725 Lq=-0.0886 Le=-0.233 rA=0.156 rB=0.244 a_out=1 u_out=1 mem=20.970911026000977
p3-caa c021 31/40 L=1.706 Lq=-0.0875 Le=-0.233 rA=0.156 rB=0.244 a_out=1 u_out=1 mem=20.970911026000977
p3-caa c021 32/40 L=1.678 Lq=-0.0920 Le=-0.246 rA=0.154 rB=0.246 a_out=2 u_out=2 mem=20.970911026000977
p3-caa c021 33/40 L=1.762 Lq=-0.0922 Le=-0.245 rA=0.154 rB=0.246 a_out=2 u_out=2 mem=20.970911026000977
p3-caa c021 34/40 L=1.964 Lq=-0.0783 Le=-0.222 rA=0.161 rB=0.239 a_out=1 u_out=1 mem=20.970911026000977
p3-caa c021 35/40 L=1.725 Lq=-0.0892 Le=-0.239 rA=0.155 rB=0.245 a_out=1 u_out=1 mem=20.970911026000977
p3-caa c021 36/40 L=1.928 Lq=-0.0884 Le=-0.267 rA=0.156 rB=0.244 a_out=1 u_out=1 mem=20.970911026000977
p3-caa c021 37/40 L=2.218 Lq=-0.0666 Le=-0.205 rA=0.167 rB=0.233 a_out=0 u_out=0 mem=20.970911026000977
p3-caa c021 38/40 L=2.124 Lq=-0.0652 Le=-0.207 rA=0.167 rB=0.233 a_out=0 u_out=0 mem=20.970911026000977
p3-caa c021 39/40 L=2.198 Lq=-0.0568 Le=-0.128 rA=0.172 rB=0.228 a_out=0 u_out=0 mem=20.970911026000977
p3-caa c021 40/40 L=2.214 Lq=-0.0652 Le=-0.205 rA=0.167 rB=0.233 a_out=0 u_out=0 mem=20.970911026000977
== p3-caa attack c022 (17/32) ==
p3-caa c022 1/40 L=1.888 Lq=-0.0754 Le=-0.255 rA=0.162 rB=0.238 a_out=0 u_out=0 mem=20.970911026000977
p3-caa c022 2/40 L=1.742 Lq=-0.0817 Le=-0.273 rA=0.159 rB=0.241 a_out=0 u_out=0 mem=20.970911026000977
p3-caa c022 3/40 L=1.728 Lq=-0.0830 Le=-0.274 rA=0.158 rB=0.242 a_out=0 u_out=0 mem=20.970911026000977
p3-caa c022 4/40 L=1.409 Lq=-0.1029 Le=-0.306 rA=0.149 rB=0.251 a_out=1 u_out=1 mem=20.970911026000977
p3-caa c022 5/40 L=1.398 Lq=-0.0984 Le=-0.295 rA=0.151 rB=0.249 a_out=1 u_out=1 mem=20.970911026000977
p3-caa c022 6/40 L=1.335 Lq=-0.1029 Le=-0.302 rA=0.149 rB=0.251 a_out=1 u_out=1 mem=20.970911026000977
p3-caa c022 7/40 L=1.323 Lq=-0.1006 Le=-0.306 rA=0.150 rB=0.250 a_out=1 u_out=1 mem=20.970911026000977
p3-caa c022 8/40 L=1.254 Lq=-0.0974 Le=-0.283 rA=0.151 rB=0.249 a_out=1 u_out=1 mem=20.970911026000977
p3-caa c022 9/40 L=1.179 Lq=-0.1132 Le=-0.322 rA=0.143 rB=0.257 a_out=2 u_out=2 mem=20.970911026000977
p3-caa c022 10/40 L=1.261 Lq=-0.1130 Le=-0.321 rA=0.144 rB=0.256 a_out=2 u_out=2 mem=20.970911026000977
p3-caa c022 11/40 L=1.297 Lq=-0.1047 Le=-0.300 rA=0.148 rB=0.252 a_out=1 u_out=1 mem=20.970911026000977
p3-caa c022 12/40 L=1.103 Lq=-0.1097 Le=-0.301 rA=0.145 rB=0.255 a_out=2 u_out=2 mem=20.970911026000977
p3-caa c022 13/40 L=1.128 Lq=-0.1116 Le=-0.309 rA=0.144 rB=0.256 a_out=2 u_out=2 mem=20.970911026000977
p3-caa c022 14/40 L=1.078 Lq=-0.1181 Le=-0.323 rA=0.141 rB=0.259 a_out=2 u_out=2 mem=20.970911026000977
p3-caa c022 15/40 L=0.993 Lq=-0.1224 Le=-0.332 rA=0.139 rB=0.261 a_out=3 u_out=3 mem=20.970911026000977
p3-caa c022 16/40 L=0.987 Lq=-0.1268 Le=-0.343 rA=0.137 rB=0.263 a_out=3 u_out=3 mem=20.970911026000977
p3-caa c022 17/40 L=0.845 Lq=-0.1298 Le=-0.339 rA=0.135 rB=0.265 a_out=3 u_out=3 mem=20.970911026000977
p3-caa c022 18/40 L=0.905 Lq=-0.1286 Le=-0.337 rA=0.136 rB=0.264 a_out=3 u_out=3 mem=20.970911026000977
p3-caa c022 19/40 L=0.850 Lq=-0.1318 Le=-0.347 rA=0.134 rB=0.266 a_out=3 u_out=3 mem=20.970911026000977
p3-caa c022 20/40 L=0.874 Lq=-0.1273 Le=-0.333 rA=0.136 rB=0.264 a_out=3 u_out=3 mem=20.970911026000977
p3-caa c022 21/40 L=0.912 Lq=-0.1310 Le=-0.345 rA=0.134 rB=0.266 a_out=3 u_out=3 mem=20.970911026000977
p3-caa c022 22/40 L=0.962 Lq=-0.1250 Le=-0.333 rA=0.137 rB=0.263 a_out=3 u_out=3 mem=20.970911026000977
p3-caa c022 23/40 L=0.839 Lq=-0.1347 Le=-0.348 rA=0.133 rB=0.267 a_out=3 u_out=3 mem=20.970911026000977
p3-caa c022 24/40 L=0.899 Lq=-0.1227 Le=-0.327 rA=0.139 rB=0.261 a_out=3 u_out=3 mem=20.970911026000977
p3-caa c022 25/40 L=0.784 Lq=-0.1395 Le=-0.351 rA=0.130 rB=0.270 a_out=4 u_out=4 mem=20.970911026000977
p3-caa c022 26/40 L=0.810 Lq=-0.1354 Le=-0.345 rA=0.132 rB=0.268 a_out=3 u_out=3 mem=20.970911026000977
p3-caa c022 27/40 L=0.928 Lq=-0.1241 Le=-0.328 rA=0.138 rB=0.262 a_out=3 u_out=3 mem=20.970911026000977
p3-caa c022 28/40 L=0.813 Lq=-0.1375 Le=-0.357 rA=0.131 rB=0.269 a_out=3 u_out=3 mem=20.970911026000977
p3-caa c022 29/40 L=0.773 Lq=-0.1417 Le=-0.362 rA=0.129 rB=0.271 a_out=4 u_out=4 mem=20.970911026000977
p3-caa c022 30/40 L=0.736 Lq=-0.1421 Le=-0.356 rA=0.129 rB=0.271 a_out=4 u_out=4 mem=20.970911026000977
p3-caa c022 31/40 L=0.679 Lq=-0.1410 Le=-0.349 rA=0.129 rB=0.271 a_out=4 u_out=4 mem=20.970911026000977
p3-caa c022 32/40 L=0.780 Lq=-0.1368 Le=-0.341 rA=0.132 rB=0.268 a_out=3 u_out=3 mem=20.970911026000977
p3-caa c022 33/40 L=0.825 Lq=-0.1349 Le=-0.348 rA=0.133 rB=0.267 a_out=3 u_out=3 mem=20.970911026000977
p3-caa c022 34/40 L=0.757 Lq=-0.1357 Le=-0.342 rA=0.132 rB=0.268 a_out=3 u_out=3 mem=20.970911026000977
p3-caa c022 35/40 L=0.661 Lq=-0.1444 Le=-0.360 rA=0.128 rB=0.272 a_out=4 u_out=4 mem=20.970911026000977
p3-caa c022 36/40 L=0.734 Lq=-0.1373 Le=-0.344 rA=0.131 rB=0.269 a_out=3 u_out=3 mem=20.970911026000977
p3-caa c022 37/40 L=0.749 Lq=-0.1429 Le=-0.359 rA=0.129 rB=0.271 a_out=4 u_out=4 mem=20.970911026000977
p3-caa c022 38/40 L=0.700 Lq=-0.1406 Le=-0.351 rA=0.130 rB=0.270 a_out=4 u_out=4 mem=20.970911026000977
p3-caa c022 39/40 L=0.747 Lq=-0.1405 Le=-0.350 rA=0.130 rB=0.270 a_out=4 u_out=4 mem=20.970911026000977
p3-caa c022 40/40 L=0.686 Lq=-0.1439 Le=-0.358 rA=0.128 rB=0.272 a_out=4 u_out=4 mem=20.970911026000977
== p3-caa attack c023 (18/32) ==
p3-caa c023 1/40 L=2.320 Lq=-0.0262 Le=-0.189 rA=0.187 rB=0.213 a_out=0 u_out=0 mem=20.970911026000977
p3-caa c023 2/40 L=2.184 Lq=-0.0353 Le=-0.202 rA=0.182 rB=0.218 a_out=0 u_out=0 mem=20.970911026000977
p3-caa c023 3/40 L=2.308 Lq=-0.0348 Le=-0.207 rA=0.183 rB=0.217 a_out=0 u_out=0 mem=20.970911026000977
p3-caa c023 4/40 L=2.337 Lq=-0.0319 Le=-0.195 rA=0.184 rB=0.216 a_out=0 u_out=0 mem=20.970911026000977
p3-caa c023 5/40 L=2.223 Lq=-0.0361 Le=-0.201 rA=0.182 rB=0.218 a_out=0 u_out=0 mem=20.970911026000977
p3-caa c023 6/40 L=2.103 Lq=-0.0337 Le=-0.187 rA=0.183 rB=0.217 a_out=0 u_out=0 mem=20.970911026000977
p3-caa c023 7/40 L=2.090 Lq=-0.0390 Le=-0.206 rA=0.181 rB=0.219 a_out=1 u_out=1 mem=20.970911026000977
p3-caa c023 8/40 L=2.171 Lq=-0.0362 Le=-0.205 rA=0.182 rB=0.218 a_out=0 u_out=0 mem=20.970911026000977
p3-caa c023 9/40 L=2.222 Lq=-0.0392 Le=-0.200 rA=0.180 rB=0.220 a_out=1 u_out=1 mem=20.970911026000977
p3-caa c023 10/40 L=1.897 Lq=-0.0453 Le=-0.213 rA=0.177 rB=0.223 a_out=1 u_out=1 mem=20.970911026000977
p3-caa c023 11/40 L=1.950 Lq=-0.0484 Le=-0.220 rA=0.176 rB=0.224 a_out=1 u_out=1 mem=20.970911026000977
p3-caa c023 12/40 L=2.004 Lq=-0.0407 Le=-0.202 rA=0.180 rB=0.220 a_out=1 u_out=1 mem=20.970911026000977
p3-caa c023 13/40 L=1.803 Lq=-0.0486 Le=-0.199 rA=0.176 rB=0.224 a_out=1 u_out=1 mem=20.970911026000977
p3-caa c023 14/40 L=1.841 Lq=-0.0487 Le=-0.212 rA=0.176 rB=0.224 a_out=1 u_out=1 mem=20.970911026000977
p3-caa c023 15/40 L=1.962 Lq=-0.0379 Le=-0.176 rA=0.181 rB=0.219 a_out=0 u_out=0 mem=20.970911026000977
p3-caa c023 16/40 L=2.143 Lq=-0.0325 Le=-0.175 rA=0.184 rB=0.216 a_out=0 u_out=0 mem=20.970911026000977
p3-caa c023 17/40 L=1.814 Lq=-0.0405 Le=-0.157 rA=0.180 rB=0.220 a_out=1 u_out=1 mem=20.970911026000977
p3-caa c023 18/40 L=1.802 Lq=-0.0472 Le=-0.190 rA=0.176 rB=0.224 a_out=1 u_out=1 mem=20.970911026000977
p3-caa c023 19/40 L=1.895 Lq=-0.0479 Le=-0.194 rA=0.176 rB=0.224 a_out=1 u_out=1 mem=20.970911026000977
p3-caa c023 20/40 L=2.048 Lq=-0.0325 Le=-0.166 rA=0.184 rB=0.216 a_out=0 u_out=0 mem=20.970911026000977
p3-caa c023 21/40 L=2.115 Lq=-0.0302 Le=-0.148 rA=0.185 rB=0.215 a_out=0 u_out=0 mem=20.970911026000977
p3-caa c023 22/40 L=1.700 Lq=-0.0551 Le=-0.226 rA=0.172 rB=0.228 a_out=2 u_out=2 mem=20.970911026000977
p3-caa c023 23/40 L=1.665 Lq=-0.0611 Le=-0.249 rA=0.169 rB=0.231 a_out=2 u_out=2 mem=20.970911026000977
p3-caa c023 24/40 L=1.611 Lq=-0.0591 Le=-0.216 rA=0.170 rB=0.230 a_out=2 u_out=2 mem=20.970911026000977
p3-caa c023 25/40 L=1.507 Lq=-0.0655 Le=-0.245 rA=0.167 rB=0.233 a_out=2 u_out=2 mem=20.970911026000977
p3-caa c023 26/40 L=1.619 Lq=-0.0686 Le=-0.271 rA=0.166 rB=0.234 a_out=2 u_out=2 mem=20.970911026000977
p3-caa c023 27/40 L=1.692 Lq=-0.0607 Le=-0.246 rA=0.170 rB=0.230 a_out=2 u_out=2 mem=20.970911026000977
p3-caa c023 28/40 L=1.699 Lq=-0.0623 Le=-0.251 rA=0.169 rB=0.231 a_out=2 u_out=2 mem=20.970911026000977
p3-caa c023 29/40 L=2.302 Lq=-0.0323 Le=-0.186 rA=0.184 rB=0.216 a_out=0 u_out=0 mem=20.970911026000977
p3-caa c023 30/40 L=1.676 Lq=-0.0653 Le=-0.266 rA=0.167 rB=0.233 a_out=2 u_out=2 mem=20.970911026000977
p3-caa c023 31/40 L=1.649 Lq=-0.0616 Le=-0.268 rA=0.169 rB=0.231 a_out=2 u_out=2 mem=20.970911026000977
p3-caa c023 32/40 L=1.791 Lq=-0.0562 Le=-0.246 rA=0.172 rB=0.228 a_out=2 u_out=2 mem=20.970911026000977
p3-caa c023 33/40 L=1.615 Lq=-0.0663 Le=-0.269 rA=0.167 rB=0.233 a_out=2 u_out=2 mem=20.970911026000977
p3-caa c023 34/40 L=1.687 Lq=-0.0625 Le=-0.251 rA=0.169 rB=0.231 a_out=2 u_out=2 mem=20.970911026000977
p3-caa c023 35/40 L=1.585 Lq=-0.0621 Le=-0.241 rA=0.169 rB=0.231 a_out=2 u_out=2 mem=20.970911026000977
p3-caa c023 36/40 L=1.492 Lq=-0.0649 Le=-0.249 rA=0.168 rB=0.232 a_out=2 u_out=2 mem=20.970911026000977
p3-caa c023 37/40 L=1.641 Lq=-0.0695 Le=-0.263 rA=0.165 rB=0.235 a_out=3 u_out=3 mem=20.970911026000977
p3-caa c023 38/40 L=1.613 Lq=-0.0596 Le=-0.242 rA=0.170 rB=0.230 a_out=2 u_out=2 mem=20.970911026000977
p3-caa c023 39/40 L=1.643 Lq=-0.0630 Le=-0.248 rA=0.169 rB=0.231 a_out=2 u_out=2 mem=20.970911026000977
p3-caa c023 40/40 L=1.511 Lq=-0.0753 Le=-0.280 rA=0.162 rB=0.238 a_out=3 u_out=3 mem=20.970911026000977
== p3-caa attack c025 (19/32) ==
p3-caa c025 1/40 L=2.680 Lq=-0.0179 Le=-0.095 rA=0.191 rB=0.209 a_out=0 u_out=0 mem=20.970911026000977
p3-caa c025 2/40 L=2.515 Lq=-0.0201 Le=-0.112 rA=0.190 rB=0.210 a_out=1 u_out=1 mem=20.970911026000977
p3-caa c025 3/40 L=2.254 Lq=-0.0385 Le=-0.141 rA=0.181 rB=0.219 a_out=2 u_out=2 mem=20.970911026000977
p3-caa c025 4/40 L=2.462 Lq=-0.0280 Le=-0.074 rA=0.186 rB=0.214 a_out=1 u_out=1 mem=20.970911026000977
p3-caa c025 5/40 L=2.388 Lq=-0.0352 Le=-0.168 rA=0.182 rB=0.218 a_out=2 u_out=2 mem=20.970911026000977
p3-caa c025 6/40 L=2.122 Lq=-0.0486 Le=-0.183 rA=0.176 rB=0.224 a_out=3 u_out=3 mem=20.970911026000977
p3-caa c025 7/40 L=2.079 Lq=-0.0547 Le=-0.175 rA=0.173 rB=0.227 a_out=3 u_out=3 mem=20.970911026000977
p3-caa c025 8/40 L=2.117 Lq=-0.0429 Le=-0.165 rA=0.179 rB=0.221 a_out=2 u_out=2 mem=20.970911026000977
p3-caa c025 9/40 L=1.937 Lq=-0.0517 Le=-0.176 rA=0.174 rB=0.226 a_out=3 u_out=3 mem=20.970911026000977
p3-caa c025 10/40 L=1.778 Lq=-0.0574 Le=-0.150 rA=0.171 rB=0.229 a_out=3 u_out=3 mem=20.970911026000977
p3-caa c025 11/40 L=1.874 Lq=-0.0541 Le=-0.191 rA=0.173 rB=0.227 a_out=3 u_out=3 mem=20.970911026000977
p3-caa c025 12/40 L=1.782 Lq=-0.0596 Le=-0.182 rA=0.170 rB=0.230 a_out=3 u_out=3 mem=20.970911026000977
p3-caa c025 13/40 L=1.685 Lq=-0.0673 Le=-0.195 rA=0.166 rB=0.234 a_out=4 u_out=4 mem=20.970911026000977
p3-caa c025 14/40 L=1.617 Lq=-0.0682 Le=-0.212 rA=0.166 rB=0.234 a_out=4 u_out=4 mem=20.970911026000977
p3-caa c025 15/40 L=1.678 Lq=-0.0652 Le=-0.204 rA=0.167 rB=0.233 a_out=4 u_out=4 mem=20.970911026000977
p3-caa c025 16/40 L=1.733 Lq=-0.0691 Le=-0.211 rA=0.165 rB=0.235 a_out=4 u_out=4 mem=20.970911026000977
p3-caa c025 17/40 L=1.699 Lq=-0.0666 Le=-0.202 rA=0.167 rB=0.233 a_out=4 u_out=4 mem=20.970911026000977
p3-caa c025 18/40 L=1.597 Lq=-0.0758 Le=-0.229 rA=0.162 rB=0.238 a_out=5 u_out=5 mem=20.970911026000977
p3-caa c025 19/40 L=1.513 Lq=-0.0747 Le=-0.229 rA=0.163 rB=0.237 a_out=5 u_out=5 mem=20.970911026000977
p3-caa c025 20/40 L=1.643 Lq=-0.0714 Le=-0.214 rA=0.164 rB=0.236 a_out=4 u_out=4 mem=20.970911026000977
p3-caa c025 21/40 L=1.460 Lq=-0.0807 Le=-0.221 rA=0.160 rB=0.240 a_out=5 u_out=5 mem=20.970911026000977
p3-caa c025 22/40 L=1.454 Lq=-0.0863 Le=-0.257 rA=0.157 rB=0.243 a_out=5 u_out=5 mem=20.970911026000977
p3-caa c025 23/40 L=1.358 Lq=-0.0882 Le=-0.244 rA=0.156 rB=0.244 a_out=6 u_out=6 mem=20.970911026000977
p3-caa c025 24/40 L=1.488 Lq=-0.0866 Le=-0.257 rA=0.157 rB=0.243 a_out=5 u_out=5 mem=20.970911026000977
p3-caa c025 25/40 L=1.563 Lq=-0.0809 Le=-0.251 rA=0.160 rB=0.240 a_out=5 u_out=5 mem=20.970911026000977
p3-caa c025 26/40 L=1.463 Lq=-0.0831 Le=-0.239 rA=0.158 rB=0.242 a_out=5 u_out=5 mem=20.970911026000977
p3-caa c025 27/40 L=1.540 Lq=-0.0804 Le=-0.251 rA=0.160 rB=0.240 a_out=5 u_out=5 mem=20.970911026000977
p3-caa c025 28/40 L=1.537 Lq=-0.0831 Le=-0.251 rA=0.158 rB=0.242 a_out=5 u_out=5 mem=20.970911026000977
p3-caa c025 29/40 L=1.393 Lq=-0.0817 Le=-0.235 rA=0.159 rB=0.241 a_out=5 u_out=5 mem=20.970911026000977
p3-caa c025 30/40 L=2.025 Lq=-0.0636 Le=-0.227 rA=0.168 rB=0.232 a_out=4 u_out=4 mem=20.970911026000977
p3-caa c025 31/40 L=1.989 Lq=-0.0669 Le=-0.225 rA=0.167 rB=0.233 a_out=4 u_out=4 mem=20.970911026000977
p3-caa c025 32/40 L=2.030 Lq=-0.0683 Le=-0.239 rA=0.166 rB=0.234 a_out=4 u_out=4 mem=20.970911026000977
p3-caa c025 33/40 L=2.426 Lq=-0.0379 Le=-0.177 rA=0.181 rB=0.219 a_out=2 u_out=2 mem=20.970911026000977
p3-caa c025 34/40 L=2.118 Lq=-0.0478 Le=-0.168 rA=0.176 rB=0.224 a_out=3 u_out=3 mem=20.970911026000977
p3-caa c025 35/40 L=2.329 Lq=-0.0391 Le=-0.163 rA=0.180 rB=0.220 a_out=2 u_out=2 mem=20.970911026000977
p3-caa c025 36/40 L=2.357 Lq=-0.0261 Le=-0.069 rA=0.187 rB=0.213 a_out=1 u_out=1 mem=20.970911026000977
p3-caa c025 37/40 L=2.136 Lq=-0.0380 Le=-0.126 rA=0.181 rB=0.219 a_out=2 u_out=2 mem=20.970911026000977
p3-caa c025 38/40 L=2.263 Lq=-0.0297 Le=-0.112 rA=0.185 rB=0.215 a_out=1 u_out=1 mem=20.970911026000977
p3-caa c025 39/40 L=2.318 Lq=-0.0309 Le=-0.077 rA=0.185 rB=0.215 a_out=1 u_out=1 mem=20.970911026000977
p3-caa c025 40/40 L=2.182 Lq=-0.0334 Le=-0.062 rA=0.183 rB=0.217 a_out=2 u_out=2 mem=20.970911026000977
== p3-caa attack c026 (20/32) ==
p3-caa c026 1/40 L=1.976 Lq=-0.0469 Le=-0.192 rA=0.177 rB=0.223 a_out=0 u_out=0 mem=20.970911026000977
p3-caa c026 2/40 L=1.966 Lq=-0.0615 Le=-0.235 rA=0.169 rB=0.231 a_out=1 u_out=1 mem=20.970911026000977
p3-caa c026 3/40 L=2.081 Lq=-0.0458 Le=-0.200 rA=0.177 rB=0.223 a_out=0 u_out=0 mem=20.970911026000977
p3-caa c026 4/40 L=1.909 Lq=-0.0598 Le=-0.237 rA=0.170 rB=0.230 a_out=1 u_out=1 mem=20.970911026000977
p3-caa c026 5/40 L=1.833 Lq=-0.0669 Le=-0.267 rA=0.167 rB=0.233 a_out=1 u_out=1 mem=20.970911026000977
p3-caa c026 6/40 L=1.981 Lq=-0.0610 Le=-0.257 rA=0.170 rB=0.230 a_out=1 u_out=1 mem=20.970911026000977
p3-caa c026 7/40 L=2.069 Lq=-0.0414 Le=-0.154 rA=0.179 rB=0.221 a_out=0 u_out=0 mem=20.970911026000977
p3-caa c026 8/40 L=2.038 Lq=-0.0376 Le=-0.151 rA=0.181 rB=0.219 a_out=0 u_out=0 mem=20.970911026000977
p3-caa c026 9/40 L=2.124 Lq=-0.0438 Le=-0.165 rA=0.178 rB=0.222 a_out=0 u_out=0 mem=20.970911026000977
p3-caa c026 10/40 L=2.072 Lq=-0.0509 Le=-0.227 rA=0.175 rB=0.225 a_out=0 u_out=0 mem=20.970911026000977
p3-caa c026 11/40 L=1.928 Lq=-0.0569 Le=-0.213 rA=0.172 rB=0.228 a_out=1 u_out=1 mem=20.970911026000977
p3-caa c026 12/40 L=2.087 Lq=-0.0506 Le=-0.226 rA=0.175 rB=0.225 a_out=0 u_out=0 mem=20.970911026000977
p3-caa c026 13/40 L=1.899 Lq=-0.0629 Le=-0.237 rA=0.169 rB=0.231 a_out=1 u_out=1 mem=20.970911026000977
p3-caa c026 14/40 L=1.867 Lq=-0.0661 Le=-0.252 rA=0.167 rB=0.233 a_out=1 u_out=1 mem=20.970911026000977
p3-caa c026 15/40 L=2.042 Lq=-0.0567 Le=-0.233 rA=0.172 rB=0.228 a_out=1 u_out=1 mem=20.970911026000977
p3-caa c026 16/40 L=2.152 Lq=-0.0612 Le=-0.248 rA=0.169 rB=0.231 a_out=1 u_out=1 mem=20.970911026000977
p3-caa c026 17/40 L=2.021 Lq=-0.0563 Le=-0.224 rA=0.172 rB=0.228 a_out=1 u_out=1 mem=20.970911026000977
p3-caa c026 18/40 L=1.792 Lq=-0.0863 Le=-0.305 rA=0.157 rB=0.243 a_out=3 u_out=3 mem=20.970911026000977
p3-caa c026 19/40 L=1.615 Lq=-0.0785 Le=-0.283 rA=0.161 rB=0.239 a_out=2 u_out=2 mem=20.970911026000977
p3-caa c026 20/40 L=1.574 Lq=-0.0698 Le=-0.235 rA=0.165 rB=0.235 a_out=2 u_out=2 mem=20.970911026000977
p3-caa c026 21/40 L=1.843 Lq=-0.0630 Le=-0.247 rA=0.169 rB=0.231 a_out=1 u_out=1 mem=20.970911026000977
p3-caa c026 22/40 L=1.628 Lq=-0.0770 Le=-0.272 rA=0.162 rB=0.238 a_out=2 u_out=2 mem=20.970911026000977
p3-caa c026 23/40 L=1.986 Lq=-0.0561 Le=-0.244 rA=0.172 rB=0.228 a_out=1 u_out=1 mem=20.970911026000977
p3-caa c026 24/40 L=1.714 Lq=-0.0743 Le=-0.274 rA=0.163 rB=0.237 a_out=2 u_out=2 mem=20.970911026000977
p3-caa c026 25/40 L=1.986 Lq=-0.0602 Le=-0.263 rA=0.170 rB=0.230 a_out=1 u_out=1 mem=20.970911026000977
p3-caa c026 26/40 L=2.256 Lq=-0.0497 Le=-0.252 rA=0.175 rB=0.225 a_out=0 u_out=0 mem=20.970911026000977
p3-caa c026 27/40 L=1.889 Lq=-0.0611 Le=-0.252 rA=0.169 rB=0.231 a_out=1 u_out=1 mem=20.970911026000977
p3-caa c026 28/40 L=1.696 Lq=-0.0709 Le=-0.242 rA=0.165 rB=0.235 a_out=2 u_out=2 mem=20.970911026000977
p3-caa c026 29/40 L=2.179 Lq=-0.0453 Le=-0.214 rA=0.177 rB=0.223 a_out=0 u_out=0 mem=20.970911026000977
p3-caa c026 30/40 L=1.806 Lq=-0.0569 Le=-0.220 rA=0.172 rB=0.228 a_out=1 u_out=1 mem=20.970911026000977
p3-caa c026 31/40 L=1.968 Lq=-0.0524 Le=-0.217 rA=0.174 rB=0.226 a_out=0 u_out=0 mem=20.970911026000977
p3-caa c026 32/40 L=1.951 Lq=-0.0498 Le=-0.207 rA=0.175 rB=0.225 a_out=0 u_out=0 mem=20.970911026000977
p3-caa c026 33/40 L=1.730 Lq=-0.0762 Le=-0.286 rA=0.162 rB=0.238 a_out=2 u_out=2 mem=20.970911026000977
p3-caa c026 34/40 L=1.862 Lq=-0.0622 Le=-0.266 rA=0.169 rB=0.231 a_out=1 u_out=1 mem=20.970911026000977
p3-caa c026 35/40 L=1.998 Lq=-0.0568 Le=-0.235 rA=0.172 rB=0.228 a_out=1 u_out=1 mem=20.970911026000977
p3-caa c026 36/40 L=2.004 Lq=-0.0489 Le=-0.187 rA=0.176 rB=0.224 a_out=0 u_out=0 mem=20.970911026000977
p3-caa c026 37/40 L=1.887 Lq=-0.0454 Le=-0.142 rA=0.177 rB=0.223 a_out=0 u_out=0 mem=20.970911026000977
p3-caa c026 38/40 L=1.822 Lq=-0.0549 Le=-0.202 rA=0.173 rB=0.227 a_out=1 u_out=1 mem=20.970911026000977
p3-caa c026 39/40 L=1.773 Lq=-0.0618 Le=-0.219 rA=0.169 rB=0.231 a_out=1 u_out=1 mem=20.970911026000977
p3-caa c026 40/40 L=1.607 Lq=-0.0910 Le=-0.317 rA=0.155 rB=0.245 a_out=3 u_out=3 mem=20.970911026000977
== p3-caa attack c028 (21/32) ==
p3-caa c028 1/40 L=3.403 Lq=+0.0106 Le=0.018 rA=0.205 rB=0.195 a_out=0 u_out=0 mem=20.970911026000977
p3-caa c028 2/40 L=3.125 Lq=+0.0060 Le=0.006 rA=0.203 rB=0.197 a_out=1 u_out=1 mem=20.970911026000977
p3-caa c028 3/40 L=3.350 Lq=+0.0140 Le=0.057 rA=0.207 rB=0.193 a_out=0 u_out=0 mem=20.970911026000977
p3-caa c028 4/40 L=3.169 Lq=+0.0073 Le=0.049 rA=0.204 rB=0.196 a_out=1 u_out=1 mem=20.970911026000977
p3-caa c028 5/40 L=3.158 Lq=+0.0031 Le=-0.021 rA=0.202 rB=0.198 a_out=1 u_out=1 mem=20.970911026000977
p3-caa c028 6/40 L=3.118 Lq=+0.0035 Le=-0.011 rA=0.202 rB=0.198 a_out=1 u_out=1 mem=20.970911026000977
p3-caa c028 7/40 L=3.209 Lq=+0.0100 Le=0.029 rA=0.205 rB=0.195 a_out=0 u_out=0 mem=20.970911026000977
p3-caa c028 8/40 L=2.950 Lq=-0.0067 Le=-0.022 rA=0.197 rB=0.203 a_out=1 u_out=1 mem=20.970911026000977
p3-caa c028 9/40 L=3.208 Lq=+0.0096 Le=0.077 rA=0.205 rB=0.195 a_out=0 u_out=0 mem=20.970911026000977
p3-caa c028 10/40 L=3.192 Lq=-0.0089 Le=-0.120 rA=0.196 rB=0.204 a_out=2 u_out=2 mem=20.970911026000977
p3-caa c028 11/40 L=3.100 Lq=-0.0032 Le=-0.119 rA=0.198 rB=0.202 a_out=1 u_out=1 mem=20.970911026000977
p3-caa c028 12/40 L=2.971 Lq=-0.0183 Le=-0.171 rA=0.191 rB=0.209 a_out=2 u_out=2 mem=20.970911026000977
p3-caa c028 13/40 L=2.915 Lq=-0.0140 Le=-0.093 rA=0.193 rB=0.207 a_out=2 u_out=2 mem=20.970911026000977
p3-caa c028 14/40 L=2.902 Lq=-0.0140 Le=-0.130 rA=0.193 rB=0.207 a_out=2 u_out=2 mem=20.970911026000977
p3-caa c028 15/40 L=3.160 Lq=-0.0118 Le=-0.086 rA=0.194 rB=0.206 a_out=2 u_out=2 mem=20.970911026000977
p3-caa c028 16/40 L=2.658 Lq=-0.0331 Le=-0.161 rA=0.183 rB=0.217 a_out=3 u_out=3 mem=20.970911026000977
p3-caa c028 17/40 L=2.881 Lq=-0.0193 Le=-0.112 rA=0.190 rB=0.210 a_out=2 u_out=2 mem=20.970911026000977
p3-caa c028 18/40 L=2.792 Lq=-0.0097 Le=-0.051 rA=0.195 rB=0.205 a_out=2 u_out=2 mem=20.970911026000977
p3-caa c028 19/40 L=2.905 Lq=-0.0152 Le=-0.018 rA=0.192 rB=0.208 a_out=2 u_out=2 mem=20.970911026000977
p3-caa c028 20/40 L=2.921 Lq=-0.0152 Le=-0.061 rA=0.192 rB=0.208 a_out=2 u_out=2 mem=20.970911026000977
p3-caa c028 21/40 L=2.761 Lq=-0.0088 Le=-0.048 rA=0.196 rB=0.204 a_out=2 u_out=2 mem=20.970911026000977
p3-caa c028 22/40 L=3.053 Lq=-0.0171 Le=-0.097 rA=0.191 rB=0.209 a_out=2 u_out=2 mem=20.970911026000977
p3-caa c028 23/40 L=2.799 Lq=-0.0245 Le=-0.076 rA=0.188 rB=0.212 a_out=3 u_out=3 mem=20.970911026000977
p3-caa c028 24/40 L=2.806 Lq=-0.0181 Le=-0.093 rA=0.191 rB=0.209 a_out=2 u_out=2 mem=20.970911026000977
p3-caa c028 25/40 L=2.587 Lq=-0.0267 Le=-0.107 rA=0.187 rB=0.213 a_out=3 u_out=3 mem=20.970911026000977
p3-caa c028 26/40 L=2.694 Lq=-0.0173 Le=-0.054 rA=0.191 rB=0.209 a_out=2 u_out=2 mem=20.970911026000977
p3-caa c028 27/40 L=3.048 Lq=-0.0125 Le=-0.126 rA=0.194 rB=0.206 a_out=2 u_out=2 mem=20.970911026000977
p3-caa c028 28/40 L=2.808 Lq=-0.0161 Le=-0.069 rA=0.192 rB=0.208 a_out=2 u_out=2 mem=20.970911026000977
p3-caa c028 29/40 L=2.901 Lq=-0.0083 Le=-0.093 rA=0.196 rB=0.204 a_out=2 u_out=2 mem=20.970911026000977
p3-caa c028 30/40 L=2.622 Lq=-0.0182 Le=-0.065 rA=0.191 rB=0.209 a_out=2 u_out=2 mem=20.970911026000977
p3-caa c028 31/40 L=2.898 Lq=-0.0103 Le=-0.086 rA=0.195 rB=0.205 a_out=2 u_out=2 mem=20.970911026000977
p3-caa c028 32/40 L=2.715 Lq=-0.0123 Le=-0.083 rA=0.194 rB=0.206 a_out=2 u_out=2 mem=20.970911026000977
p3-caa c028 33/40 L=2.730 Lq=-0.0086 Le=-0.003 rA=0.196 rB=0.204 a_out=2 u_out=2 mem=20.970911026000977
p3-caa c028 34/40 L=2.925 Lq=-0.0088 Le=-0.012 rA=0.196 rB=0.204 a_out=2 u_out=2 mem=20.970911026000977
p3-caa c028 35/40 L=2.620 Lq=-0.0170 Le=-0.055 rA=0.192 rB=0.208 a_out=2 u_out=2 mem=20.970911026000977
p3-caa c028 36/40 L=2.953 Lq=-0.0081 Le=-0.027 rA=0.196 rB=0.204 a_out=2 u_out=2 mem=20.970911026000977
p3-caa c028 37/40 L=3.060 Lq=-0.0045 Le=-0.027 rA=0.198 rB=0.202 a_out=1 u_out=1 mem=20.970911026000977
p3-caa c028 38/40 L=2.682 Lq=-0.0158 Le=-0.023 rA=0.192 rB=0.208 a_out=2 u_out=2 mem=20.970911026000977
p3-caa c028 39/40 L=3.035 Lq=-0.0055 Le=-0.067 rA=0.197 rB=0.203 a_out=1 u_out=1 mem=20.970911026000977
p3-caa c028 40/40 L=2.689 Lq=-0.0228 Le=-0.113 rA=0.189 rB=0.211 a_out=3 u_out=3 mem=20.970911026000977
== p3-caa attack c029 (22/32) ==
p3-caa c029 1/40 L=2.155 Lq=-0.0702 Le=-0.258 rA=0.165 rB=0.235 a_out=0 u_out=0 mem=20.970911026000977
p3-caa c029 2/40 L=2.140 Lq=-0.0600 Le=-0.228 rA=0.170 rB=0.230 a_out=0 u_out=0 mem=20.970911026000977
p3-caa c029 3/40 L=2.765 Lq=-0.0421 Le=-0.187 rA=0.179 rB=0.221 a_out=0 u_out=0 mem=20.970911026000977
p3-caa c029 4/40 L=2.174 Lq=-0.0604 Le=-0.222 rA=0.170 rB=0.230 a_out=0 u_out=0 mem=20.970911026000977
p3-caa c029 5/40 L=2.173 Lq=-0.0544 Le=-0.191 rA=0.173 rB=0.227 a_out=0 u_out=0 mem=20.970911026000977
p3-caa c029 6/40 L=2.363 Lq=-0.0502 Le=-0.209 rA=0.175 rB=0.225 a_out=0 u_out=0 mem=20.970911026000977
p3-caa c029 7/40 L=2.139 Lq=-0.0547 Le=-0.220 rA=0.173 rB=0.227 a_out=0 u_out=0 mem=20.970911026000977
p3-caa c029 8/40 L=2.363 Lq=-0.0383 Le=-0.176 rA=0.181 rB=0.219 a_out=0 u_out=0 mem=20.970911026000977
p3-caa c029 9/40 L=2.149 Lq=-0.0547 Le=-0.211 rA=0.173 rB=0.227 a_out=0 u_out=0 mem=20.970911026000977
p3-caa c029 10/40 L=2.172 Lq=-0.0503 Le=-0.203 rA=0.175 rB=0.225 a_out=0 u_out=0 mem=20.970911026000977
p3-caa c029 11/40 L=2.318 Lq=-0.0457 Le=-0.201 rA=0.177 rB=0.223 a_out=0 u_out=0 mem=20.970911026000977
p3-caa c029 12/40 L=2.127 Lq=-0.0555 Le=-0.219 rA=0.172 rB=0.228 a_out=0 u_out=0 mem=20.970911026000977
p3-caa c029 13/40 L=2.111 Lq=-0.0650 Le=-0.274 rA=0.167 rB=0.233 a_out=0 u_out=0 mem=20.970911026000977
p3-caa c029 14/40 L=2.152 Lq=-0.0570 Le=-0.223 rA=0.171 rB=0.229 a_out=0 u_out=0 mem=20.970911026000977
p3-caa c029 15/40 L=2.217 Lq=-0.0594 Le=-0.225 rA=0.170 rB=0.230 a_out=0 u_out=0 mem=20.970911026000977
p3-caa c029 16/40 L=2.124 Lq=-0.0522 Le=-0.181 rA=0.174 rB=0.226 a_out=0 u_out=0 mem=20.970911026000977
p3-caa c029 17/40 L=2.206 Lq=-0.0572 Le=-0.206 rA=0.171 rB=0.229 a_out=0 u_out=0 mem=20.970911026000977
p3-caa c029 18/40 L=2.240 Lq=-0.0525 Le=-0.204 rA=0.174 rB=0.226 a_out=0 u_out=0 mem=20.970911026000977
p3-caa c029 19/40 L=2.146 Lq=-0.0577 Le=-0.222 rA=0.171 rB=0.229 a_out=0 u_out=0 mem=20.970911026000977
p3-caa c029 20/40 L=2.056 Lq=-0.0642 Le=-0.258 rA=0.168 rB=0.232 a_out=0 u_out=0 mem=20.970911026000977
p3-caa c029 21/40 L=2.067 Lq=-0.0720 Le=-0.268 rA=0.164 rB=0.236 a_out=0 u_out=0 mem=20.970911026000977
p3-caa c029 22/40 L=2.115 Lq=-0.0599 Le=-0.230 rA=0.170 rB=0.230 a_out=0 u_out=0 mem=20.970911026000977
p3-caa c029 23/40 L=2.101 Lq=-0.0703 Le=-0.255 rA=0.165 rB=0.235 a_out=0 u_out=0 mem=20.970911026000977
p3-caa c029 24/40 L=1.694 Lq=-0.0858 Le=-0.271 rA=0.157 rB=0.243 a_out=1 u_out=1 mem=20.970911026000977
p3-caa c029 25/40 L=1.895 Lq=-0.0796 Le=-0.263 rA=0.160 rB=0.240 a_out=1 u_out=1 mem=20.970911026000977
p3-caa c029 26/40 L=2.071 Lq=-0.0712 Le=-0.260 rA=0.164 rB=0.236 a_out=0 u_out=0 mem=20.970911026000977
p3-caa c029 27/40 L=2.125 Lq=-0.0671 Le=-0.258 rA=0.166 rB=0.234 a_out=0 u_out=0 mem=20.970911026000977
p3-caa c029 28/40 L=1.806 Lq=-0.0787 Le=-0.265 rA=0.161 rB=0.239 a_out=1 u_out=1 mem=20.970911026000977
p3-caa c029 29/40 L=1.923 Lq=-0.0840 Le=-0.285 rA=0.158 rB=0.242 a_out=1 u_out=1 mem=20.970911026000977
p3-caa c029 30/40 L=1.883 Lq=-0.0777 Le=-0.266 rA=0.161 rB=0.239 a_out=1 u_out=1 mem=20.970911026000977
p3-caa c029 31/40 L=1.732 Lq=-0.0892 Le=-0.293 rA=0.155 rB=0.245 a_out=2 u_out=2 mem=20.970911026000977
p3-caa c029 32/40 L=1.771 Lq=-0.0947 Le=-0.315 rA=0.153 rB=0.247 a_out=2 u_out=2 mem=20.970911026000977
p3-caa c029 33/40 L=1.933 Lq=-0.0890 Le=-0.303 rA=0.156 rB=0.244 a_out=2 u_out=2 mem=20.970911026000977
p3-caa c029 34/40 L=1.518 Lq=-0.1049 Le=-0.326 rA=0.148 rB=0.252 a_out=3 u_out=3 mem=20.970911026000977
p3-caa c029 35/40 L=1.629 Lq=-0.1049 Le=-0.340 rA=0.148 rB=0.252 a_out=3 u_out=3 mem=20.970911026000977
p3-caa c029 36/40 L=1.564 Lq=-0.1090 Le=-0.344 rA=0.146 rB=0.254 a_out=3 u_out=3 mem=20.970911026000977
p3-caa c029 37/40 L=1.485 Lq=-0.1172 Le=-0.350 rA=0.141 rB=0.259 a_out=4 u_out=4 mem=20.970911026000977
p3-caa c029 38/40 L=1.333 Lq=-0.1150 Le=-0.344 rA=0.142 rB=0.258 a_out=3 u_out=3 mem=20.970911026000977
p3-caa c029 39/40 L=1.302 Lq=-0.1174 Le=-0.350 rA=0.141 rB=0.259 a_out=4 u_out=4 mem=20.970911026000977
p3-caa c029 40/40 L=1.259 Lq=-0.1183 Le=-0.349 rA=0.141 rB=0.259 a_out=4 u_out=4 mem=20.970911026000977
== p3-caa attack c030 (23/32) ==
p3-caa c030 1/40 L=2.469 Lq=-0.0119 Le=-0.121 rA=0.194 rB=0.206 a_out=0 u_out=0 mem=20.970911026000977
p3-caa c030 2/40 L=1.736 Lq=-0.0467 Le=-0.251 rA=0.177 rB=0.223 a_out=2 u_out=2 mem=20.970911026000977
p3-caa c030 3/40 L=1.586 Lq=-0.0568 Le=-0.250 rA=0.172 rB=0.228 a_out=3 u_out=3 mem=20.970911026000977
p3-caa c030 4/40 L=1.287 Lq=-0.0675 Le=-0.263 rA=0.166 rB=0.234 a_out=3 u_out=3 mem=20.970911026000977
p3-caa c030 5/40 L=1.270 Lq=-0.0731 Le=-0.276 rA=0.163 rB=0.237 a_out=4 u_out=4 mem=20.970911026000977
p3-caa c030 6/40 L=1.184 Lq=-0.0829 Le=-0.300 rA=0.159 rB=0.241 a_out=4 u_out=4 mem=20.970911026000977
p3-caa c030 7/40 L=1.156 Lq=-0.0845 Le=-0.314 rA=0.158 rB=0.242 a_out=4 u_out=4 mem=20.970911026000977
p3-caa c030 8/40 L=1.189 Lq=-0.0747 Le=-0.277 rA=0.163 rB=0.237 a_out=4 u_out=4 mem=20.970911026000977
p3-caa c030 9/40 L=1.169 Lq=-0.0782 Le=-0.283 rA=0.161 rB=0.239 a_out=4 u_out=4 mem=20.970911026000977
p3-caa c030 10/40 L=1.095 Lq=-0.0816 Le=-0.291 rA=0.159 rB=0.241 a_out=4 u_out=4 mem=20.970911026000977
p3-caa c030 11/40 L=1.062 Lq=-0.0897 Le=-0.317 rA=0.155 rB=0.245 a_out=5 u_out=5 mem=20.970911026000977
p3-caa c030 12/40 L=0.956 Lq=-0.0932 Le=-0.315 rA=0.153 rB=0.247 a_out=5 u_out=5 mem=20.970911026000977
p3-caa c030 13/40 L=1.058 Lq=-0.0874 Le=-0.299 rA=0.156 rB=0.244 a_out=5 u_out=5 mem=20.970911026000977
p3-caa c030 14/40 L=0.838 Lq=-0.0968 Le=-0.316 rA=0.152 rB=0.248 a_out=5 u_out=5 mem=20.970911026000977
p3-caa c030 15/40 L=0.942 Lq=-0.0939 Le=-0.309 rA=0.153 rB=0.247 a_out=5 u_out=5 mem=20.970911026000977
p3-caa c030 16/40 L=0.980 Lq=-0.0980 Le=-0.333 rA=0.151 rB=0.249 a_out=5 u_out=5 mem=20.970911026000977
p3-caa c030 17/40 L=0.933 Lq=-0.0965 Le=-0.320 rA=0.152 rB=0.248 a_out=5 u_out=5 mem=20.970911026000977
p3-caa c030 18/40 L=0.865 Lq=-0.0976 Le=-0.323 rA=0.151 rB=0.249 a_out=5 u_out=5 mem=20.970911026000977
p3-caa c030 19/40 L=0.816 Lq=-0.1072 Le=-0.351 rA=0.146 rB=0.254 a_out=6 u_out=6 mem=20.970911026000977
p3-caa c030 20/40 L=0.965 Lq=-0.1016 Le=-0.340 rA=0.149 rB=0.251 a_out=6 u_out=6 mem=20.970911026000977
p3-caa c030 21/40 L=0.865 Lq=-0.1054 Le=-0.343 rA=0.147 rB=0.253 a_out=6 u_out=6 mem=20.970911026000977
p3-caa c030 22/40 L=0.709 Lq=-0.1131 Le=-0.352 rA=0.143 rB=0.257 a_out=6 u_out=6 mem=20.970911026000977
p3-caa c030 23/40 L=0.750 Lq=-0.1088 Le=-0.346 rA=0.146 rB=0.254 a_out=6 u_out=6 mem=20.970911026000977
p3-caa c030 24/40 L=1.208 Lq=-0.0811 Le=-0.299 rA=0.159 rB=0.241 a_out=4 u_out=4 mem=20.970911026000977
p3-caa c030 25/40 L=1.057 Lq=-0.0940 Le=-0.329 rA=0.153 rB=0.247 a_out=5 u_out=5 mem=20.970911026000977
p3-caa c030 26/40 L=0.876 Lq=-0.1035 Le=-0.344 rA=0.148 rB=0.252 a_out=6 u_out=6 mem=20.970911026000977
p3-caa c030 27/40 L=0.798 Lq=-0.1088 Le=-0.355 rA=0.146 rB=0.254 a_out=6 u_out=6 mem=20.970911026000977
p3-caa c030 28/40 L=0.737 Lq=-0.1097 Le=-0.351 rA=0.145 rB=0.255 a_out=6 u_out=6 mem=20.970911026000977
p3-caa c030 29/40 L=0.658 Lq=-0.1183 Le=-0.362 rA=0.141 rB=0.259 a_out=7 u_out=7 mem=20.970911026000977
p3-caa c030 30/40 L=0.766 Lq=-0.1102 Le=-0.349 rA=0.145 rB=0.255 a_out=6 u_out=6 mem=20.970911026000977
p3-caa c030 31/40 L=0.809 Lq=-0.1039 Le=-0.336 rA=0.148 rB=0.252 a_out=6 u_out=6 mem=20.970911026000977
p3-caa c030 32/40 L=0.667 Lq=-0.1168 Le=-0.357 rA=0.142 rB=0.258 a_out=7 u_out=7 mem=20.970911026000977
p3-caa c030 33/40 L=0.616 Lq=-0.1149 Le=-0.346 rA=0.143 rB=0.257 a_out=6 u_out=6 mem=20.970911026000977
p3-caa c030 34/40 L=0.703 Lq=-0.1144 Le=-0.350 rA=0.143 rB=0.257 a_out=6 u_out=6 mem=20.970911026000977
p3-caa c030 35/40 L=0.685 Lq=-0.1140 Le=-0.349 rA=0.143 rB=0.257 a_out=6 u_out=6 mem=20.970911026000977
p3-caa c030 36/40 L=0.648 Lq=-0.1144 Le=-0.346 rA=0.143 rB=0.257 a_out=6 u_out=6 mem=20.970911026000977
p3-caa c030 37/40 L=0.658 Lq=-0.1126 Le=-0.344 rA=0.144 rB=0.256 a_out=6 u_out=6 mem=20.970911026000977
p3-caa c030 38/40 L=0.573 Lq=-0.1260 Le=-0.371 rA=0.137 rB=0.263 a_out=7 u_out=7 mem=20.970911026000977
p3-caa c030 39/40 L=0.559 Lq=-0.1199 Le=-0.355 rA=0.140 rB=0.260 a_out=7 u_out=7 mem=20.970911026000977
p3-caa c030 40/40 L=0.599 Lq=-0.1200 Le=-0.359 rA=0.140 rB=0.260 a_out=7 u_out=7 mem=20.970911026000977
== p3-caa attack c031 (24/32) ==
p3-caa c031 1/40 L=2.621 Lq=-0.0472 Le=0.270 rA=0.176 rB=0.224 a_out=0 u_out=0 mem=20.970911026000977
p3-caa c031 2/40 L=2.564 Lq=-0.0518 Le=0.310 rA=0.174 rB=0.226 a_out=0 u_out=0 mem=20.970911026000977
p3-caa c031 3/40 L=2.566 Lq=-0.0514 Le=0.371 rA=0.174 rB=0.226 a_out=0 u_out=0 mem=20.970911026000977
p3-caa c031 4/40 L=2.411 Lq=-0.0582 Le=0.308 rA=0.171 rB=0.229 a_out=0 u_out=0 mem=20.970911026000977
p3-caa c031 5/40 L=2.391 Lq=-0.0566 Le=0.287 rA=0.172 rB=0.228 a_out=0 u_out=0 mem=20.970911026000977
p3-caa c031 6/40 L=2.255 Lq=-0.0614 Le=0.387 rA=0.169 rB=0.231 a_out=1 u_out=0 mem=20.970911026000977
p3-caa c031 7/40 L=2.188 Lq=-0.0738 Le=0.161 rA=0.163 rB=0.237 a_out=1 u_out=0 mem=20.970911026000977
p3-caa c031 8/40 L=2.120 Lq=-0.0716 Le=0.167 rA=0.164 rB=0.236 a_out=1 u_out=0 mem=20.970911026000977
p3-caa c031 9/40 L=2.120 Lq=-0.0767 Le=0.166 rA=0.162 rB=0.238 a_out=2 u_out=0 mem=20.970911026000977
p3-caa c031 10/40 L=2.063 Lq=-0.0706 Le=0.360 rA=0.165 rB=0.235 a_out=1 u_out=0 mem=20.970911026000977
p3-caa c031 11/40 L=1.936 Lq=-0.0822 Le=0.328 rA=0.159 rB=0.241 a_out=2 u_out=0 mem=20.970911026000977
p3-caa c031 12/40 L=1.724 Lq=-0.0829 Le=0.262 rA=0.159 rB=0.241 a_out=2 u_out=0 mem=20.970911026000977
p3-caa c031 13/40 L=1.795 Lq=-0.0831 Le=0.215 rA=0.158 rB=0.242 a_out=2 u_out=0 mem=20.970911026000977
p3-caa c031 14/40 L=1.809 Lq=-0.0811 Le=0.216 rA=0.159 rB=0.241 a_out=2 u_out=0 mem=20.970911026000977
p3-caa c031 15/40 L=1.706 Lq=-0.0883 Le=0.179 rA=0.156 rB=0.244 a_out=2 u_out=0 mem=20.970911026000977
p3-caa c031 16/40 L=1.748 Lq=-0.0872 Le=0.295 rA=0.156 rB=0.244 a_out=2 u_out=0 mem=20.970911026000977
p3-caa c031 17/40 L=2.012 Lq=-0.0773 Le=0.319 rA=0.161 rB=0.239 a_out=2 u_out=0 mem=20.970911026000977
p3-caa c031 18/40 L=1.940 Lq=-0.0769 Le=0.307 rA=0.162 rB=0.238 a_out=2 u_out=0 mem=20.970911026000977
p3-caa c031 19/40 L=2.124 Lq=-0.0696 Le=0.384 rA=0.165 rB=0.235 a_out=1 u_out=0 mem=20.970911026000977
p3-caa c031 20/40 L=1.832 Lq=-0.0881 Le=0.273 rA=0.156 rB=0.244 a_out=2 u_out=0 mem=20.970911026000977
p3-caa c031 21/40 L=1.763 Lq=-0.0866 Le=0.261 rA=0.157 rB=0.243 a_out=2 u_out=0 mem=20.970911026000977
p3-caa c031 22/40 L=1.556 Lq=-0.0960 Le=0.205 rA=0.152 rB=0.248 a_out=3 u_out=0 mem=20.970911026000977
p3-caa c031 23/40 L=1.531 Lq=-0.0988 Le=0.227 rA=0.151 rB=0.249 a_out=3 u_out=0 mem=20.970911026000977
p3-caa c031 24/40 L=1.695 Lq=-0.0972 Le=0.118 rA=0.151 rB=0.249 a_out=3 u_out=0 mem=20.970911026000977
p3-caa c031 25/40 L=1.787 Lq=-0.0931 Le=0.147 rA=0.153 rB=0.247 a_out=3 u_out=0 mem=20.970911026000977
p3-caa c031 26/40 L=1.710 Lq=-0.0905 Le=0.274 rA=0.155 rB=0.245 a_out=3 u_out=0 mem=20.970911026000977
p3-caa c031 27/40 L=1.644 Lq=-0.0893 Le=0.175 rA=0.155 rB=0.245 a_out=2 u_out=0 mem=20.970911026000977
p3-caa c031 28/40 L=1.822 Lq=-0.0880 Le=0.206 rA=0.156 rB=0.244 a_out=2 u_out=0 mem=20.970911026000977
p3-caa c031 29/40 L=1.829 Lq=-0.0815 Le=0.336 rA=0.159 rB=0.241 a_out=2 u_out=0 mem=20.970911026000977
p3-caa c031 30/40 L=1.950 Lq=-0.0833 Le=0.266 rA=0.158 rB=0.242 a_out=2 u_out=0 mem=20.970911026000977
p3-caa c031 31/40 L=1.736 Lq=-0.0869 Le=0.294 rA=0.157 rB=0.243 a_out=2 u_out=0 mem=20.970911026000977
p3-caa c031 32/40 L=1.685 Lq=-0.0907 Le=0.279 rA=0.155 rB=0.245 a_out=3 u_out=0 mem=20.970911026000977
p3-caa c031 33/40 L=1.627 Lq=-0.0951 Le=0.156 rA=0.152 rB=0.248 a_out=3 u_out=0 mem=20.970911026000977
p3-caa c031 34/40 L=1.645 Lq=-0.0920 Le=0.282 rA=0.154 rB=0.246 a_out=3 u_out=0 mem=20.970911026000977
p3-caa c031 35/40 L=1.795 Lq=-0.0908 Le=0.249 rA=0.155 rB=0.245 a_out=3 u_out=0 mem=20.970911026000977
p3-caa c031 36/40 L=1.684 Lq=-0.0924 Le=0.206 rA=0.154 rB=0.246 a_out=3 u_out=0 mem=20.970911026000977
p3-caa c031 37/40 L=1.747 Lq=-0.0974 Le=0.051 rA=0.151 rB=0.249 a_out=3 u_out=0 mem=20.970911026000977
p3-caa c031 38/40 L=1.676 Lq=-0.0951 Le=0.137 rA=0.152 rB=0.248 a_out=3 u_out=0 mem=20.970911026000977
p3-caa c031 39/40 L=1.714 Lq=-0.0924 Le=0.261 rA=0.154 rB=0.246 a_out=3 u_out=0 mem=20.970911026000977
p3-caa c031 40/40 L=1.868 Lq=-0.0860 Le=0.211 rA=0.157 rB=0.243 a_out=2 u_out=0 mem=20.970911026000977
== p3-caa attack c032 (25/32) ==
p3-caa c032 1/40 L=2.717 Lq=-0.0397 Le=-0.088 rA=0.180 rB=0.220 a_out=0 u_out=0 mem=20.970911026000977
p3-caa c032 2/40 L=2.811 Lq=-0.0212 Le=-0.035 rA=0.189 rB=0.211 a_out=0 u_out=0 mem=20.970911026000977
p3-caa c032 3/40 L=2.890 Lq=-0.0171 Le=-0.001 rA=0.191 rB=0.209 a_out=0 u_out=0 mem=20.970911026000977
p3-caa c032 4/40 L=2.759 Lq=-0.0227 Le=0.008 rA=0.189 rB=0.211 a_out=0 u_out=0 mem=20.970911026000977
p3-caa c032 5/40 L=2.758 Lq=-0.0306 Le=-0.021 rA=0.185 rB=0.215 a_out=0 u_out=0 mem=20.970911026000977
p3-caa c032 6/40 L=2.761 Lq=-0.0341 Le=-0.092 rA=0.183 rB=0.217 a_out=0 u_out=0 mem=20.970911026000977
p3-caa c032 7/40 L=2.658 Lq=-0.0440 Le=-0.125 rA=0.178 rB=0.222 a_out=0 u_out=0 mem=20.970911026000977
p3-caa c032 8/40 L=2.575 Lq=-0.0507 Le=-0.123 rA=0.175 rB=0.225 a_out=0 u_out=0 mem=20.970911026000977
p3-caa c032 9/40 L=2.604 Lq=-0.0444 Le=-0.106 rA=0.178 rB=0.222 a_out=0 u_out=0 mem=20.970911026000977
p3-caa c032 10/40 L=2.785 Lq=-0.0252 Le=-0.001 rA=0.187 rB=0.213 a_out=0 u_out=0 mem=20.970911026000977
p3-caa c032 11/40 L=2.515 Lq=-0.0384 Le=-0.052 rA=0.181 rB=0.219 a_out=0 u_out=0 mem=20.970911026000977
p3-caa c032 12/40 L=2.499 Lq=-0.0443 Le=-0.033 rA=0.178 rB=0.222 a_out=0 u_out=0 mem=20.970911026000977
p3-caa c032 13/40 L=2.197 Lq=-0.0556 Le=-0.068 rA=0.172 rB=0.228 a_out=1 u_out=1 mem=20.970911026000977
p3-caa c032 14/40 L=2.134 Lq=-0.0677 Le=-0.135 rA=0.166 rB=0.234 a_out=1 u_out=1 mem=20.970911026000977
p3-caa c032 15/40 L=1.844 Lq=-0.0727 Le=-0.124 rA=0.164 rB=0.236 a_out=2 u_out=2 mem=20.970911026000977
p3-caa c032 16/40 L=1.621 Lq=-0.0852 Le=-0.156 rA=0.157 rB=0.243 a_out=3 u_out=3 mem=20.970911026000977
p3-caa c032 17/40 L=1.887 Lq=-0.0721 Le=-0.140 rA=0.164 rB=0.236 a_out=2 u_out=2 mem=20.970911026000977
p3-caa c032 18/40 L=1.943 Lq=-0.0695 Le=-0.129 rA=0.165 rB=0.235 a_out=2 u_out=2 mem=20.970911026000977
p3-caa c032 19/40 L=2.175 Lq=-0.0602 Le=-0.085 rA=0.170 rB=0.230 a_out=1 u_out=1 mem=20.970911026000977
p3-caa c032 20/40 L=2.229 Lq=-0.0544 Le=-0.100 rA=0.173 rB=0.227 a_out=1 u_out=1 mem=20.970911026000977
p3-caa c032 21/40 L=2.173 Lq=-0.0580 Le=-0.105 rA=0.171 rB=0.229 a_out=1 u_out=1 mem=20.970911026000977
p3-caa c032 22/40 L=2.257 Lq=-0.0528 Le=-0.086 rA=0.174 rB=0.226 a_out=0 u_out=0 mem=20.970911026000977
p3-caa c032 23/40 L=2.024 Lq=-0.0641 Le=-0.141 rA=0.168 rB=0.232 a_out=1 u_out=1 mem=20.970911026000977
p3-caa c032 24/40 L=2.584 Lq=-0.0393 Le=-0.058 rA=0.180 rB=0.220 a_out=0 u_out=0 mem=20.970911026000977
p3-caa c032 25/40 L=2.659 Lq=-0.0443 Le=-0.083 rA=0.178 rB=0.222 a_out=0 u_out=0 mem=20.970911026000977
p3-caa c032 26/40 L=2.529 Lq=-0.0427 Le=-0.064 rA=0.179 rB=0.221 a_out=0 u_out=0 mem=20.970911026000977
p3-caa c032 27/40 L=2.524 Lq=-0.0396 Le=-0.051 rA=0.180 rB=0.220 a_out=0 u_out=0 mem=20.970911026000977
p3-caa c032 28/40 L=2.631 Lq=-0.0454 Le=-0.156 rA=0.177 rB=0.223 a_out=0 u_out=0 mem=20.970911026000977
p3-caa c032 29/40 L=2.701 Lq=-0.0298 Le=-0.059 rA=0.185 rB=0.215 a_out=0 u_out=0 mem=20.970911026000977
p3-caa c032 30/40 L=2.134 Lq=-0.0554 Le=-0.031 rA=0.172 rB=0.228 a_out=1 u_out=1 mem=20.970911026000977
p3-caa c032 31/40 L=2.223 Lq=-0.0543 Le=-0.067 rA=0.173 rB=0.227 a_out=1 u_out=1 mem=20.970911026000977
p3-caa c032 32/40 L=2.049 Lq=-0.0601 Le=-0.103 rA=0.170 rB=0.230 a_out=1 u_out=1 mem=20.970911026000977
p3-caa c032 33/40 L=1.968 Lq=-0.0714 Le=-0.119 rA=0.164 rB=0.236 a_out=2 u_out=2 mem=20.970911026000977
p3-caa c032 34/40 L=2.009 Lq=-0.0729 Le=-0.144 rA=0.164 rB=0.236 a_out=2 u_out=2 mem=20.970911026000977
p3-caa c032 35/40 L=2.037 Lq=-0.0686 Le=-0.092 rA=0.166 rB=0.234 a_out=1 u_out=1 mem=20.970911026000977
p3-caa c032 36/40 L=2.150 Lq=-0.0662 Le=-0.092 rA=0.167 rB=0.233 a_out=1 u_out=1 mem=20.970911026000977
p3-caa c032 37/40 L=1.987 Lq=-0.0678 Le=-0.108 rA=0.166 rB=0.234 a_out=1 u_out=1 mem=20.970911026000977
p3-caa c032 38/40 L=1.900 Lq=-0.0694 Le=-0.089 rA=0.165 rB=0.235 a_out=2 u_out=2 mem=20.970911026000977
p3-caa c032 39/40 L=2.010 Lq=-0.0679 Le=-0.101 rA=0.166 rB=0.234 a_out=1 u_out=1 mem=20.970911026000977
p3-caa c032 40/40 L=1.718 Lq=-0.0820 Le=-0.138 rA=0.159 rB=0.241 a_out=2 u_out=2 mem=20.970911026000977
== p3-caa attack c033 (26/32) ==
p3-caa c033 1/40 L=2.740 Lq=-0.0169 Le=-0.132 rA=0.192 rB=0.208 a_out=0 u_out=0 mem=20.970911026000977
p3-caa c033 2/40 L=2.550 Lq=-0.0144 Le=-0.067 rA=0.193 rB=0.207 a_out=0 u_out=0 mem=20.970911026000977
p3-caa c033 3/40 L=2.386 Lq=-0.0397 Le=-0.210 rA=0.180 rB=0.220 a_out=2 u_out=2 mem=20.970911026000977
p3-caa c033 4/40 L=2.138 Lq=-0.0490 Le=-0.235 rA=0.176 rB=0.224 a_out=2 u_out=2 mem=20.970911026000977
p3-caa c033 5/40 L=2.042 Lq=-0.0577 Le=-0.269 rA=0.171 rB=0.229 a_out=3 u_out=3 mem=20.970911026000977
p3-caa c033 6/40 L=2.180 Lq=-0.0445 Le=-0.195 rA=0.178 rB=0.222 a_out=2 u_out=2 mem=20.970911026000977
p3-caa c033 7/40 L=1.976 Lq=-0.0521 Le=-0.229 rA=0.174 rB=0.226 a_out=2 u_out=2 mem=20.970911026000977
p3-caa c033 8/40 L=1.992 Lq=-0.0576 Le=-0.248 rA=0.171 rB=0.229 a_out=3 u_out=3 mem=20.970911026000977
p3-caa c033 9/40 L=1.878 Lq=-0.0605 Le=-0.248 rA=0.170 rB=0.230 a_out=3 u_out=3 mem=20.970911026000977
p3-caa c033 10/40 L=1.859 Lq=-0.0629 Le=-0.263 rA=0.169 rB=0.231 a_out=3 u_out=3 mem=20.970911026000977
p3-caa c033 11/40 L=1.816 Lq=-0.0613 Le=-0.224 rA=0.169 rB=0.231 a_out=3 u_out=3 mem=20.970911026000977
p3-caa c033 12/40 L=1.690 Lq=-0.0645 Le=-0.254 rA=0.168 rB=0.232 a_out=3 u_out=3 mem=20.970911026000977
p3-caa c033 13/40 L=1.655 Lq=-0.0639 Le=-0.245 rA=0.168 rB=0.232 a_out=3 u_out=3 mem=20.970911026000977
p3-caa c033 14/40 L=1.727 Lq=-0.0626 Le=-0.234 rA=0.169 rB=0.231 a_out=3 u_out=3 mem=20.970911026000977
p3-caa c033 15/40 L=1.688 Lq=-0.0636 Le=-0.226 rA=0.168 rB=0.232 a_out=3 u_out=3 mem=20.970911026000977
p3-caa c033 16/40 L=1.648 Lq=-0.0606 Le=-0.201 rA=0.170 rB=0.230 a_out=3 u_out=3 mem=20.970911026000977
p3-caa c033 17/40 L=1.716 Lq=-0.0652 Le=-0.241 rA=0.167 rB=0.233 a_out=3 u_out=3 mem=20.970911026000977
p3-caa c033 18/40 L=1.554 Lq=-0.0653 Le=-0.216 rA=0.167 rB=0.233 a_out=3 u_out=3 mem=20.970911026000977
p3-caa c033 19/40 L=1.838 Lq=-0.0529 Le=-0.169 rA=0.174 rB=0.226 a_out=2 u_out=2 mem=20.970911026000977
p3-caa c033 20/40 L=1.613 Lq=-0.0609 Le=-0.206 rA=0.170 rB=0.230 a_out=3 u_out=3 mem=20.970911026000977
p3-caa c033 21/40 L=1.707 Lq=-0.0614 Le=-0.246 rA=0.169 rB=0.231 a_out=3 u_out=3 mem=20.970911026000977
p3-caa c033 22/40 L=1.592 Lq=-0.0682 Le=-0.247 rA=0.166 rB=0.234 a_out=3 u_out=3 mem=20.970911026000977
p3-caa c033 23/40 L=1.392 Lq=-0.0743 Le=-0.245 rA=0.163 rB=0.237 a_out=4 u_out=4 mem=20.970911026000977
p3-caa c033 24/40 L=1.389 Lq=-0.0786 Le=-0.262 rA=0.161 rB=0.239 a_out=4 u_out=4 mem=20.970911026000977
p3-caa c033 25/40 L=1.332 Lq=-0.0823 Le=-0.275 rA=0.159 rB=0.241 a_out=4 u_out=4 mem=20.970911026000977
p3-caa c033 26/40 L=1.464 Lq=-0.0806 Le=-0.272 rA=0.160 rB=0.240 a_out=4 u_out=4 mem=20.970911026000977
p3-caa c033 27/40 L=1.373 Lq=-0.0784 Le=-0.260 rA=0.161 rB=0.239 a_out=4 u_out=4 mem=20.970911026000977
p3-caa c033 28/40 L=1.385 Lq=-0.0760 Le=-0.256 rA=0.162 rB=0.238 a_out=4 u_out=4 mem=20.970911026000977
p3-caa c033 29/40 L=1.359 Lq=-0.0878 Le=-0.297 rA=0.156 rB=0.244 a_out=5 u_out=5 mem=20.970911026000977
p3-caa c033 30/40 L=1.485 Lq=-0.0721 Le=-0.255 rA=0.164 rB=0.236 a_out=4 u_out=4 mem=20.970911026000977
p3-caa c033 31/40 L=1.256 Lq=-0.0829 Le=-0.267 rA=0.159 rB=0.241 a_out=4 u_out=4 mem=20.970911026000977
p3-caa c033 32/40 L=1.137 Lq=-0.0882 Le=-0.276 rA=0.156 rB=0.244 a_out=5 u_out=5 mem=20.970911026000977
p3-caa c033 33/40 L=1.304 Lq=-0.0891 Le=-0.290 rA=0.155 rB=0.245 a_out=5 u_out=5 mem=20.970911026000977
p3-caa c033 34/40 L=1.301 Lq=-0.0868 Le=-0.285 rA=0.157 rB=0.243 a_out=5 u_out=5 mem=20.970911026000977
p3-caa c033 35/40 L=1.169 Lq=-0.0861 Le=-0.268 rA=0.157 rB=0.243 a_out=5 u_out=5 mem=20.970911026000977
p3-caa c033 36/40 L=1.251 Lq=-0.0939 Le=-0.295 rA=0.153 rB=0.247 a_out=5 u_out=5 mem=20.970911026000977
p3-caa c033 37/40 L=1.168 Lq=-0.0903 Le=-0.277 rA=0.155 rB=0.245 a_out=5 u_out=5 mem=20.970911026000977
p3-caa c033 38/40 L=1.024 Lq=-0.0968 Le=-0.283 rA=0.152 rB=0.248 a_out=5 u_out=5 mem=20.970911026000977
p3-caa c033 39/40 L=1.181 Lq=-0.0885 Le=-0.270 rA=0.156 rB=0.244 a_out=5 u_out=5 mem=20.970911026000977
p3-caa c033 40/40 L=1.238 Lq=-0.0877 Le=-0.269 rA=0.156 rB=0.244 a_out=5 u_out=5 mem=20.970911026000977
== p3-caa attack c034 (27/32) ==
p3-caa c034 1/40 L=2.475 Lq=-0.0269 Le=-0.129 rA=0.187 rB=0.213 a_out=0 u_out=0 mem=20.970911026000977
p3-caa c034 2/40 L=2.205 Lq=-0.0457 Le=-0.196 rA=0.177 rB=0.223 a_out=2 u_out=2 mem=20.970911026000977
p3-caa c034 3/40 L=2.051 Lq=-0.0478 Le=-0.212 rA=0.176 rB=0.224 a_out=2 u_out=2 mem=20.970911026000977
p3-caa c034 4/40 L=1.930 Lq=-0.0523 Le=-0.203 rA=0.174 rB=0.226 a_out=2 u_out=2 mem=20.970911026000977
p3-caa c034 5/40 L=1.984 Lq=-0.0526 Le=-0.207 rA=0.174 rB=0.226 a_out=2 u_out=2 mem=20.970911026000977
p3-caa c034 6/40 L=2.125 Lq=-0.0599 Le=-0.233 rA=0.170 rB=0.230 a_out=3 u_out=3 mem=20.970911026000977
p3-caa c034 7/40 L=1.815 Lq=-0.0715 Le=-0.258 rA=0.164 rB=0.236 a_out=3 u_out=3 mem=20.970911026000977
p3-caa c034 8/40 L=2.020 Lq=-0.0483 Le=-0.180 rA=0.176 rB=0.224 a_out=2 u_out=2 mem=20.970911026000977
p3-caa c034 9/40 L=1.794 Lq=-0.0615 Le=-0.222 rA=0.169 rB=0.231 a_out=3 u_out=3 mem=20.970911026000977
p3-caa c034 10/40 L=1.822 Lq=-0.0583 Le=-0.202 rA=0.171 rB=0.229 a_out=2 u_out=2 mem=20.970911026000977
p3-caa c034 11/40 L=1.546 Lq=-0.0717 Le=-0.244 rA=0.164 rB=0.236 a_out=3 u_out=3 mem=20.970911026000977
p3-caa c034 12/40 L=1.691 Lq=-0.0688 Le=-0.234 rA=0.166 rB=0.234 a_out=3 u_out=3 mem=20.970911026000977
p3-caa c034 13/40 L=1.821 Lq=-0.0638 Le=-0.236 rA=0.168 rB=0.232 a_out=3 u_out=3 mem=20.970911026000977
p3-caa c034 14/40 L=1.817 Lq=-0.0598 Le=-0.219 rA=0.170 rB=0.230 a_out=3 u_out=3 mem=20.970911026000977
p3-caa c034 15/40 L=1.702 Lq=-0.0758 Le=-0.263 rA=0.162 rB=0.238 a_out=4 u_out=4 mem=20.970911026000977
p3-caa c034 16/40 L=1.638 Lq=-0.0686 Le=-0.247 rA=0.166 rB=0.234 a_out=3 u_out=3 mem=20.970911026000977
p3-caa c034 17/40 L=1.609 Lq=-0.0647 Le=-0.214 rA=0.168 rB=0.232 a_out=3 u_out=3 mem=20.970911026000977
p3-caa c034 18/40 L=1.868 Lq=-0.0593 Le=-0.203 rA=0.170 rB=0.230 a_out=3 u_out=3 mem=20.970911026000977
p3-caa c034 19/40 L=1.690 Lq=-0.0662 Le=-0.248 rA=0.167 rB=0.233 a_out=3 u_out=3 mem=20.970911026000977
p3-caa c034 20/40 L=1.629 Lq=-0.0717 Le=-0.250 rA=0.164 rB=0.236 a_out=3 u_out=3 mem=20.970911026000977
p3-caa c034 21/40 L=1.486 Lq=-0.0800 Le=-0.270 rA=0.160 rB=0.240 a_out=4 u_out=4 mem=20.970911026000977
p3-caa c034 22/40 L=1.599 Lq=-0.0751 Le=-0.251 rA=0.162 rB=0.238 a_out=4 u_out=4 mem=20.970911026000977
p3-caa c034 23/40 L=1.435 Lq=-0.0800 Le=-0.255 rA=0.160 rB=0.240 a_out=4 u_out=4 mem=20.970911026000977
p3-caa c034 24/40 L=1.599 Lq=-0.0735 Le=-0.257 rA=0.163 rB=0.237 a_out=3 u_out=3 mem=20.970911026000977
p3-caa c034 25/40 L=1.619 Lq=-0.0767 Le=-0.255 rA=0.162 rB=0.238 a_out=4 u_out=4 mem=20.970911026000977
p3-caa c034 26/40 L=1.468 Lq=-0.0719 Le=-0.230 rA=0.164 rB=0.236 a_out=3 u_out=3 mem=20.970911026000977
p3-caa c034 27/40 L=1.804 Lq=-0.0699 Le=-0.253 rA=0.165 rB=0.235 a_out=3 u_out=3 mem=20.970911026000977
p3-caa c034 28/40 L=1.613 Lq=-0.0713 Le=-0.234 rA=0.164 rB=0.236 a_out=3 u_out=3 mem=20.970911026000977
p3-caa c034 29/40 L=1.591 Lq=-0.0792 Le=-0.277 rA=0.160 rB=0.240 a_out=4 u_out=4 mem=20.970911026000977
p3-caa c034 30/40 L=1.731 Lq=-0.0745 Le=-0.262 rA=0.163 rB=0.237 a_out=3 u_out=3 mem=20.970911026000977
p3-caa c034 31/40 L=1.926 Lq=-0.0624 Le=-0.241 rA=0.169 rB=0.231 a_out=3 u_out=3 mem=20.970911026000977
p3-caa c034 32/40 L=1.861 Lq=-0.0597 Le=-0.221 rA=0.170 rB=0.230 a_out=3 u_out=3 mem=20.970911026000977
p3-caa c034 33/40 L=1.810 Lq=-0.0695 Le=-0.254 rA=0.165 rB=0.235 a_out=3 u_out=3 mem=20.970911026000977
p3-caa c034 34/40 L=1.520 Lq=-0.0776 Le=-0.260 rA=0.161 rB=0.239 a_out=4 u_out=4 mem=20.970911026000977
p3-caa c034 35/40 L=1.559 Lq=-0.0734 Le=-0.241 rA=0.163 rB=0.237 a_out=3 u_out=3 mem=20.970911026000977
p3-caa c034 36/40 L=1.891 Lq=-0.0721 Le=-0.270 rA=0.164 rB=0.236 a_out=3 u_out=3 mem=20.970911026000977
p3-caa c034 37/40 L=1.662 Lq=-0.0745 Le=-0.262 rA=0.163 rB=0.237 a_out=3 u_out=3 mem=20.970911026000977
p3-caa c034 38/40 L=1.609 Lq=-0.0818 Le=-0.279 rA=0.159 rB=0.241 a_out=4 u_out=4 mem=20.970911026000977
p3-caa c034 39/40 L=1.649 Lq=-0.0716 Le=-0.248 rA=0.164 rB=0.236 a_out=3 u_out=3 mem=20.970911026000977
p3-caa c034 40/40 L=1.662 Lq=-0.0771 Le=-0.259 rA=0.161 rB=0.239 a_out=4 u_out=4 mem=20.970911026000977
== p3-caa attack c035 (28/32) ==
p3-caa c035 1/40 L=2.191 Lq=-0.0457 Le=-0.229 rA=0.177 rB=0.223 a_out=0 u_out=0 mem=20.970911026000977
p3-caa c035 2/40 L=2.116 Lq=-0.0506 Le=-0.246 rA=0.175 rB=0.225 a_out=0 u_out=0 mem=20.970911026000977
p3-caa c035 3/40 L=2.083 Lq=-0.0525 Le=-0.249 rA=0.174 rB=0.226 a_out=0 u_out=0 mem=20.970911026000977
p3-caa c035 4/40 L=2.169 Lq=-0.0451 Le=-0.209 rA=0.177 rB=0.223 a_out=0 u_out=0 mem=20.970911026000977
p3-caa c035 5/40 L=1.972 Lq=-0.0581 Le=-0.258 rA=0.171 rB=0.229 a_out=0 u_out=0 mem=20.970911026000977
p3-caa c035 6/40 L=1.879 Lq=-0.0577 Le=-0.250 rA=0.171 rB=0.229 a_out=0 u_out=0 mem=20.970911026000977
p3-caa c035 7/40 L=1.749 Lq=-0.0609 Le=-0.240 rA=0.170 rB=0.230 a_out=1 u_out=1 mem=20.970911026000977
p3-caa c035 8/40 L=1.719 Lq=-0.0663 Le=-0.251 rA=0.167 rB=0.233 a_out=1 u_out=1 mem=20.970911026000977
p3-caa c035 9/40 L=2.548 Lq=-0.0320 Le=-0.162 rA=0.184 rB=0.216 a_out=0 u_out=0 mem=20.970911026000977
p3-caa c035 10/40 L=2.021 Lq=-0.0534 Le=-0.228 rA=0.173 rB=0.227 a_out=0 u_out=0 mem=20.970911026000977
p3-caa c035 11/40 L=1.890 Lq=-0.0588 Le=-0.245 rA=0.171 rB=0.229 a_out=1 u_out=1 mem=20.970911026000977
p3-caa c035 12/40 L=1.773 Lq=-0.0584 Le=-0.217 rA=0.171 rB=0.229 a_out=0 u_out=0 mem=20.970911026000977
p3-caa c035 13/40 L=2.466 Lq=-0.0430 Le=-0.222 rA=0.178 rB=0.222 a_out=0 u_out=0 mem=20.970911026000977
p3-caa c035 14/40 L=2.408 Lq=-0.0455 Le=-0.219 rA=0.177 rB=0.223 a_out=0 u_out=0 mem=20.970911026000977
p3-caa c035 15/40 L=2.569 Lq=-0.0327 Le=-0.190 rA=0.184 rB=0.216 a_out=0 u_out=0 mem=20.970911026000977
p3-caa c035 16/40 L=2.324 Lq=-0.0471 Le=-0.231 rA=0.176 rB=0.224 a_out=0 u_out=0 mem=20.970911026000977
p3-caa c035 17/40 L=2.410 Lq=-0.0422 Le=-0.245 rA=0.179 rB=0.221 a_out=0 u_out=0 mem=20.970911026000977
p3-caa c035 18/40 L=2.388 Lq=-0.0431 Le=-0.248 rA=0.178 rB=0.222 a_out=0 u_out=0 mem=20.970911026000977
p3-caa c035 19/40 L=2.543 Lq=-0.0408 Le=-0.255 rA=0.180 rB=0.220 a_out=0 u_out=0 mem=20.970911026000977
p3-caa c035 20/40 L=2.412 Lq=-0.0384 Le=-0.245 rA=0.181 rB=0.219 a_out=0 u_out=0 mem=20.970911026000977
p3-caa c035 21/40 L=2.377 Lq=-0.0475 Le=-0.270 rA=0.176 rB=0.224 a_out=0 u_out=0 mem=20.970911026000977
p3-caa c035 22/40 L=2.432 Lq=-0.0431 Le=-0.251 rA=0.178 rB=0.222 a_out=0 u_out=0 mem=20.970911026000977
p3-caa c035 23/40 L=2.494 Lq=-0.0321 Le=-0.208 rA=0.184 rB=0.216 a_out=0 u_out=0 mem=20.970911026000977
p3-caa c035 24/40 L=2.293 Lq=-0.0516 Le=-0.227 rA=0.174 rB=0.226 a_out=0 u_out=0 mem=20.970911026000977
p3-caa c035 25/40 L=2.371 Lq=-0.0391 Le=-0.237 rA=0.180 rB=0.220 a_out=0 u_out=0 mem=20.970911026000977
p3-caa c035 26/40 L=2.434 Lq=-0.0376 Le=-0.242 rA=0.181 rB=0.219 a_out=0 u_out=0 mem=20.970911026000977
p3-caa c035 27/40 L=2.389 Lq=-0.0418 Le=-0.241 rA=0.179 rB=0.221 a_out=0 u_out=0 mem=20.970911026000977
p3-caa c035 28/40 L=2.166 Lq=-0.0432 Le=-0.236 rA=0.178 rB=0.222 a_out=0 u_out=0 mem=20.970911026000977
p3-caa c035 29/40 L=2.311 Lq=-0.0409 Le=-0.220 rA=0.180 rB=0.220 a_out=0 u_out=0 mem=20.970911026000977
p3-caa c035 30/40 L=2.283 Lq=-0.0409 Le=-0.218 rA=0.180 rB=0.220 a_out=0 u_out=0 mem=20.970911026000977
p3-caa c035 31/40 L=2.277 Lq=-0.0382 Le=-0.195 rA=0.181 rB=0.219 a_out=0 u_out=0 mem=20.970911026000977
p3-caa c035 32/40 L=2.277 Lq=-0.0363 Le=-0.178 rA=0.182 rB=0.218 a_out=0 u_out=0 mem=20.970911026000977
p3-caa c035 33/40 L=2.432 Lq=-0.0397 Le=-0.228 rA=0.180 rB=0.220 a_out=0 u_out=0 mem=20.970911026000977
p3-caa c035 34/40 L=2.384 Lq=-0.0287 Le=-0.135 rA=0.186 rB=0.214 a_out=0 u_out=0 mem=20.970911026000977
p3-caa c035 35/40 L=2.178 Lq=-0.0437 Le=-0.172 rA=0.178 rB=0.222 a_out=0 u_out=0 mem=20.970911026000977
p3-caa c035 36/40 L=2.469 Lq=-0.0301 Le=-0.190 rA=0.185 rB=0.215 a_out=0 u_out=0 mem=20.970911026000977
p3-caa c035 37/40 L=2.260 Lq=-0.0464 Le=-0.228 rA=0.177 rB=0.223 a_out=0 u_out=0 mem=20.970911026000977
p3-caa c035 38/40 L=2.464 Lq=-0.0397 Le=-0.230 rA=0.180 rB=0.220 a_out=0 u_out=0 mem=20.970911026000977
p3-caa c035 39/40 L=2.352 Lq=-0.0427 Le=-0.244 rA=0.179 rB=0.221 a_out=0 u_out=0 mem=20.970911026000977
p3-caa c035 40/40 L=2.451 Lq=-0.0335 Le=-0.218 rA=0.183 rB=0.217 a_out=0 u_out=0 mem=20.970911026000977
== p3-caa attack c036 (29/32) ==
p3-caa c036 1/40 L=2.670 Lq=-0.0489 Le=-0.165 rA=0.176 rB=0.224 a_out=0 u_out=0 mem=20.970911026000977
p3-caa c036 2/40 L=2.427 Lq=-0.0577 Le=-0.178 rA=0.171 rB=0.229 a_out=1 u_out=1 mem=20.970911026000977
p3-caa c036 3/40 L=2.358 Lq=-0.0651 Le=-0.207 rA=0.167 rB=0.233 a_out=1 u_out=1 mem=20.970911026000977
p3-caa c036 4/40 L=2.792 Lq=-0.0416 Le=-0.127 rA=0.179 rB=0.221 a_out=0 u_out=0 mem=20.970911026000977
p3-caa c036 5/40 L=2.226 Lq=-0.0657 Le=-0.181 rA=0.167 rB=0.233 a_out=1 u_out=1 mem=20.970911026000977
p3-caa c036 6/40 L=2.194 Lq=-0.0655 Le=-0.188 rA=0.167 rB=0.233 a_out=1 u_out=1 mem=20.970911026000977
p3-caa c036 7/40 L=2.192 Lq=-0.0639 Le=-0.177 rA=0.168 rB=0.232 a_out=1 u_out=1 mem=20.970911026000977
p3-caa c036 8/40 L=2.186 Lq=-0.0613 Le=-0.162 rA=0.169 rB=0.231 a_out=1 u_out=1 mem=20.970911026000977
p3-caa c036 9/40 L=1.912 Lq=-0.0828 Le=-0.207 rA=0.159 rB=0.241 a_out=3 u_out=3 mem=20.970911026000977
p3-caa c036 10/40 L=2.006 Lq=-0.0794 Le=-0.203 rA=0.160 rB=0.240 a_out=2 u_out=2 mem=20.970911026000977
p3-caa c036 11/40 L=2.026 Lq=-0.0758 Le=-0.201 rA=0.162 rB=0.238 a_out=2 u_out=2 mem=20.970911026000977
p3-caa c036 12/40 L=1.999 Lq=-0.0739 Le=-0.186 rA=0.163 rB=0.237 a_out=2 u_out=2 mem=20.970911026000977
p3-caa c036 13/40 L=2.102 Lq=-0.0736 Le=-0.202 rA=0.163 rB=0.237 a_out=2 u_out=2 mem=20.970911026000977
p3-caa c036 14/40 L=1.919 Lq=-0.0785 Le=-0.195 rA=0.161 rB=0.239 a_out=2 u_out=2 mem=20.970911026000977
p3-caa c036 15/40 L=1.882 Lq=-0.0812 Le=-0.205 rA=0.159 rB=0.241 a_out=2 u_out=2 mem=20.970911026000977
p3-caa c036 16/40 L=1.729 Lq=-0.0865 Le=-0.200 rA=0.157 rB=0.243 a_out=3 u_out=3 mem=20.970911026000977
p3-caa c036 17/40 L=1.800 Lq=-0.0873 Le=-0.217 rA=0.156 rB=0.244 a_out=3 u_out=3 mem=20.970911026000977
p3-caa c036 18/40 L=1.866 Lq=-0.0884 Le=-0.225 rA=0.156 rB=0.244 a_out=3 u_out=3 mem=20.970911026000977
p3-caa c036 19/40 L=1.903 Lq=-0.0872 Le=-0.220 rA=0.156 rB=0.244 a_out=3 u_out=3 mem=20.970911026000977
p3-caa c036 20/40 L=1.735 Lq=-0.0870 Le=-0.208 rA=0.156 rB=0.244 a_out=3 u_out=3 mem=20.970911026000977
p3-caa c036 21/40 L=1.768 Lq=-0.0944 Le=-0.232 rA=0.153 rB=0.247 a_out=3 u_out=3 mem=20.970911026000977
p3-caa c036 22/40 L=1.639 Lq=-0.0965 Le=-0.230 rA=0.152 rB=0.248 a_out=4 u_out=4 mem=20.970911026000977
p3-caa c036 23/40 L=1.606 Lq=-0.0982 Le=-0.225 rA=0.151 rB=0.249 a_out=4 u_out=4 mem=20.970911026000977
p3-caa c036 24/40 L=1.673 Lq=-0.0955 Le=-0.230 rA=0.152 rB=0.248 a_out=3 u_out=3 mem=20.970911026000977
p3-caa c036 25/40 L=2.087 Lq=-0.0796 Le=-0.188 rA=0.160 rB=0.240 a_out=2 u_out=2 mem=20.970911026000977
p3-caa c036 26/40 L=1.665 Lq=-0.0968 Le=-0.228 rA=0.152 rB=0.248 a_out=4 u_out=4 mem=20.970911026000977
p3-caa c036 27/40 L=1.481 Lq=-0.1022 Le=-0.230 rA=0.149 rB=0.251 a_out=4 u_out=4 mem=20.970911026000977
p3-caa c036 28/40 L=1.489 Lq=-0.1032 Le=-0.233 rA=0.148 rB=0.252 a_out=4 u_out=4 mem=20.970911026000977
p3-caa c036 29/40 L=1.486 Lq=-0.1014 Le=-0.236 rA=0.149 rB=0.251 a_out=4 u_out=4 mem=20.970911026000977
p3-caa c036 30/40 L=1.416 Lq=-0.1021 Le=-0.223 rA=0.149 rB=0.251 a_out=4 u_out=4 mem=20.970911026000977
p3-caa c036 31/40 L=1.719 Lq=-0.0909 Le=-0.207 rA=0.155 rB=0.245 a_out=3 u_out=3 mem=20.970911026000977
p3-caa c036 32/40 L=1.454 Lq=-0.1027 Le=-0.229 rA=0.149 rB=0.251 a_out=4 u_out=4 mem=20.970911026000977
p3-caa c036 33/40 L=1.355 Lq=-0.1096 Le=-0.253 rA=0.145 rB=0.255 a_out=4 u_out=4 mem=20.970911026000977
p3-caa c036 34/40 L=1.277 Lq=-0.1096 Le=-0.248 rA=0.145 rB=0.255 a_out=4 u_out=4 mem=20.970911026000977
p3-caa c036 35/40 L=1.386 Lq=-0.1098 Le=-0.256 rA=0.145 rB=0.255 a_out=4 u_out=4 mem=20.970911026000977
p3-caa c036 36/40 L=1.311 Lq=-0.1112 Le=-0.250 rA=0.144 rB=0.256 a_out=5 u_out=5 mem=20.970911026000977
p3-caa c036 37/40 L=1.279 Lq=-0.1120 Le=-0.249 rA=0.144 rB=0.256 a_out=5 u_out=5 mem=20.970911026000977
p3-caa c036 38/40 L=1.639 Lq=-0.1006 Le=-0.228 rA=0.150 rB=0.250 a_out=4 u_out=4 mem=20.970911026000977
p3-caa c036 39/40 L=1.385 Lq=-0.1092 Le=-0.259 rA=0.145 rB=0.255 a_out=4 u_out=4 mem=20.970911026000977
p3-caa c036 40/40 L=1.408 Lq=-0.1115 Le=-0.262 rA=0.144 rB=0.256 a_out=5 u_out=5 mem=20.970911026000977
== p3-caa attack c037 (30/32) ==
p3-caa c037 1/40 L=2.766 Lq=-0.0254 Le=-0.191 rA=0.187 rB=0.213 a_out=0 u_out=0 mem=20.970911026000977
p3-caa c037 2/40 L=2.428 Lq=-0.0292 Le=-0.175 rA=0.185 rB=0.215 a_out=1 u_out=1 mem=20.970911026000977
p3-caa c037 3/40 L=2.486 Lq=-0.0357 Le=-0.213 rA=0.182 rB=0.218 a_out=1 u_out=1 mem=20.970911026000977
p3-caa c037 4/40 L=2.147 Lq=-0.0418 Le=-0.203 rA=0.179 rB=0.221 a_out=1 u_out=1 mem=20.970911026000977
p3-caa c037 5/40 L=2.007 Lq=-0.0505 Le=-0.229 rA=0.175 rB=0.225 a_out=2 u_out=2 mem=20.970911026000977
p3-caa c037 6/40 L=1.821 Lq=-0.0607 Le=-0.236 rA=0.170 rB=0.230 a_out=3 u_out=3 mem=20.970911026000977
p3-caa c037 7/40 L=1.750 Lq=-0.0595 Le=-0.221 rA=0.170 rB=0.230 a_out=3 u_out=3 mem=20.970911026000977
p3-caa c037 8/40 L=2.488 Lq=-0.0439 Le=-0.228 rA=0.178 rB=0.222 a_out=2 u_out=2 mem=20.970911026000977
p3-caa c037 9/40 L=1.982 Lq=-0.0551 Le=-0.230 rA=0.172 rB=0.228 a_out=2 u_out=2 mem=20.970911026000977
p3-caa c037 10/40 L=1.965 Lq=-0.0539 Le=-0.230 rA=0.173 rB=0.227 a_out=2 u_out=2 mem=20.970911026000977
p3-caa c037 11/40 L=2.069 Lq=-0.0447 Le=-0.187 rA=0.178 rB=0.222 a_out=2 u_out=2 mem=20.970911026000977
p3-caa c037 12/40 L=1.864 Lq=-0.0559 Le=-0.227 rA=0.172 rB=0.228 a_out=2 u_out=2 mem=20.970911026000977
p3-caa c037 13/40 L=1.847 Lq=-0.0630 Le=-0.238 rA=0.168 rB=0.232 a_out=3 u_out=3 mem=20.970911026000977
p3-caa c037 14/40 L=1.551 Lq=-0.0666 Le=-0.236 rA=0.167 rB=0.233 a_out=3 u_out=3 mem=20.970911026000977
p3-caa c037 15/40 L=1.697 Lq=-0.0676 Le=-0.227 rA=0.166 rB=0.234 a_out=3 u_out=3 mem=20.970911026000977
p3-caa c037 16/40 L=2.040 Lq=-0.0586 Le=-0.244 rA=0.171 rB=0.229 a_out=2 u_out=2 mem=20.970911026000977
p3-caa c037 17/40 L=2.035 Lq=-0.0578 Le=-0.232 rA=0.171 rB=0.229 a_out=2 u_out=2 mem=20.970911026000977
p3-caa c037 18/40 L=1.674 Lq=-0.0616 Le=-0.202 rA=0.169 rB=0.231 a_out=3 u_out=3 mem=20.970911026000977
p3-caa c037 19/40 L=1.580 Lq=-0.0665 Le=-0.218 rA=0.167 rB=0.233 a_out=3 u_out=3 mem=20.970911026000977
p3-caa c037 20/40 L=1.599 Lq=-0.0666 Le=-0.216 rA=0.167 rB=0.233 a_out=3 u_out=3 mem=20.970911026000977
p3-caa c037 21/40 L=1.503 Lq=-0.0717 Le=-0.238 rA=0.164 rB=0.236 a_out=3 u_out=3 mem=20.970911026000977
p3-caa c037 22/40 L=1.547 Lq=-0.0745 Le=-0.235 rA=0.163 rB=0.237 a_out=3 u_out=3 mem=20.970911026000977
p3-caa c037 23/40 L=2.181 Lq=-0.0540 Le=-0.246 rA=0.173 rB=0.227 a_out=2 u_out=2 mem=20.970911026000977
p3-caa c037 24/40 L=1.477 Lq=-0.0803 Le=-0.266 rA=0.160 rB=0.240 a_out=4 u_out=4 mem=20.970911026000977
p3-caa c037 25/40 L=1.411 Lq=-0.0822 Le=-0.277 rA=0.159 rB=0.241 a_out=4 u_out=4 mem=20.970911026000977
p3-caa c037 26/40 L=1.374 Lq=-0.0818 Le=-0.265 rA=0.159 rB=0.241 a_out=4 u_out=4 mem=20.970911026000977
p3-caa c037 27/40 L=1.362 Lq=-0.0833 Le=-0.272 rA=0.158 rB=0.242 a_out=4 u_out=4 mem=20.970911026000977
p3-caa c037 28/40 L=1.270 Lq=-0.0864 Le=-0.272 rA=0.157 rB=0.243 a_out=4 u_out=4 mem=20.970911026000977
p3-caa c037 29/40 L=1.218 Lq=-0.0906 Le=-0.281 rA=0.155 rB=0.245 a_out=5 u_out=5 mem=20.970911026000977
p3-caa c037 30/40 L=1.116 Lq=-0.1016 Le=-0.314 rA=0.149 rB=0.251 a_out=5 u_out=5 mem=20.970911026000977
p3-caa c037 31/40 L=1.174 Lq=-0.0937 Le=-0.274 rA=0.153 rB=0.247 a_out=5 u_out=5 mem=20.970911026000977
p3-caa c037 32/40 L=1.146 Lq=-0.0978 Le=-0.294 rA=0.151 rB=0.249 a_out=5 u_out=5 mem=20.970911026000977
p3-caa c037 33/40 L=1.087 Lq=-0.0984 Le=-0.280 rA=0.151 rB=0.249 a_out=5 u_out=5 mem=20.970911026000977
p3-caa c037 34/40 L=1.141 Lq=-0.1002 Le=-0.295 rA=0.150 rB=0.250 a_out=5 u_out=5 mem=20.970911026000977
p3-caa c037 35/40 L=1.232 Lq=-0.0916 Le=-0.271 rA=0.154 rB=0.246 a_out=5 u_out=5 mem=20.970911026000977
p3-caa c037 36/40 L=1.223 Lq=-0.0899 Le=-0.274 rA=0.155 rB=0.245 a_out=4 u_out=4 mem=20.970911026000977
p3-caa c037 37/40 L=1.158 Lq=-0.0986 Le=-0.297 rA=0.151 rB=0.249 a_out=5 u_out=5 mem=20.970911026000977
p3-caa c037 38/40 L=1.065 Lq=-0.1003 Le=-0.292 rA=0.150 rB=0.250 a_out=5 u_out=5 mem=20.970911026000977
p3-caa c037 39/40 L=1.005 Lq=-0.1054 Le=-0.305 rA=0.147 rB=0.253 a_out=5 u_out=5 mem=20.970911026000977
p3-caa c037 40/40 L=1.153 Lq=-0.0964 Le=-0.298 rA=0.152 rB=0.248 a_out=5 u_out=5 mem=20.970911026000977
== p3-caa attack c038 (31/32) ==
p3-caa c038 1/40 L=2.625 Lq=-0.0388 Le=-0.177 rA=0.181 rB=0.219 a_out=0 u_out=0 mem=20.970911026000977
p3-caa c038 2/40 L=2.728 Lq=-0.0361 Le=-0.169 rA=0.182 rB=0.218 a_out=0 u_out=0 mem=20.970911026000977
p3-caa c038 3/40 L=2.477 Lq=-0.0439 Le=-0.189 rA=0.178 rB=0.222 a_out=1 u_out=1 mem=20.970911026000977
p3-caa c038 4/40 L=2.505 Lq=-0.0399 Le=-0.138 rA=0.180 rB=0.220 a_out=0 u_out=0 mem=20.970911026000977
p3-caa c038 5/40 L=2.312 Lq=-0.0538 Le=-0.181 rA=0.173 rB=0.227 a_out=1 u_out=1 mem=20.970911026000977
p3-caa c038 6/40 L=2.184 Lq=-0.0595 Le=-0.202 rA=0.170 rB=0.230 a_out=2 u_out=2 mem=20.970911026000977
p3-caa c038 7/40 L=2.093 Lq=-0.0672 Le=-0.220 rA=0.166 rB=0.234 a_out=2 u_out=2 mem=20.970911026000977
p3-caa c038 8/40 L=1.958 Lq=-0.0680 Le=-0.211 rA=0.166 rB=0.234 a_out=2 u_out=2 mem=20.970911026000977
p3-caa c038 9/40 L=2.119 Lq=-0.0622 Le=-0.208 rA=0.169 rB=0.231 a_out=2 u_out=2 mem=20.970911026000977
p3-caa c038 10/40 L=1.893 Lq=-0.0677 Le=-0.223 rA=0.166 rB=0.234 a_out=2 u_out=2 mem=20.970911026000977
p3-caa c038 11/40 L=1.764 Lq=-0.0708 Le=-0.204 rA=0.165 rB=0.235 a_out=2 u_out=2 mem=20.970911026000977
p3-caa c038 12/40 L=1.836 Lq=-0.0736 Le=-0.210 rA=0.163 rB=0.237 a_out=2 u_out=2 mem=20.970911026000977
p3-caa c038 13/40 L=1.797 Lq=-0.0739 Le=-0.212 rA=0.163 rB=0.237 a_out=2 u_out=2 mem=20.970911026000977
p3-caa c038 14/40 L=1.672 Lq=-0.0779 Le=-0.227 rA=0.161 rB=0.239 a_out=3 u_out=3 mem=20.970911026000977
p3-caa c038 15/40 L=1.702 Lq=-0.0822 Le=-0.235 rA=0.159 rB=0.241 a_out=3 u_out=3 mem=20.970911026000977
p3-caa c038 16/40 L=1.469 Lq=-0.0927 Le=-0.259 rA=0.154 rB=0.246 a_out=4 u_out=4 mem=20.970911026000977
p3-caa c038 17/40 L=1.346 Lq=-0.0950 Le=-0.253 rA=0.153 rB=0.247 a_out=4 u_out=4 mem=20.970911026000977
p3-caa c038 18/40 L=1.370 Lq=-0.0910 Le=-0.237 rA=0.155 rB=0.245 a_out=4 u_out=4 mem=20.970911026000977
p3-caa c038 19/40 L=1.572 Lq=-0.0837 Le=-0.232 rA=0.158 rB=0.242 a_out=3 u_out=3 mem=20.970911026000977
p3-caa c038 20/40 L=1.514 Lq=-0.0878 Le=-0.242 rA=0.156 rB=0.244 a_out=3 u_out=3 mem=20.970911026000977
p3-caa c038 21/40 L=1.328 Lq=-0.0971 Le=-0.261 rA=0.151 rB=0.249 a_out=4 u_out=4 mem=20.970911026000977
p3-caa c038 22/40 L=1.242 Lq=-0.1022 Le=-0.259 rA=0.149 rB=0.251 a_out=4 u_out=4 mem=20.970911026000977
p3-caa c038 23/40 L=1.284 Lq=-0.0973 Le=-0.246 rA=0.151 rB=0.249 a_out=4 u_out=4 mem=20.970911026000977
p3-caa c038 24/40 L=1.330 Lq=-0.0910 Le=-0.237 rA=0.154 rB=0.246 a_out=4 u_out=4 mem=20.970911026000977
p3-caa c038 25/40 L=1.149 Lq=-0.1024 Le=-0.255 rA=0.149 rB=0.251 a_out=4 u_out=4 mem=20.970911026000977
p3-caa c038 26/40 L=1.363 Lq=-0.0973 Le=-0.262 rA=0.151 rB=0.249 a_out=4 u_out=4 mem=20.970911026000977
p3-caa c038 27/40 L=1.316 Lq=-0.0961 Le=-0.243 rA=0.152 rB=0.248 a_out=4 u_out=4 mem=20.970911026000977
p3-caa c038 28/40 L=1.404 Lq=-0.0919 Le=-0.233 rA=0.154 rB=0.246 a_out=4 u_out=4 mem=20.970911026000977
p3-caa c038 29/40 L=1.280 Lq=-0.0938 Le=-0.239 rA=0.153 rB=0.247 a_out=4 u_out=4 mem=20.970911026000977
p3-caa c038 30/40 L=1.209 Lq=-0.1078 Le=-0.277 rA=0.146 rB=0.254 a_out=5 u_out=5 mem=20.970911026000977
p3-caa c038 31/40 L=1.089 Lq=-0.1087 Le=-0.259 rA=0.146 rB=0.254 a_out=5 u_out=5 mem=20.970911026000977
p3-caa c038 32/40 L=1.023 Lq=-0.1186 Le=-0.289 rA=0.141 rB=0.259 a_out=5 u_out=5 mem=20.970911026000977
p3-caa c038 33/40 L=1.167 Lq=-0.1134 Le=-0.286 rA=0.143 rB=0.257 a_out=5 u_out=5 mem=20.970911026000977
p3-caa c038 34/40 L=1.152 Lq=-0.1114 Le=-0.267 rA=0.144 rB=0.256 a_out=5 u_out=5 mem=20.970911026000977
p3-caa c038 35/40 L=1.095 Lq=-0.1142 Le=-0.276 rA=0.143 rB=0.257 a_out=5 u_out=5 mem=20.970911026000977
p3-caa c038 36/40 L=1.019 Lq=-0.1157 Le=-0.272 rA=0.142 rB=0.258 a_out=5 u_out=5 mem=20.970911026000977
p3-caa c038 37/40 L=0.970 Lq=-0.1188 Le=-0.283 rA=0.141 rB=0.259 a_out=5 u_out=5 mem=20.970911026000977
p3-caa c038 38/40 L=1.169 Lq=-0.1047 Le=-0.252 rA=0.148 rB=0.252 a_out=4 u_out=4 mem=20.970911026000977
p3-caa c038 39/40 L=1.040 Lq=-0.1154 Le=-0.280 rA=0.142 rB=0.258 a_out=5 u_out=5 mem=20.970911026000977
p3-caa c038 40/40 L=1.082 Lq=-0.1108 Le=-0.263 rA=0.145 rB=0.255 a_out=5 u_out=5 mem=20.970911026000977
== p3-caa attack c039 (32/32) ==
p3-caa c039 1/40 L=2.561 Lq=-0.0522 Le=-0.113 rA=0.174 rB=0.226 a_out=0 u_out=0 mem=20.970911026000977
p3-caa c039 2/40 L=2.116 Lq=-0.0667 Le=-0.171 rA=0.167 rB=0.233 a_out=1 u_out=1 mem=20.970911026000977
p3-caa c039 3/40 L=2.401 Lq=-0.0638 Le=-0.161 rA=0.168 rB=0.232 a_out=1 u_out=1 mem=20.970911026000977
p3-caa c039 4/40 L=2.341 Lq=-0.0625 Le=-0.160 rA=0.169 rB=0.231 a_out=1 u_out=1 mem=20.970911026000977
p3-caa c039 5/40 L=2.638 Lq=-0.0499 Le=-0.140 rA=0.175 rB=0.225 a_out=0 u_out=0 mem=20.970911026000977
p3-caa c039 6/40 L=2.051 Lq=-0.0706 Le=-0.169 rA=0.165 rB=0.235 a_out=2 u_out=2 mem=20.970911026000977
p3-caa c039 7/40 L=2.055 Lq=-0.0706 Le=-0.169 rA=0.165 rB=0.235 a_out=2 u_out=2 mem=20.970911026000977
p3-caa c039 8/40 L=1.899 Lq=-0.0753 Le=-0.176 rA=0.162 rB=0.238 a_out=2 u_out=2 mem=20.970911026000977
p3-caa c039 9/40 L=2.069 Lq=-0.0745 Le=-0.191 rA=0.163 rB=0.237 a_out=2 u_out=2 mem=20.970911026000977
p3-caa c039 10/40 L=1.767 Lq=-0.0818 Le=-0.191 rA=0.159 rB=0.241 a_out=2 u_out=2 mem=20.970911026000977
p3-caa c039 11/40 L=1.639 Lq=-0.0881 Le=-0.195 rA=0.156 rB=0.244 a_out=3 u_out=3 mem=20.970911026000977
p3-caa c039 12/40 L=1.516 Lq=-0.0893 Le=-0.165 rA=0.155 rB=0.245 a_out=3 u_out=3 mem=20.970911026000977
p3-caa c039 13/40 L=1.470 Lq=-0.0950 Le=-0.180 rA=0.153 rB=0.247 a_out=3 u_out=3 mem=20.970911026000977
p3-caa c039 14/40 L=1.362 Lq=-0.0978 Le=-0.181 rA=0.151 rB=0.249 a_out=3 u_out=3 mem=20.970911026000977
p3-caa c039 15/40 L=1.336 Lq=-0.1002 Le=-0.185 rA=0.150 rB=0.250 a_out=4 u_out=4 mem=20.970911026000977
p3-caa c039 16/40 L=1.344 Lq=-0.1049 Le=-0.204 rA=0.148 rB=0.252 a_out=4 u_out=4 mem=20.970911026000977
p3-caa c039 17/40 L=1.274 Lq=-0.1084 Le=-0.230 rA=0.146 rB=0.254 a_out=4 u_out=4 mem=20.970911026000977
p3-caa c039 18/40 L=1.443 Lq=-0.0956 Le=-0.169 rA=0.152 rB=0.248 a_out=3 u_out=3 mem=20.970911026000977
p3-caa c039 19/40 L=1.344 Lq=-0.0987 Le=-0.179 rA=0.151 rB=0.249 a_out=3 u_out=3 mem=20.970911026000977
p3-caa c039 20/40 L=1.330 Lq=-0.1045 Le=-0.215 rA=0.148 rB=0.252 a_out=4 u_out=4 mem=20.970911026000977
p3-caa c039 21/40 L=1.226 Lq=-0.1067 Le=-0.208 rA=0.147 rB=0.253 a_out=4 u_out=4 mem=20.970911026000977
p3-caa c039 22/40 L=1.326 Lq=-0.1021 Le=-0.194 rA=0.149 rB=0.251 a_out=4 u_out=4 mem=20.970911026000977
p3-caa c039 23/40 L=1.359 Lq=-0.0994 Le=-0.192 rA=0.150 rB=0.250 a_out=3 u_out=3 mem=20.970911026000977
p3-caa c039 24/40 L=1.430 Lq=-0.1039 Le=-0.212 rA=0.148 rB=0.252 a_out=4 u_out=4 mem=20.970911026000977
p3-caa c039 25/40 L=1.293 Lq=-0.1071 Le=-0.215 rA=0.146 rB=0.254 a_out=4 u_out=4 mem=20.970911026000977
p3-caa c039 26/40 L=1.510 Lq=-0.0990 Le=-0.203 rA=0.150 rB=0.250 a_out=3 u_out=3 mem=20.970911026000977
p3-caa c039 27/40 L=1.382 Lq=-0.1098 Le=-0.232 rA=0.145 rB=0.255 a_out=4 u_out=4 mem=20.970911026000977
p3-caa c039 28/40 L=1.244 Lq=-0.1113 Le=-0.236 rA=0.144 rB=0.256 a_out=4 u_out=4 mem=20.970911026000977
p3-caa c039 29/40 L=1.279 Lq=-0.1101 Le=-0.230 rA=0.145 rB=0.255 a_out=4 u_out=4 mem=20.970911026000977
p3-caa c039 30/40 L=1.530 Lq=-0.0981 Le=-0.223 rA=0.151 rB=0.249 a_out=3 u_out=3 mem=20.970911026000977
p3-caa c039 31/40 L=2.040 Lq=-0.0762 Le=-0.183 rA=0.162 rB=0.238 a_out=2 u_out=2 mem=20.970911026000977
p3-caa c039 32/40 L=1.577 Lq=-0.0969 Le=-0.203 rA=0.152 rB=0.248 a_out=3 u_out=3 mem=20.970911026000977
p3-caa c039 33/40 L=1.682 Lq=-0.0894 Le=-0.192 rA=0.155 rB=0.245 a_out=3 u_out=3 mem=20.970911026000977
p3-caa c039 34/40 L=1.403 Lq=-0.1021 Le=-0.211 rA=0.149 rB=0.251 a_out=4 u_out=4 mem=20.970911026000977
p3-caa c039 35/40 L=1.428 Lq=-0.1035 Le=-0.204 rA=0.148 rB=0.252 a_out=4 u_out=4 mem=20.970911026000977
p3-caa c039 36/40 L=1.655 Lq=-0.0961 Le=-0.203 rA=0.152 rB=0.248 a_out=3 u_out=3 mem=20.970911026000977
p3-caa c039 37/40 L=1.464 Lq=-0.1038 Le=-0.222 rA=0.148 rB=0.252 a_out=4 u_out=4 mem=20.970911026000977
p3-caa c039 38/40 L=1.692 Lq=-0.0972 Le=-0.221 rA=0.151 rB=0.249 a_out=3 u_out=3 mem=20.970911026000977
p3-caa c039 39/40 L=1.816 Lq=-0.0848 Le=-0.192 rA=0.158 rB=0.242 a_out=3 u_out=3 mem=20.970911026000977
p3-caa c039 40/40 L=1.645 Lq=-0.0902 Le=-0.188 rA=0.155 rB=0.245 a_out=3 u_out=3 mem=20.970911026000977
==== P3 METHOD rank ====
== p3-rank attack c000 (1/32) ==
p3-rank c000 1/40 L=-0.161 Lq=-0.0524 Le=-0.223 rA=0.174 rB=0.226 a_out=0 u_out=0 mem=20.970911026000977
p3-rank c000 2/40 L=-0.200 Lq=-0.0687 Le=-0.269 rA=0.166 rB=0.234 a_out=1 u_out=1 mem=20.970911026000977
p3-rank c000 3/40 L=-0.204 Lq=-0.0682 Le=-0.279 rA=0.166 rB=0.234 a_out=1 u_out=1 mem=20.970911026000977
p3-rank c000 4/40 L=-0.247 Lq=-0.0887 Le=-0.324 rA=0.156 rB=0.244 a_out=2 u_out=2 mem=20.970911026000977
p3-rank c000 5/40 L=-0.195 Lq=-0.0616 Le=-0.273 rA=0.169 rB=0.231 a_out=1 u_out=1 mem=20.970911026000977
p3-rank c000 6/40 L=-0.235 Lq=-0.0830 Le=-0.312 rA=0.159 rB=0.241 a_out=2 u_out=2 mem=20.970911026000977
p3-rank c000 7/40 L=-0.269 Lq=-0.0991 Le=-0.348 rA=0.150 rB=0.250 a_out=3 u_out=3 mem=20.970911026000977
p3-rank c000 8/40 L=-0.275 Lq=-0.1024 Le=-0.354 rA=0.149 rB=0.251 a_out=3 u_out=3 mem=20.970911026000977
p3-rank c000 9/40 L=-0.274 Lq=-0.1019 Le=-0.352 rA=0.149 rB=0.251 a_out=3 u_out=3 mem=20.970911026000977
p3-rank c000 10/40 L=-0.276 Lq=-0.1028 Le=-0.355 rA=0.149 rB=0.251 a_out=3 u_out=3 mem=20.970911026000977
p3-rank c000 11/40 L=-0.220 Lq=-0.0709 Le=-0.305 rA=0.165 rB=0.235 a_out=1 u_out=1 mem=20.970911026000977
p3-rank c000 12/40 L=-0.245 Lq=-0.0848 Le=-0.328 rA=0.158 rB=0.242 a_out=2 u_out=2 mem=20.970911026000977
p3-rank c000 13/40 L=-0.272 Lq=-0.1005 Le=-0.351 rA=0.150 rB=0.250 a_out=3 u_out=3 mem=20.970911026000977
p3-rank c000 14/40 L=-0.288 Lq=-0.1098 Le=-0.365 rA=0.145 rB=0.255 a_out=4 u_out=4 mem=20.970911026000977
p3-rank c000 15/40 L=-0.307 Lq=-0.1217 Le=-0.379 rA=0.139 rB=0.261 a_out=5 u_out=5 mem=20.970911026000977
p3-rank c000 16/40 L=-0.304 Lq=-0.1180 Le=-0.380 rA=0.141 rB=0.259 a_out=4 u_out=4 mem=20.970911026000977
p3-rank c000 17/40 L=-0.311 Lq=-0.1238 Le=-0.383 rA=0.138 rB=0.262 a_out=5 u_out=5 mem=20.970911026000977
p3-rank c000 18/40 L=-0.305 Lq=-0.1209 Le=-0.378 rA=0.140 rB=0.260 a_out=5 u_out=5 mem=20.970911026000977
p3-rank c000 19/40 L=-0.287 Lq=-0.1107 Le=-0.363 rA=0.145 rB=0.255 a_out=4 u_out=4 mem=20.970911026000977
p3-rank c000 20/40 L=-0.279 Lq=-0.1037 Le=-0.360 rA=0.148 rB=0.252 a_out=3 u_out=3 mem=20.970911026000977
p3-rank c000 21/40 L=-0.293 Lq=-0.1125 Le=-0.369 rA=0.144 rB=0.256 a_out=4 u_out=4 mem=20.970911026000977
p3-rank c000 22/40 L=-0.321 Lq=-0.1291 Le=-0.393 rA=0.135 rB=0.265 a_out=5 u_out=5 mem=20.970911026000977
p3-rank c000 23/40 L=-0.316 Lq=-0.1268 Le=-0.386 rA=0.137 rB=0.263 a_out=5 u_out=5 mem=20.970911026000977
p3-rank c000 24/40 L=-0.323 Lq=-0.1306 Le=-0.394 rA=0.135 rB=0.265 a_out=5 u_out=5 mem=20.970911026000977
p3-rank c000 25/40 L=-0.327 Lq=-0.1330 Le=-0.395 rA=0.134 rB=0.266 a_out=5 u_out=5 mem=20.970911026000977
p3-rank c000 26/40 L=-0.314 Lq=-0.1253 Le=-0.387 rA=0.137 rB=0.263 a_out=5 u_out=5 mem=20.970911026000977
p3-rank c000 27/40 L=-0.337 Lq=-0.1395 Le=-0.404 rA=0.130 rB=0.270 a_out=6 u_out=6 mem=20.970911026000977
p3-rank c000 28/40 L=-0.341 Lq=-0.1412 Le=-0.408 rA=0.129 rB=0.271 a_out=6 u_out=6 mem=20.970911026000977
p3-rank c000 29/40 L=-0.333 Lq=-0.1363 Le=-0.404 rA=0.132 rB=0.268 a_out=6 u_out=6 mem=20.970911026000977
p3-rank c000 30/40 L=-0.325 Lq=-0.1318 Le=-0.395 rA=0.134 rB=0.266 a_out=5 u_out=5 mem=20.970911026000977
p3-rank c000 31/40 L=-0.343 Lq=-0.1430 Le=-0.409 rA=0.128 rB=0.272 a_out=6 u_out=6 mem=20.970911026000977
p3-rank c000 32/40 L=-0.356 Lq=-0.1508 Le=-0.419 rA=0.125 rB=0.275 a_out=7 u_out=6 mem=20.970911026000977
p3-rank c000 33/40 L=-0.334 Lq=-0.1380 Le=-0.401 rA=0.131 rB=0.269 a_out=6 u_out=6 mem=20.970911026000977
p3-rank c000 34/40 L=-0.351 Lq=-0.1489 Le=-0.414 rA=0.126 rB=0.274 a_out=6 u_out=6 mem=20.970911026000977
p3-rank c000 35/40 L=-0.350 Lq=-0.1476 Le=-0.413 rA=0.126 rB=0.274 a_out=6 u_out=6 mem=20.970911026000977
p3-rank c000 36/40 L=-0.346 Lq=-0.1457 Le=-0.409 rA=0.127 rB=0.273 a_out=6 u_out=6 mem=20.970911026000977
p3-rank c000 37/40 L=-0.345 Lq=-0.1458 Le=-0.408 rA=0.127 rB=0.273 a_out=6 u_out=6 mem=20.970911026000977
p3-rank c000 38/40 L=-0.342 Lq=-0.1421 Le=-0.408 rA=0.129 rB=0.271 a_out=6 u_out=6 mem=20.970911026000977
p3-rank c000 39/40 L=-0.332 Lq=-0.1375 Le=-0.399 rA=0.131 rB=0.269 a_out=6 u_out=6 mem=20.970911026000977
p3-rank c000 40/40 L=-0.330 Lq=-0.1357 Le=-0.397 rA=0.132 rB=0.268 a_out=6 u_out=6 mem=20.970911026000977
== p3-rank attack c003 (2/32) ==
p3-rank c003 1/40 L=-0.052 Lq=-0.0237 Le=-0.070 rA=0.188 rB=0.212 a_out=0 u_out=0 mem=20.970911026000977
p3-rank c003 2/40 L=-0.073 Lq=-0.0418 Le=-0.076 rA=0.179 rB=0.221 a_out=1 u_out=1 mem=20.970911026000977
p3-rank c003 3/40 L=-0.112 Lq=-0.0564 Le=-0.125 rA=0.172 rB=0.228 a_out=2 u_out=2 mem=20.970911026000977
p3-rank c003 4/40 L=-0.140 Lq=-0.0644 Le=-0.167 rA=0.168 rB=0.232 a_out=3 u_out=3 mem=20.970911026000977
p3-rank c003 5/40 L=-0.136 Lq=-0.0633 Le=-0.160 rA=0.168 rB=0.232 a_out=3 u_out=3 mem=20.970911026000977
p3-rank c003 6/40 L=-0.125 Lq=-0.0637 Le=-0.140 rA=0.168 rB=0.232 a_out=3 u_out=3 mem=20.970911026000977
p3-rank c003 7/40 L=-0.146 Lq=-0.0643 Le=-0.179 rA=0.168 rB=0.232 a_out=3 u_out=3 mem=20.970911026000977
p3-rank c003 8/40 L=-0.167 Lq=-0.0752 Le=-0.198 rA=0.162 rB=0.238 a_out=4 u_out=4 mem=20.970911026000977
p3-rank c003 9/40 L=-0.150 Lq=-0.0722 Le=-0.174 rA=0.164 rB=0.236 a_out=3 u_out=3 mem=20.970911026000977
p3-rank c003 10/40 L=-0.171 Lq=-0.0778 Le=-0.203 rA=0.161 rB=0.239 a_out=4 u_out=4 mem=20.970911026000977
p3-rank c003 11/40 L=-0.156 Lq=-0.0655 Le=-0.196 rA=0.167 rB=0.233 a_out=3 u_out=3 mem=20.970911026000977
p3-rank c003 12/40 L=-0.140 Lq=-0.0577 Le=-0.178 rA=0.171 rB=0.229 a_out=2 u_out=2 mem=20.970911026000977
p3-rank c003 13/40 L=-0.162 Lq=-0.0730 Le=-0.194 rA=0.163 rB=0.237 a_out=3 u_out=3 mem=20.970911026000977
p3-rank c003 14/40 L=-0.193 Lq=-0.0800 Le=-0.241 rA=0.160 rB=0.240 a_out=4 u_out=4 mem=20.970911026000977
p3-rank c003 15/40 L=-0.193 Lq=-0.0873 Le=-0.229 rA=0.156 rB=0.244 a_out=4 u_out=4 mem=20.970911026000977
p3-rank c003 16/40 L=-0.214 Lq=-0.0940 Le=-0.257 rA=0.153 rB=0.247 a_out=5 u_out=5 mem=20.970911026000977
p3-rank c003 17/40 L=-0.200 Lq=-0.0874 Le=-0.242 rA=0.156 rB=0.244 a_out=4 u_out=4 mem=20.970911026000977
p3-rank c003 18/40 L=-0.218 Lq=-0.0958 Le=-0.261 rA=0.152 rB=0.248 a_out=5 u_out=5 mem=20.970911026000977
p3-rank c003 19/40 L=-0.211 Lq=-0.0875 Le=-0.262 rA=0.156 rB=0.244 a_out=4 u_out=4 mem=20.970911026000977
p3-rank c003 20/40 L=-0.223 Lq=-0.0948 Le=-0.272 rA=0.153 rB=0.247 a_out=5 u_out=5 mem=20.970911026000977
p3-rank c003 21/40 L=-0.219 Lq=-0.0984 Le=-0.256 rA=0.151 rB=0.249 a_out=5 u_out=5 mem=20.970911026000977
p3-rank c003 22/40 L=-0.219 Lq=-0.0979 Le=-0.258 rA=0.151 rB=0.249 a_out=5 u_out=5 mem=20.970911026000977
p3-rank c003 23/40 L=-0.234 Lq=-0.1034 Le=-0.279 rA=0.148 rB=0.252 a_out=6 u_out=6 mem=20.970911026000977
p3-rank c003 24/40 L=-0.226 Lq=-0.0999 Le=-0.268 rA=0.150 rB=0.250 a_out=5 u_out=5 mem=20.970911026000977
p3-rank c003 25/40 L=-0.244 Lq=-0.1060 Le=-0.292 rA=0.147 rB=0.253 a_out=6 u_out=6 mem=20.970911026000977
p3-rank c003 26/40 L=-0.252 Lq=-0.1097 Le=-0.301 rA=0.145 rB=0.255 a_out=6 u_out=6 mem=20.970911026000977
p3-rank c003 27/40 L=-0.264 Lq=-0.1152 Le=-0.315 rA=0.142 rB=0.258 a_out=6 u_out=6 mem=20.970911026000977
p3-rank c003 28/40 L=-0.267 Lq=-0.1150 Le=-0.321 rA=0.142 rB=0.258 a_out=6 u_out=6 mem=20.970911026000977
p3-rank c003 29/40 L=-0.272 Lq=-0.1190 Le=-0.324 rA=0.140 rB=0.260 a_out=7 u_out=7 mem=20.970911026000977
p3-rank c003 30/40 L=-0.285 Lq=-0.1259 Le=-0.335 rA=0.137 rB=0.263 a_out=7 u_out=7 mem=20.970911026000977
p3-rank c003 31/40 L=-0.284 Lq=-0.1283 Le=-0.329 rA=0.136 rB=0.264 a_out=7 u_out=7 mem=20.970911026000977
p3-rank c003 32/40 L=-0.306 Lq=-0.1378 Le=-0.353 rA=0.131 rB=0.269 a_out=8 u_out=7 mem=20.970911026000977
p3-rank c003 33/40 L=-0.292 Lq=-0.1327 Le=-0.335 rA=0.134 rB=0.266 a_out=8 u_out=7 mem=20.970911026000977
p3-rank c003 34/40 L=-0.301 Lq=-0.1353 Le=-0.348 rA=0.132 rB=0.268 a_out=8 u_out=7 mem=20.970911026000977
p3-rank c003 35/40 L=-0.297 Lq=-0.1346 Le=-0.342 rA=0.133 rB=0.267 a_out=8 u_out=7 mem=20.970911026000977
p3-rank c003 36/40 L=-0.298 Lq=-0.1324 Le=-0.347 rA=0.134 rB=0.266 a_out=8 u_out=7 mem=20.970911026000977
p3-rank c003 37/40 L=-0.298 Lq=-0.1324 Le=-0.347 rA=0.134 rB=0.266 a_out=8 u_out=7 mem=20.970911026000977
p3-rank c003 38/40 L=-0.312 Lq=-0.1427 Le=-0.356 rA=0.129 rB=0.271 a_out=8 u_out=7 mem=20.970911026000977
p3-rank c003 39/40 L=-0.305 Lq=-0.1403 Le=-0.347 rA=0.130 rB=0.270 a_out=8 u_out=7 mem=20.970911026000977
p3-rank c003 40/40 L=-0.323 Lq=-0.1471 Le=-0.369 rA=0.126 rB=0.274 a_out=9 u_out=7 mem=20.970911026000977
== p3-rank attack c004 (3/32) ==
p3-rank c004 1/40 L=-0.035 Lq=+0.0016 Le=-0.083 rA=0.201 rB=0.199 a_out=0 u_out=0 mem=20.970911026000977
p3-rank c004 2/40 L=-0.051 Lq=+0.0054 Le=-0.123 rA=0.203 rB=0.197 a_out=0 u_out=0 mem=20.970911026000977
p3-rank c004 3/40 L=-0.087 Lq=-0.0123 Le=-0.160 rA=0.194 rB=0.206 a_out=1 u_out=1 mem=20.970911026000977
p3-rank c004 4/40 L=-0.092 Lq=-0.0120 Le=-0.169 rA=0.194 rB=0.206 a_out=1 u_out=1 mem=20.970911026000977
p3-rank c004 5/40 L=-0.128 Lq=-0.0258 Le=-0.215 rA=0.187 rB=0.213 a_out=2 u_out=2 mem=20.970911026000977
p3-rank c004 6/40 L=-0.132 Lq=-0.0310 Le=-0.213 rA=0.185 rB=0.215 a_out=2 u_out=2 mem=20.970911026000977
p3-rank c004 7/40 L=-0.142 Lq=-0.0352 Le=-0.223 rA=0.182 rB=0.218 a_out=2 u_out=2 mem=20.970911026000977
p3-rank c004 8/40 L=-0.169 Lq=-0.0432 Le=-0.261 rA=0.178 rB=0.222 a_out=3 u_out=3 mem=20.970911026000977
p3-rank c004 9/40 L=-0.164 Lq=-0.0420 Le=-0.254 rA=0.179 rB=0.221 a_out=3 u_out=3 mem=20.970911026000977
p3-rank c004 10/40 L=-0.174 Lq=-0.0438 Le=-0.273 rA=0.178 rB=0.222 a_out=3 u_out=3 mem=20.970911026000977
p3-rank c004 11/40 L=-0.167 Lq=-0.0397 Le=-0.267 rA=0.180 rB=0.220 a_out=3 u_out=3 mem=20.970911026000977
p3-rank c004 12/40 L=-0.160 Lq=-0.0372 Le=-0.256 rA=0.181 rB=0.219 a_out=2 u_out=2 mem=20.970911026000977
p3-rank c004 13/40 L=-0.194 Lq=-0.0540 Le=-0.291 rA=0.173 rB=0.227 a_out=4 u_out=4 mem=20.970911026000977
p3-rank c004 14/40 L=-0.156 Lq=-0.0341 Le=-0.255 rA=0.183 rB=0.217 a_out=2 u_out=2 mem=20.970911026000977
p3-rank c004 15/40 L=-0.160 Lq=-0.0381 Le=-0.255 rA=0.181 rB=0.219 a_out=2 u_out=2 mem=20.970911026000977
p3-rank c004 16/40 L=-0.154 Lq=-0.0334 Le=-0.252 rA=0.183 rB=0.217 a_out=2 u_out=2 mem=20.970911026000977
p3-rank c004 17/40 L=-0.176 Lq=-0.0468 Le=-0.268 rA=0.177 rB=0.223 a_out=3 u_out=3 mem=20.970911026000977
p3-rank c004 18/40 L=-0.194 Lq=-0.0542 Le=-0.291 rA=0.173 rB=0.227 a_out=4 u_out=4 mem=20.970911026000977
p3-rank c004 19/40 L=-0.207 Lq=-0.0610 Le=-0.303 rA=0.169 rB=0.231 a_out=4 u_out=4 mem=20.970911026000977
p3-rank c004 20/40 L=-0.211 Lq=-0.0638 Le=-0.307 rA=0.168 rB=0.232 a_out=4 u_out=4 mem=20.970911026000977
p3-rank c004 21/40 L=-0.210 Lq=-0.0606 Le=-0.310 rA=0.170 rB=0.230 a_out=4 u_out=4 mem=20.970911026000977
p3-rank c004 22/40 L=-0.226 Lq=-0.0687 Le=-0.325 rA=0.166 rB=0.234 a_out=4 u_out=4 mem=20.970911026000977
p3-rank c004 23/40 L=-0.236 Lq=-0.0755 Le=-0.333 rA=0.162 rB=0.238 a_out=5 u_out=5 mem=20.970911026000977
p3-rank c004 24/40 L=-0.230 Lq=-0.0712 Le=-0.329 rA=0.164 rB=0.236 a_out=5 u_out=5 mem=20.970911026000977
p3-rank c004 25/40 L=-0.241 Lq=-0.0803 Le=-0.332 rA=0.160 rB=0.240 a_out=5 u_out=5 mem=20.970911026000977
p3-rank c004 26/40 L=-0.248 Lq=-0.0830 Le=-0.341 rA=0.159 rB=0.241 a_out=5 u_out=5 mem=20.970911026000977
p3-rank c004 27/40 L=-0.241 Lq=-0.0792 Le=-0.336 rA=0.160 rB=0.240 a_out=5 u_out=5 mem=20.970911026000977
p3-rank c004 28/40 L=-0.251 Lq=-0.0851 Le=-0.342 rA=0.157 rB=0.243 a_out=6 u_out=6 mem=20.970911026000977
p3-rank c004 29/40 L=-0.199 Lq=-0.0612 Le=-0.288 rA=0.169 rB=0.231 a_out=4 u_out=4 mem=20.970911026000977
p3-rank c004 30/40 L=-0.221 Lq=-0.0725 Le=-0.308 rA=0.164 rB=0.236 a_out=5 u_out=5 mem=20.970911026000977
p3-rank c004 31/40 L=-0.216 Lq=-0.0650 Le=-0.313 rA=0.167 rB=0.233 a_out=4 u_out=4 mem=20.970911026000977
p3-rank c004 32/40 L=-0.238 Lq=-0.0783 Le=-0.331 rA=0.161 rB=0.239 a_out=5 u_out=5 mem=20.970911026000977
p3-rank c004 33/40 L=-0.245 Lq=-0.0838 Le=-0.335 rA=0.158 rB=0.242 a_out=5 u_out=5 mem=20.970911026000977
p3-rank c004 34/40 L=-0.207 Lq=-0.0691 Le=-0.286 rA=0.165 rB=0.235 a_out=4 u_out=4 mem=20.970911026000977
p3-rank c004 35/40 L=-0.253 Lq=-0.0861 Le=-0.344 rA=0.157 rB=0.243 a_out=6 u_out=6 mem=20.970911026000977
p3-rank c004 36/40 L=-0.247 Lq=-0.0852 Le=-0.335 rA=0.157 rB=0.243 a_out=6 u_out=6 mem=20.970911026000977
p3-rank c004 37/40 L=-0.262 Lq=-0.0913 Le=-0.353 rA=0.154 rB=0.246 a_out=6 u_out=6 mem=20.970911026000977
p3-rank c004 38/40 L=-0.252 Lq=-0.0847 Le=-0.347 rA=0.158 rB=0.242 a_out=6 u_out=6 mem=20.970911026000977
p3-rank c004 39/40 L=-0.258 Lq=-0.0875 Le=-0.353 rA=0.156 rB=0.244 a_out=6 u_out=6 mem=20.970911026000977
p3-rank c004 40/40 L=-0.241 Lq=-0.0810 Le=-0.332 rA=0.160 rB=0.240 a_out=5 u_out=5 mem=20.970911026000977
== p3-rank attack c005 (4/32) ==
p3-rank c005 1/40 L=-0.117 Lq=-0.0372 Le=-0.168 rA=0.181 rB=0.219 a_out=0 u_out=0 mem=20.970911026000977
p3-rank c005 2/40 L=-0.145 Lq=-0.0491 Le=-0.203 rA=0.175 rB=0.225 a_out=1 u_out=1 mem=20.970911026000977
p3-rank c005 3/40 L=-0.194 Lq=-0.0683 Le=-0.263 rA=0.166 rB=0.234 a_out=2 u_out=2 mem=20.970911026000977
p3-rank c005 4/40 L=-0.208 Lq=-0.0769 Le=-0.273 rA=0.162 rB=0.238 a_out=3 u_out=3 mem=20.970911026000977
p3-rank c005 5/40 L=-0.205 Lq=-0.0754 Le=-0.271 rA=0.162 rB=0.238 a_out=3 u_out=3 mem=20.970911026000977
p3-rank c005 6/40 L=-0.207 Lq=-0.0714 Le=-0.280 rA=0.164 rB=0.236 a_out=2 u_out=2 mem=20.970911026000977
p3-rank c005 7/40 L=-0.232 Lq=-0.0913 Le=-0.292 rA=0.154 rB=0.246 a_out=4 u_out=4 mem=20.970911026000977
p3-rank c005 8/40 L=-0.236 Lq=-0.0900 Le=-0.302 rA=0.155 rB=0.245 a_out=3 u_out=3 mem=20.970911026000977
p3-rank c005 9/40 L=-0.251 Lq=-0.0963 Le=-0.319 rA=0.152 rB=0.248 a_out=4 u_out=4 mem=20.970911026000977
p3-rank c005 10/40 L=-0.260 Lq=-0.1046 Le=-0.322 rA=0.148 rB=0.252 a_out=4 u_out=4 mem=20.970911026000977
p3-rank c005 11/40 L=-0.262 Lq=-0.1064 Le=-0.322 rA=0.147 rB=0.253 a_out=5 u_out=5 mem=20.970911026000977
p3-rank c005 12/40 L=-0.287 Lq=-0.1186 Le=-0.347 rA=0.141 rB=0.259 a_out=5 u_out=5 mem=20.970911026000977
p3-rank c005 13/40 L=-0.306 Lq=-0.1283 Le=-0.367 rA=0.136 rB=0.264 a_out=6 u_out=6 mem=20.970911026000977
p3-rank c005 14/40 L=-0.325 Lq=-0.1383 Le=-0.383 rA=0.131 rB=0.269 a_out=7 u_out=7 mem=20.970911026000977
p3-rank c005 15/40 L=-0.300 Lq=-0.1243 Le=-0.362 rA=0.138 rB=0.262 a_out=6 u_out=6 mem=20.970911026000977
p3-rank c005 16/40 L=-0.304 Lq=-0.1281 Le=-0.361 rA=0.136 rB=0.264 a_out=6 u_out=6 mem=20.970911026000977
p3-rank c005 17/40 L=-0.305 Lq=-0.1285 Le=-0.364 rA=0.136 rB=0.264 a_out=6 u_out=6 mem=20.970911026000977
p3-rank c005 18/40 L=-0.321 Lq=-0.1371 Le=-0.379 rA=0.131 rB=0.269 a_out=6 u_out=6 mem=20.970911026000977
p3-rank c005 19/40 L=-0.313 Lq=-0.1339 Le=-0.371 rA=0.133 rB=0.267 a_out=6 u_out=6 mem=20.970911026000977
p3-rank c005 20/40 L=-0.299 Lq=-0.1271 Le=-0.354 rA=0.136 rB=0.264 a_out=6 u_out=6 mem=20.970911026000977
p3-rank c005 21/40 L=-0.327 Lq=-0.1420 Le=-0.381 rA=0.129 rB=0.271 a_out=7 u_out=7 mem=20.970911026000977
p3-rank c005 22/40 L=-0.323 Lq=-0.1391 Le=-0.378 rA=0.130 rB=0.270 a_out=7 u_out=7 mem=20.970911026000977
p3-rank c005 23/40 L=-0.315 Lq=-0.1349 Le=-0.372 rA=0.133 rB=0.267 a_out=6 u_out=6 mem=20.970911026000977
p3-rank c005 24/40 L=-0.314 Lq=-0.1334 Le=-0.372 rA=0.133 rB=0.267 a_out=6 u_out=6 mem=20.970911026000977
p3-rank c005 25/40 L=-0.315 Lq=-0.1365 Le=-0.367 rA=0.132 rB=0.268 a_out=6 u_out=6 mem=20.970911026000977
p3-rank c005 26/40 L=-0.340 Lq=-0.1490 Le=-0.392 rA=0.126 rB=0.274 a_out=7 u_out=7 mem=20.970911026000977
p3-rank c005 27/40 L=-0.338 Lq=-0.1473 Le=-0.392 rA=0.126 rB=0.274 a_out=7 u_out=7 mem=20.970911026000977
p3-rank c005 28/40 L=-0.335 Lq=-0.1486 Le=-0.384 rA=0.126 rB=0.274 a_out=7 u_out=7 mem=20.970911026000977
p3-rank c005 29/40 L=-0.361 Lq=-0.1627 Le=-0.407 rA=0.119 rB=0.281 a_out=8 u_out=8 mem=20.970911026000977
p3-rank c005 30/40 L=-0.341 Lq=-0.1497 Le=-0.393 rA=0.125 rB=0.275 a_out=7 u_out=7 mem=20.970911026000977
p3-rank c005 31/40 L=-0.352 Lq=-0.1568 Le=-0.402 rA=0.122 rB=0.278 a_out=8 u_out=8 mem=20.970911026000977
p3-rank c005 32/40 L=-0.371 Lq=-0.1700 Le=-0.413 rA=0.115 rB=0.285 a_out=9 u_out=9 mem=20.970911026000977
p3-rank c005 33/40 L=-0.375 Lq=-0.1721 Le=-0.417 rA=0.114 rB=0.286 a_out=9 u_out=9 mem=20.970911026000977
p3-rank c005 34/40 L=-0.372 Lq=-0.1704 Le=-0.415 rA=0.115 rB=0.285 a_out=9 u_out=9 mem=20.970911026000977
p3-rank c005 35/40 L=-0.374 Lq=-0.1724 Le=-0.415 rA=0.114 rB=0.286 a_out=9 u_out=9 mem=20.970911026000977
p3-rank c005 36/40 L=-0.390 Lq=-0.1831 Le=-0.425 rA=0.108 rB=0.292 a_out=9 u_out=9 mem=20.970911026000977
p3-rank c005 37/40 L=-0.381 Lq=-0.1764 Le=-0.420 rA=0.112 rB=0.288 a_out=9 u_out=9 mem=20.970911026000977
p3-rank c005 38/40 L=-0.394 Lq=-0.1861 Le=-0.427 rA=0.107 rB=0.293 a_out=10 u_out=10 mem=20.970911026000977
p3-rank c005 39/40 L=-0.389 Lq=-0.1816 Le=-0.426 rA=0.109 rB=0.291 a_out=9 u_out=9 mem=20.970911026000977
p3-rank c005 40/40 L=-0.416 Lq=-0.2008 Le=-0.441 rA=0.100 rB=0.300 a_out=10 u_out=10 mem=20.970911026000977
== p3-rank attack c006 (5/32) ==
p3-rank c006 1/40 L=-0.002 Lq=-0.0163 Le=0.023 rA=0.192 rB=0.208 a_out=0 u_out=0 mem=20.970911026000977
p3-rank c006 2/40 L=-0.030 Lq=-0.0260 Le=-0.017 rA=0.187 rB=0.213 a_out=1 u_out=1 mem=20.970911026000977
p3-rank c006 3/40 L=-0.079 Lq=-0.0355 Le=-0.095 rA=0.182 rB=0.218 a_out=1 u_out=1 mem=20.970911026000977
p3-rank c006 4/40 L=-0.082 Lq=-0.0361 Le=-0.099 rA=0.182 rB=0.218 a_out=1 u_out=1 mem=20.970911026000977
p3-rank c006 5/40 L=-0.081 Lq=-0.0333 Le=-0.105 rA=0.183 rB=0.217 a_out=1 u_out=1 mem=20.970911026000977
p3-rank c006 6/40 L=-0.058 Lq=-0.0249 Le=-0.074 rA=0.188 rB=0.212 a_out=1 u_out=1 mem=20.970911026000977
p3-rank c006 7/40 L=-0.078 Lq=-0.0417 Le=-0.081 rA=0.179 rB=0.221 a_out=2 u_out=2 mem=20.970911026000977
p3-rank c006 8/40 L=-0.078 Lq=-0.0364 Le=-0.093 rA=0.182 rB=0.218 a_out=1 u_out=1 mem=20.970911026000977
p3-rank c006 9/40 L=-0.106 Lq=-0.0384 Le=-0.144 rA=0.181 rB=0.219 a_out=1 u_out=1 mem=20.970911026000977
p3-rank c006 10/40 L=-0.112 Lq=-0.0490 Le=-0.134 rA=0.176 rB=0.224 a_out=2 u_out=2 mem=20.970911026000977
p3-rank c006 11/40 L=-0.144 Lq=-0.0585 Le=-0.181 rA=0.171 rB=0.229 a_out=3 u_out=3 mem=20.970911026000977
p3-rank c006 12/40 L=-0.149 Lq=-0.0562 Le=-0.196 rA=0.172 rB=0.228 a_out=3 u_out=3 mem=20.970911026000977
p3-rank c006 13/40 L=-0.143 Lq=-0.0591 Le=-0.176 rA=0.170 rB=0.230 a_out=3 u_out=3 mem=20.970911026000977
p3-rank c006 14/40 L=-0.168 Lq=-0.0633 Le=-0.218 rA=0.168 rB=0.232 a_out=3 u_out=3 mem=20.970911026000977
p3-rank c006 15/40 L=-0.152 Lq=-0.0550 Le=-0.204 rA=0.172 rB=0.228 a_out=3 u_out=3 mem=20.970911026000977
p3-rank c006 16/40 L=-0.150 Lq=-0.0597 Le=-0.190 rA=0.170 rB=0.230 a_out=3 u_out=3 mem=20.970911026000977
p3-rank c006 17/40 L=-0.160 Lq=-0.0669 Le=-0.195 rA=0.167 rB=0.233 a_out=3 u_out=3 mem=20.970911026000977
p3-rank c006 18/40 L=-0.184 Lq=-0.0709 Le=-0.236 rA=0.165 rB=0.235 a_out=4 u_out=4 mem=20.970911026000977
p3-rank c006 19/40 L=-0.187 Lq=-0.0757 Le=-0.233 rA=0.162 rB=0.238 a_out=4 u_out=4 mem=20.970911026000977
p3-rank c006 20/40 L=-0.173 Lq=-0.0669 Le=-0.222 rA=0.167 rB=0.233 a_out=3 u_out=3 mem=20.970911026000977
p3-rank c006 21/40 L=-0.192 Lq=-0.0763 Le=-0.241 rA=0.162 rB=0.238 a_out=4 u_out=4 mem=20.970911026000977
p3-rank c006 22/40 L=-0.192 Lq=-0.0842 Le=-0.225 rA=0.158 rB=0.242 a_out=4 u_out=4 mem=20.970911026000977
p3-rank c006 23/40 L=-0.218 Lq=-0.0897 Le=-0.266 rA=0.155 rB=0.245 a_out=5 u_out=5 mem=20.970911026000977
p3-rank c006 24/40 L=-0.220 Lq=-0.0886 Le=-0.271 rA=0.156 rB=0.244 a_out=5 u_out=5 mem=20.970911026000977
p3-rank c006 25/40 L=-0.219 Lq=-0.0856 Le=-0.277 rA=0.157 rB=0.243 a_out=5 u_out=5 mem=20.970911026000977
p3-rank c006 26/40 L=-0.232 Lq=-0.0924 Le=-0.288 rA=0.154 rB=0.246 a_out=5 u_out=5 mem=20.970911026000977
p3-rank c006 27/40 L=-0.239 Lq=-0.0969 Le=-0.294 rA=0.152 rB=0.248 a_out=5 u_out=5 mem=20.970911026000977
p3-rank c006 28/40 L=-0.244 Lq=-0.1007 Le=-0.296 rA=0.150 rB=0.250 a_out=6 u_out=6 mem=20.970911026000977
p3-rank c006 29/40 L=-0.259 Lq=-0.1075 Le=-0.312 rA=0.146 rB=0.254 a_out=6 u_out=6 mem=20.970911026000977
p3-rank c006 30/40 L=-0.255 Lq=-0.1045 Le=-0.311 rA=0.148 rB=0.252 a_out=6 u_out=6 mem=20.970911026000977
p3-rank c006 31/40 L=-0.254 Lq=-0.1039 Le=-0.311 rA=0.148 rB=0.252 a_out=6 u_out=6 mem=20.970911026000977
p3-rank c006 32/40 L=-0.247 Lq=-0.0969 Le=-0.310 rA=0.152 rB=0.248 a_out=5 u_out=5 mem=20.970911026000977
p3-rank c006 33/40 L=-0.270 Lq=-0.1109 Le=-0.328 rA=0.145 rB=0.255 a_out=6 u_out=6 mem=20.970911026000977
p3-rank c006 34/40 L=-0.257 Lq=-0.1045 Le=-0.316 rA=0.148 rB=0.252 a_out=6 u_out=6 mem=20.970911026000977
p3-rank c006 35/40 L=-0.277 Lq=-0.1170 Le=-0.331 rA=0.141 rB=0.259 a_out=7 u_out=6 mem=20.970911026000977
p3-rank c006 36/40 L=-0.292 Lq=-0.1244 Le=-0.345 rA=0.138 rB=0.262 a_out=7 u_out=6 mem=20.970911026000977
p3-rank c006 37/40 L=-0.239 Lq=-0.0953 Le=-0.297 rA=0.152 rB=0.248 a_out=5 u_out=5 mem=20.970911026000977
p3-rank c006 38/40 L=-0.282 Lq=-0.1181 Le=-0.337 rA=0.141 rB=0.259 a_out=7 u_out=6 mem=20.970911026000977
p3-rank c006 39/40 L=-0.285 Lq=-0.1194 Le=-0.340 rA=0.140 rB=0.260 a_out=7 u_out=6 mem=20.970911026000977
p3-rank c006 40/40 L=-0.307 Lq=-0.1308 Le=-0.363 rA=0.135 rB=0.265 a_out=7 u_out=6 mem=20.970911026000977
== p3-rank attack c007 (6/32) ==
p3-rank c007 1/40 L=-0.057 Lq=-0.0120 Le=-0.096 rA=0.194 rB=0.206 a_out=0 u_out=0 mem=20.970911026000977
p3-rank c007 2/40 L=-0.059 Lq=-0.0173 Le=-0.091 rA=0.191 rB=0.209 a_out=0 u_out=0 mem=20.970911026000977
p3-rank c007 3/40 L=-0.086 Lq=-0.0277 Le=-0.123 rA=0.186 rB=0.214 a_out=1 u_out=1 mem=20.970911026000977
p3-rank c007 4/40 L=-0.089 Lq=-0.0198 Le=-0.146 rA=0.190 rB=0.210 a_out=0 u_out=0 mem=20.970911026000977
p3-rank c007 5/40 L=-0.142 Lq=-0.0421 Le=-0.207 rA=0.179 rB=0.221 a_out=1 u_out=1 mem=20.970911026000977
p3-rank c007 6/40 L=-0.123 Lq=-0.0455 Le=-0.163 rA=0.177 rB=0.223 a_out=2 u_out=2 mem=20.970911026000977
p3-rank c007 7/40 L=-0.162 Lq=-0.0528 Le=-0.226 rA=0.174 rB=0.226 a_out=2 u_out=2 mem=20.970911026000977
p3-rank c007 8/40 L=-0.181 Lq=-0.0591 Le=-0.251 rA=0.170 rB=0.230 a_out=3 u_out=3 mem=20.970911026000977
p3-rank c007 9/40 L=-0.179 Lq=-0.0558 Le=-0.255 rA=0.172 rB=0.228 a_out=2 u_out=2 mem=20.970911026000977
p3-rank c007 10/40 L=-0.211 Lq=-0.0745 Le=-0.282 rA=0.163 rB=0.237 a_out=3 u_out=3 mem=20.970911026000977
p3-rank c007 11/40 L=-0.190 Lq=-0.0648 Le=-0.258 rA=0.168 rB=0.232 a_out=3 u_out=3 mem=20.970911026000977
p3-rank c007 12/40 L=-0.220 Lq=-0.0772 Le=-0.295 rA=0.161 rB=0.239 a_out=4 u_out=4 mem=20.970911026000977
p3-rank c007 13/40 L=-0.194 Lq=-0.0649 Le=-0.268 rA=0.168 rB=0.232 a_out=3 u_out=3 mem=20.970911026000977
p3-rank c007 14/40 L=-0.217 Lq=-0.0766 Le=-0.293 rA=0.162 rB=0.238 a_out=4 u_out=4 mem=20.970911026000977
p3-rank c007 15/40 L=-0.195 Lq=-0.0621 Le=-0.275 rA=0.169 rB=0.231 a_out=3 u_out=3 mem=20.970911026000977
p3-rank c007 16/40 L=-0.227 Lq=-0.0782 Le=-0.307 rA=0.161 rB=0.239 a_out=4 u_out=4 mem=20.970911026000977
p3-rank c007 17/40 L=-0.197 Lq=-0.0655 Le=-0.272 rA=0.167 rB=0.233 a_out=3 u_out=3 mem=20.970911026000977
p3-rank c007 18/40 L=-0.231 Lq=-0.0885 Le=-0.296 rA=0.156 rB=0.244 a_out=4 u_out=4 mem=20.970911026000977
p3-rank c007 19/40 L=-0.229 Lq=-0.0859 Le=-0.297 rA=0.157 rB=0.243 a_out=4 u_out=4 mem=20.970911026000977
p3-rank c007 20/40 L=-0.245 Lq=-0.0894 Le=-0.326 rA=0.155 rB=0.245 a_out=4 u_out=4 mem=20.970911026000977
p3-rank c007 21/40 L=-0.229 Lq=-0.0858 Le=-0.298 rA=0.157 rB=0.243 a_out=4 u_out=4 mem=20.970911026000977
p3-rank c007 22/40 L=-0.232 Lq=-0.0884 Le=-0.299 rA=0.156 rB=0.244 a_out=4 u_out=4 mem=20.970911026000977
p3-rank c007 23/40 L=-0.218 Lq=-0.0783 Le=-0.291 rA=0.161 rB=0.239 a_out=4 u_out=4 mem=20.970911026000977
p3-rank c007 24/40 L=-0.215 Lq=-0.0733 Le=-0.297 rA=0.163 rB=0.237 a_out=3 u_out=3 mem=20.970911026000977
p3-rank c007 25/40 L=-0.235 Lq=-0.0883 Le=-0.306 rA=0.156 rB=0.244 a_out=4 u_out=4 mem=20.970911026000977
p3-rank c007 26/40 L=-0.211 Lq=-0.0734 Le=-0.287 rA=0.163 rB=0.237 a_out=3 u_out=3 mem=20.970911026000977
p3-rank c007 27/40 L=-0.208 Lq=-0.0719 Le=-0.282 rA=0.164 rB=0.236 a_out=3 u_out=3 mem=20.970911026000977
p3-rank c007 28/40 L=-0.231 Lq=-0.0806 Le=-0.313 rA=0.160 rB=0.240 a_out=4 u_out=4 mem=20.970911026000977
p3-rank c007 29/40 L=-0.230 Lq=-0.0813 Le=-0.308 rA=0.159 rB=0.241 a_out=4 u_out=4 mem=20.970911026000977
p3-rank c007 30/40 L=-0.224 Lq=-0.0734 Le=-0.312 rA=0.163 rB=0.237 a_out=3 u_out=3 mem=20.970911026000977
p3-rank c007 31/40 L=-0.242 Lq=-0.0871 Le=-0.321 rA=0.156 rB=0.244 a_out=4 u_out=4 mem=20.970911026000977
p3-rank c007 32/40 L=-0.225 Lq=-0.0777 Le=-0.307 rA=0.161 rB=0.239 a_out=4 u_out=4 mem=20.970911026000977
p3-rank c007 33/40 L=-0.252 Lq=-0.0922 Le=-0.331 rA=0.154 rB=0.246 a_out=5 u_out=5 mem=20.970911026000977
p3-rank c007 34/40 L=-0.246 Lq=-0.0921 Le=-0.319 rA=0.154 rB=0.246 a_out=5 u_out=5 mem=20.970911026000977
p3-rank c007 35/40 L=-0.196 Lq=-0.0676 Le=-0.267 rA=0.166 rB=0.234 a_out=3 u_out=3 mem=20.970911026000977
p3-rank c007 36/40 L=-0.213 Lq=-0.0725 Le=-0.292 rA=0.164 rB=0.236 a_out=3 u_out=3 mem=20.970911026000977
p3-rank c007 37/40 L=-0.235 Lq=-0.0807 Le=-0.321 rA=0.160 rB=0.240 a_out=4 u_out=4 mem=20.970911026000977
p3-rank c007 38/40 L=-0.252 Lq=-0.0922 Le=-0.332 rA=0.154 rB=0.246 a_out=5 u_out=5 mem=20.970911026000977
p3-rank c007 39/40 L=-0.247 Lq=-0.0949 Le=-0.315 rA=0.153 rB=0.247 a_out=5 u_out=5 mem=20.970911026000977
p3-rank c007 40/40 L=-0.251 Lq=-0.0957 Le=-0.322 rA=0.152 rB=0.248 a_out=5 u_out=5 mem=20.970911026000977
== p3-rank attack c008 (7/32) ==
p3-rank c008 1/40 L=-0.241 Lq=-0.1012 Le=-0.283 rA=0.149 rB=0.251 a_out=0 u_out=0 mem=20.970911026000977
p3-rank c008 2/40 L=-0.281 Lq=-0.1241 Le=-0.319 rA=0.138 rB=0.262 a_out=2 u_out=2 mem=20.970911026000977
p3-rank c008 3/40 L=-0.285 Lq=-0.1261 Le=-0.322 rA=0.137 rB=0.263 a_out=2 u_out=2 mem=20.970911026000977
p3-rank c008 4/40 L=-0.302 Lq=-0.1352 Le=-0.338 rA=0.132 rB=0.268 a_out=2 u_out=2 mem=20.970911026000977
p3-rank c008 5/40 L=-0.305 Lq=-0.1357 Le=-0.344 rA=0.132 rB=0.268 a_out=2 u_out=2 mem=20.970911026000977
p3-rank c008 6/40 L=-0.273 Lq=-0.1175 Le=-0.315 rA=0.141 rB=0.259 a_out=1 u_out=1 mem=20.970911026000977
p3-rank c008 7/40 L=-0.296 Lq=-0.1308 Le=-0.335 rA=0.135 rB=0.265 a_out=2 u_out=2 mem=20.970911026000977
p3-rank c008 8/40 L=-0.300 Lq=-0.1323 Le=-0.340 rA=0.134 rB=0.266 a_out=2 u_out=2 mem=20.970911026000977
p3-rank c008 9/40 L=-0.248 Lq=-0.1056 Le=-0.290 rA=0.147 rB=0.253 a_out=0 u_out=0 mem=20.970911026000977
p3-rank c008 10/40 L=-0.262 Lq=-0.1094 Le=-0.312 rA=0.145 rB=0.255 a_out=1 u_out=1 mem=20.970911026000977
p3-rank c008 11/40 L=-0.293 Lq=-0.1260 Le=-0.340 rA=0.137 rB=0.263 a_out=2 u_out=2 mem=20.970911026000977
p3-rank c008 12/40 L=-0.287 Lq=-0.1240 Le=-0.332 rA=0.138 rB=0.262 a_out=2 u_out=2 mem=20.970911026000977
p3-rank c008 13/40 L=-0.288 Lq=-0.1245 Le=-0.334 rA=0.138 rB=0.262 a_out=2 u_out=2 mem=20.970911026000977
p3-rank c008 14/40 L=-0.293 Lq=-0.1285 Le=-0.336 rA=0.136 rB=0.264 a_out=2 u_out=2 mem=20.970911026000977
p3-rank c008 15/40 L=-0.275 Lq=-0.1187 Le=-0.318 rA=0.141 rB=0.259 a_out=1 u_out=1 mem=20.970911026000977
p3-rank c008 16/40 L=-0.297 Lq=-0.1308 Le=-0.339 rA=0.135 rB=0.265 a_out=2 u_out=2 mem=20.970911026000977
p3-rank c008 17/40 L=-0.288 Lq=-0.1209 Le=-0.340 rA=0.140 rB=0.260 a_out=1 u_out=1 mem=20.970911026000977
p3-rank c008 18/40 L=-0.303 Lq=-0.1297 Le=-0.353 rA=0.135 rB=0.265 a_out=2 u_out=2 mem=20.970911026000977
p3-rank c008 19/40 L=-0.298 Lq=-0.1278 Le=-0.347 rA=0.136 rB=0.264 a_out=2 u_out=2 mem=20.970911026000977
p3-rank c008 20/40 L=-0.307 Lq=-0.1317 Le=-0.358 rA=0.134 rB=0.266 a_out=2 u_out=2 mem=20.970911026000977
p3-rank c008 21/40 L=-0.308 Lq=-0.1332 Le=-0.356 rA=0.133 rB=0.267 a_out=2 u_out=2 mem=20.970911026000977
p3-rank c008 22/40 L=-0.299 Lq=-0.1269 Le=-0.351 rA=0.137 rB=0.263 a_out=2 u_out=2 mem=20.970911026000977
p3-rank c008 23/40 L=-0.312 Lq=-0.1359 Le=-0.360 rA=0.132 rB=0.268 a_out=2 u_out=2 mem=20.970911026000977
p3-rank c008 24/40 L=-0.315 Lq=-0.1372 Le=-0.363 rA=0.131 rB=0.269 a_out=2 u_out=2 mem=20.970911026000977
p3-rank c008 25/40 L=-0.317 Lq=-0.1370 Le=-0.366 rA=0.131 rB=0.269 a_out=2 u_out=2 mem=20.970911026000977
p3-rank c008 26/40 L=-0.311 Lq=-0.1355 Le=-0.357 rA=0.132 rB=0.268 a_out=2 u_out=2 mem=20.970911026000977
p3-rank c008 27/40 L=-0.318 Lq=-0.1408 Le=-0.362 rA=0.130 rB=0.270 a_out=3 u_out=3 mem=20.970911026000977
p3-rank c008 28/40 L=-0.310 Lq=-0.1349 Le=-0.357 rA=0.133 rB=0.267 a_out=2 u_out=2 mem=20.970911026000977
p3-rank c008 29/40 L=-0.338 Lq=-0.1526 Le=-0.377 rA=0.124 rB=0.276 a_out=3 u_out=3 mem=20.970911026000977
p3-rank c008 30/40 L=-0.341 Lq=-0.1536 Le=-0.382 rA=0.123 rB=0.277 a_out=3 u_out=3 mem=20.970911026000977
p3-rank c008 31/40 L=-0.320 Lq=-0.1377 Le=-0.372 rA=0.131 rB=0.269 a_out=2 u_out=2 mem=20.970911026000977
p3-rank c008 32/40 L=-0.349 Lq=-0.1594 Le=-0.386 rA=0.120 rB=0.280 a_out=4 u_out=4 mem=20.970911026000977
p3-rank c008 33/40 L=-0.342 Lq=-0.1533 Le=-0.384 rA=0.123 rB=0.277 a_out=3 u_out=3 mem=20.970911026000977
p3-rank c008 34/40 L=-0.366 Lq=-0.1686 Le=-0.402 rA=0.116 rB=0.284 a_out=4 u_out=4 mem=20.970911026000977
p3-rank c008 35/40 L=-0.368 Lq=-0.1696 Le=-0.405 rA=0.115 rB=0.285 a_out=4 u_out=4 mem=20.970911026000977
p3-rank c008 36/40 L=-0.362 Lq=-0.1657 Le=-0.400 rA=0.117 rB=0.283 a_out=4 u_out=4 mem=20.970911026000977
p3-rank c008 37/40 L=-0.363 Lq=-0.1658 Le=-0.401 rA=0.117 rB=0.283 a_out=4 u_out=4 mem=20.970911026000977
p3-rank c008 38/40 L=-0.370 Lq=-0.1706 Le=-0.406 rA=0.115 rB=0.285 a_out=5 u_out=5 mem=20.970911026000977
p3-rank c008 39/40 L=-0.357 Lq=-0.1629 Le=-0.395 rA=0.119 rB=0.281 a_out=4 u_out=4 mem=20.970911026000977
p3-rank c008 40/40 L=-0.373 Lq=-0.1736 Le=-0.406 rA=0.113 rB=0.287 a_out=5 u_out=5 mem=20.970911026000977
== p3-rank attack c009 (8/32) ==
p3-rank c009 1/40 L=-0.077 Lq=-0.0147 Le=-0.136 rA=0.193 rB=0.207 a_out=0 u_out=0 mem=20.970911026000977
p3-rank c009 2/40 L=-0.052 Lq=-0.0133 Le=-0.089 rA=0.193 rB=0.207 a_out=0 u_out=0 mem=20.970911026000977
p3-rank c009 3/40 L=-0.050 Lq=-0.0103 Le=-0.091 rA=0.195 rB=0.205 a_out=0 u_out=0 mem=20.970911026000977
p3-rank c009 4/40 L=-0.083 Lq=-0.0195 Le=-0.139 rA=0.190 rB=0.210 a_out=0 u_out=0 mem=20.970911026000977
p3-rank c009 5/40 L=-0.087 Lq=-0.0231 Le=-0.140 rA=0.188 rB=0.212 a_out=0 u_out=0 mem=20.970911026000977
p3-rank c009 6/40 L=-0.108 Lq=-0.0303 Le=-0.169 rA=0.185 rB=0.215 a_out=1 u_out=1 mem=20.970911026000977
p3-rank c009 7/40 L=-0.118 Lq=-0.0280 Le=-0.192 rA=0.186 rB=0.214 a_out=1 u_out=1 mem=20.970911026000977
p3-rank c009 8/40 L=-0.143 Lq=-0.0424 Le=-0.213 rA=0.179 rB=0.221 a_out=2 u_out=2 mem=20.970911026000977
p3-rank c009 9/40 L=-0.148 Lq=-0.0474 Le=-0.213 rA=0.176 rB=0.224 a_out=2 u_out=2 mem=20.970911026000977
p3-rank c009 10/40 L=-0.178 Lq=-0.0569 Le=-0.255 rA=0.172 rB=0.228 a_out=3 u_out=3 mem=20.970911026000977
p3-rank c009 11/40 L=-0.144 Lq=-0.0431 Le=-0.214 rA=0.178 rB=0.222 a_out=2 u_out=2 mem=20.970911026000977
p3-rank c009 12/40 L=-0.146 Lq=-0.0495 Le=-0.207 rA=0.175 rB=0.225 a_out=2 u_out=2 mem=20.970911026000977
p3-rank c009 13/40 L=-0.162 Lq=-0.0523 Le=-0.232 rA=0.174 rB=0.226 a_out=2 u_out=2 mem=20.970911026000977
p3-rank c009 14/40 L=-0.183 Lq=-0.0596 Le=-0.259 rA=0.170 rB=0.230 a_out=3 u_out=3 mem=20.970911026000977
p3-rank c009 15/40 L=-0.211 Lq=-0.0753 Le=-0.283 rA=0.162 rB=0.238 a_out=4 u_out=4 mem=20.970911026000977
p3-rank c009 16/40 L=-0.189 Lq=-0.0626 Le=-0.265 rA=0.169 rB=0.231 a_out=3 u_out=3 mem=20.970911026000977
p3-rank c009 17/40 L=-0.187 Lq=-0.0643 Le=-0.258 rA=0.168 rB=0.232 a_out=3 u_out=3 mem=20.970911026000977
p3-rank c009 18/40 L=-0.163 Lq=-0.0554 Le=-0.229 rA=0.172 rB=0.228 a_out=3 u_out=3 mem=20.970911026000977
p3-rank c009 19/40 L=-0.211 Lq=-0.0771 Le=-0.280 rA=0.161 rB=0.239 a_out=4 u_out=4 mem=20.970911026000977
p3-rank c009 20/40 L=-0.218 Lq=-0.0817 Le=-0.285 rA=0.159 rB=0.241 a_out=4 u_out=4 mem=20.970911026000977
p3-rank c009 21/40 L=-0.198 Lq=-0.0692 Le=-0.270 rA=0.165 rB=0.235 a_out=4 u_out=4 mem=20.970911026000977
p3-rank c009 22/40 L=-0.216 Lq=-0.0817 Le=-0.282 rA=0.159 rB=0.241 a_out=4 u_out=4 mem=20.970911026000977
p3-rank c009 23/40 L=-0.220 Lq=-0.0803 Le=-0.293 rA=0.160 rB=0.240 a_out=4 u_out=4 mem=20.970911026000977
p3-rank c009 24/40 L=-0.220 Lq=-0.0850 Le=-0.282 rA=0.158 rB=0.242 a_out=5 u_out=5 mem=20.970911026000977
p3-rank c009 25/40 L=-0.219 Lq=-0.0830 Le=-0.285 rA=0.159 rB=0.241 a_out=4 u_out=4 mem=20.970911026000977
p3-rank c009 26/40 L=-0.222 Lq=-0.0834 Le=-0.290 rA=0.158 rB=0.242 a_out=4 u_out=4 mem=20.970911026000977
p3-rank c009 27/40 L=-0.221 Lq=-0.0852 Le=-0.285 rA=0.157 rB=0.243 a_out=5 u_out=5 mem=20.970911026000977
p3-rank c009 28/40 L=-0.238 Lq=-0.0930 Le=-0.304 rA=0.153 rB=0.247 a_out=5 u_out=5 mem=20.970911026000977
p3-rank c009 29/40 L=-0.243 Lq=-0.0960 Le=-0.307 rA=0.152 rB=0.248 a_out=5 u_out=5 mem=20.970911026000977
p3-rank c009 30/40 L=-0.240 Lq=-0.0956 Le=-0.302 rA=0.152 rB=0.248 a_out=5 u_out=5 mem=20.970911026000977
p3-rank c009 31/40 L=-0.259 Lq=-0.1041 Le=-0.323 rA=0.148 rB=0.252 a_out=6 u_out=6 mem=20.970911026000977
p3-rank c009 32/40 L=-0.243 Lq=-0.0960 Le=-0.308 rA=0.152 rB=0.248 a_out=5 u_out=5 mem=20.970911026000977
p3-rank c009 33/40 L=-0.254 Lq=-0.0988 Le=-0.323 rA=0.151 rB=0.249 a_out=5 u_out=5 mem=20.970911026000977
p3-rank c009 34/40 L=-0.265 Lq=-0.1067 Le=-0.329 rA=0.147 rB=0.253 a_out=6 u_out=6 mem=20.970911026000977
p3-rank c009 35/40 L=-0.253 Lq=-0.1023 Le=-0.314 rA=0.149 rB=0.251 a_out=6 u_out=6 mem=20.970911026000977
p3-rank c009 36/40 L=-0.265 Lq=-0.1086 Le=-0.327 rA=0.146 rB=0.254 a_out=6 u_out=6 mem=20.970911026000977
p3-rank c009 37/40 L=-0.260 Lq=-0.1060 Le=-0.322 rA=0.147 rB=0.253 a_out=6 u_out=6 mem=20.970911026000977
p3-rank c009 38/40 L=-0.264 Lq=-0.1097 Le=-0.322 rA=0.145 rB=0.255 a_out=6 u_out=6 mem=20.970911026000977
p3-rank c009 39/40 L=-0.254 Lq=-0.1012 Le=-0.319 rA=0.149 rB=0.251 a_out=6 u_out=6 mem=20.970911026000977
p3-rank c009 40/40 L=-0.266 Lq=-0.1101 Le=-0.324 rA=0.145 rB=0.255 a_out=6 u_out=6 mem=20.970911026000977
== p3-rank attack c011 (9/32) ==
p3-rank c011 1/40 L=-0.134 Lq=-0.0304 Le=-0.215 rA=0.185 rB=0.215 a_out=0 u_out=0 mem=20.970911026000977
p3-rank c011 2/40 L=-0.125 Lq=-0.0279 Le=-0.204 rA=0.186 rB=0.214 a_out=0 u_out=0 mem=20.970911026000977
p3-rank c011 3/40 L=-0.139 Lq=-0.0327 Le=-0.222 rA=0.184 rB=0.216 a_out=1 u_out=1 mem=20.970911026000977
p3-rank c011 4/40 L=-0.141 Lq=-0.0349 Le=-0.222 rA=0.183 rB=0.217 a_out=1 u_out=1 mem=20.970911026000977
p3-rank c011 5/40 L=-0.163 Lq=-0.0456 Le=-0.246 rA=0.177 rB=0.223 a_out=1 u_out=1 mem=20.970911026000977
p3-rank c011 6/40 L=-0.155 Lq=-0.0431 Le=-0.235 rA=0.178 rB=0.222 a_out=1 u_out=1 mem=20.970911026000977
p3-rank c011 7/40 L=-0.173 Lq=-0.0510 Le=-0.253 rA=0.174 rB=0.226 a_out=2 u_out=2 mem=20.970911026000977
p3-rank c011 8/40 L=-0.190 Lq=-0.0527 Le=-0.285 rA=0.174 rB=0.226 a_out=2 u_out=2 mem=20.970911026000977
p3-rank c011 9/40 L=-0.179 Lq=-0.0547 Le=-0.260 rA=0.173 rB=0.227 a_out=2 u_out=2 mem=20.970911026000977
p3-rank c011 10/40 L=-0.235 Lq=-0.0739 Le=-0.333 rA=0.163 rB=0.237 a_out=4 u_out=4 mem=20.970911026000977
p3-rank c011 11/40 L=-0.223 Lq=-0.0719 Le=-0.313 rA=0.164 rB=0.236 a_out=3 u_out=3 mem=20.970911026000977
p3-rank c011 12/40 L=-0.204 Lq=-0.0632 Le=-0.294 rA=0.168 rB=0.232 a_out=3 u_out=3 mem=20.970911026000977
p3-rank c011 13/40 L=-0.213 Lq=-0.0667 Le=-0.305 rA=0.167 rB=0.233 a_out=3 u_out=3 mem=20.970911026000977
p3-rank c011 14/40 L=-0.213 Lq=-0.0660 Le=-0.306 rA=0.167 rB=0.233 a_out=3 u_out=3 mem=20.970911026000977
p3-rank c011 15/40 L=-0.203 Lq=-0.0577 Le=-0.301 rA=0.171 rB=0.229 a_out=2 u_out=2 mem=20.970911026000977
p3-rank c011 16/40 L=-0.223 Lq=-0.0682 Le=-0.320 rA=0.166 rB=0.234 a_out=3 u_out=3 mem=20.970911026000977
p3-rank c011 17/40 L=-0.221 Lq=-0.0694 Le=-0.314 rA=0.165 rB=0.235 a_out=3 u_out=3 mem=20.970911026000977
p3-rank c011 18/40 L=-0.223 Lq=-0.0681 Le=-0.321 rA=0.166 rB=0.234 a_out=3 u_out=3 mem=20.970911026000977
p3-rank c011 19/40 L=-0.202 Lq=-0.0574 Le=-0.301 rA=0.171 rB=0.229 a_out=2 u_out=2 mem=20.970911026000977
p3-rank c011 20/40 L=-0.208 Lq=-0.0627 Le=-0.304 rA=0.169 rB=0.231 a_out=3 u_out=3 mem=20.970911026000977
p3-rank c011 21/40 L=-0.222 Lq=-0.0681 Le=-0.320 rA=0.166 rB=0.234 a_out=3 u_out=3 mem=20.970911026000977
p3-rank c011 22/40 L=-0.220 Lq=-0.0707 Le=-0.311 rA=0.165 rB=0.235 a_out=3 u_out=3 mem=20.970911026000977
p3-rank c011 23/40 L=-0.213 Lq=-0.0633 Le=-0.311 rA=0.168 rB=0.232 a_out=3 u_out=3 mem=20.970911026000977
p3-rank c011 24/40 L=-0.230 Lq=-0.0728 Le=-0.326 rA=0.164 rB=0.236 a_out=3 u_out=3 mem=20.970911026000977
p3-rank c011 25/40 L=-0.224 Lq=-0.0688 Le=-0.323 rA=0.166 rB=0.234 a_out=3 u_out=3 mem=20.970911026000977
p3-rank c011 26/40 L=-0.235 Lq=-0.0775 Le=-0.326 rA=0.161 rB=0.239 a_out=4 u_out=4 mem=20.970911026000977
p3-rank c011 27/40 L=-0.221 Lq=-0.0708 Le=-0.313 rA=0.165 rB=0.235 a_out=3 u_out=3 mem=20.970911026000977
p3-rank c011 28/40 L=-0.231 Lq=-0.0743 Le=-0.326 rA=0.163 rB=0.237 a_out=4 u_out=4 mem=20.970911026000977
p3-rank c011 29/40 L=-0.231 Lq=-0.0705 Le=-0.332 rA=0.165 rB=0.235 a_out=3 u_out=3 mem=20.970911026000977
p3-rank c011 30/40 L=-0.229 Lq=-0.0714 Le=-0.329 rA=0.164 rB=0.236 a_out=3 u_out=3 mem=20.970911026000977
p3-rank c011 31/40 L=-0.256 Lq=-0.0879 Le=-0.351 rA=0.156 rB=0.244 a_out=5 u_out=5 mem=20.970911026000977
p3-rank c011 32/40 L=-0.235 Lq=-0.0750 Le=-0.333 rA=0.163 rB=0.237 a_out=4 u_out=4 mem=20.970911026000977
p3-rank c011 33/40 L=-0.250 Lq=-0.0822 Le=-0.350 rA=0.159 rB=0.241 a_out=4 u_out=4 mem=20.970911026000977
p3-rank c011 34/40 L=-0.252 Lq=-0.0825 Le=-0.354 rA=0.159 rB=0.241 a_out=4 u_out=4 mem=20.970911026000977
p3-rank c011 35/40 L=-0.276 Lq=-0.0988 Le=-0.369 rA=0.151 rB=0.249 a_out=5 u_out=5 mem=20.970911026000977
p3-rank c011 36/40 L=-0.283 Lq=-0.1017 Le=-0.376 rA=0.149 rB=0.251 a_out=6 u_out=6 mem=20.970911026000977
p3-rank c011 37/40 L=-0.275 Lq=-0.0984 Le=-0.368 rA=0.151 rB=0.249 a_out=5 u_out=5 mem=20.970911026000977
p3-rank c011 38/40 L=-0.268 Lq=-0.0933 Le=-0.363 rA=0.153 rB=0.247 a_out=5 u_out=5 mem=20.970911026000977
p3-rank c011 39/40 L=-0.276 Lq=-0.0975 Le=-0.371 rA=0.151 rB=0.249 a_out=5 u_out=5 mem=20.970911026000977
p3-rank c011 40/40 L=-0.288 Lq=-0.1051 Le=-0.379 rA=0.147 rB=0.253 a_out=6 u_out=6 mem=20.970911026000977
== p3-rank attack c012 (10/32) ==
p3-rank c012 1/40 L=-0.007 Lq=-0.0037 Le=-0.015 rA=0.198 rB=0.202 a_out=0 u_out=0 mem=20.970911026000977
p3-rank c012 2/40 L=-0.064 Lq=-0.0132 Le=-0.111 rA=0.193 rB=0.207 a_out=1 u_out=1 mem=20.970911026000977
p3-rank c012 3/40 L=-0.047 Lq=-0.0121 Le=-0.078 rA=0.194 rB=0.206 a_out=1 u_out=1 mem=20.970911026000977
p3-rank c012 4/40 L=-0.089 Lq=-0.0259 Le=-0.136 rA=0.187 rB=0.213 a_out=2 u_out=2 mem=20.970911026000977
p3-rank c012 5/40 L=-0.116 Lq=-0.0363 Le=-0.169 rA=0.182 rB=0.218 a_out=2 u_out=2 mem=20.970911026000977
p3-rank c012 6/40 L=-0.098 Lq=-0.0253 Le=-0.157 rA=0.187 rB=0.213 a_out=2 u_out=2 mem=20.970911026000977
p3-rank c012 7/40 L=-0.127 Lq=-0.0334 Le=-0.198 rA=0.183 rB=0.217 a_out=2 u_out=2 mem=20.970911026000977
p3-rank c012 8/40 L=-0.149 Lq=-0.0391 Le=-0.232 rA=0.180 rB=0.220 a_out=3 u_out=3 mem=20.970911026000977
p3-rank c012 9/40 L=-0.150 Lq=-0.0407 Le=-0.231 rA=0.180 rB=0.220 a_out=3 u_out=3 mem=20.970911026000977
p3-rank c012 10/40 L=-0.175 Lq=-0.0516 Le=-0.259 rA=0.174 rB=0.226 a_out=3 u_out=3 mem=20.970911026000977
p3-rank c012 11/40 L=-0.175 Lq=-0.0523 Le=-0.256 rA=0.174 rB=0.226 a_out=4 u_out=4 mem=20.970911026000977
p3-rank c012 12/40 L=-0.197 Lq=-0.0620 Le=-0.282 rA=0.169 rB=0.231 a_out=4 u_out=4 mem=20.970911026000977
p3-rank c012 13/40 L=-0.203 Lq=-0.0673 Le=-0.283 rA=0.166 rB=0.234 a_out=5 u_out=5 mem=20.970911026000977
p3-rank c012 14/40 L=-0.230 Lq=-0.0764 Le=-0.319 rA=0.162 rB=0.238 a_out=5 u_out=5 mem=20.970911026000977
p3-rank c012 15/40 L=-0.242 Lq=-0.0845 Le=-0.328 rA=0.158 rB=0.242 a_out=6 u_out=6 mem=20.970911026000977
p3-rank c012 16/40 L=-0.239 Lq=-0.0825 Le=-0.325 rA=0.159 rB=0.241 a_out=6 u_out=6 mem=20.970911026000977
p3-rank c012 17/40 L=-0.236 Lq=-0.0829 Le=-0.319 rA=0.159 rB=0.241 a_out=6 u_out=6 mem=20.970911026000977
p3-rank c012 18/40 L=-0.246 Lq=-0.0863 Le=-0.331 rA=0.157 rB=0.243 a_out=6 u_out=6 mem=20.970911026000977
p3-rank c012 19/40 L=-0.248 Lq=-0.0857 Le=-0.336 rA=0.157 rB=0.243 a_out=6 u_out=6 mem=20.970911026000977
p3-rank c012 20/40 L=-0.268 Lq=-0.0986 Le=-0.350 rA=0.151 rB=0.249 a_out=7 u_out=7 mem=20.970911026000977
p3-rank c012 21/40 L=-0.275 Lq=-0.1023 Le=-0.357 rA=0.149 rB=0.251 a_out=7 u_out=7 mem=20.970911026000977
p3-rank c012 22/40 L=-0.258 Lq=-0.0905 Le=-0.347 rA=0.155 rB=0.245 a_out=6 u_out=6 mem=20.970911026000977
p3-rank c012 23/40 L=-0.257 Lq=-0.0927 Le=-0.340 rA=0.154 rB=0.246 a_out=6 u_out=6 mem=20.970911026000977
p3-rank c012 24/40 L=-0.277 Lq=-0.1028 Le=-0.361 rA=0.149 rB=0.251 a_out=7 u_out=7 mem=20.970911026000977
p3-rank c012 25/40 L=-0.278 Lq=-0.1031 Le=-0.362 rA=0.148 rB=0.252 a_out=7 u_out=7 mem=20.970911026000977
p3-rank c012 26/40 L=-0.278 Lq=-0.1038 Le=-0.361 rA=0.148 rB=0.252 a_out=7 u_out=7 mem=20.970911026000977
p3-rank c012 27/40 L=-0.294 Lq=-0.1136 Le=-0.373 rA=0.143 rB=0.257 a_out=8 u_out=7 mem=20.970911026000977
p3-rank c012 28/40 L=-0.294 Lq=-0.1141 Le=-0.373 rA=0.143 rB=0.257 a_out=8 u_out=7 mem=20.970911026000977
p3-rank c012 29/40 L=-0.311 Lq=-0.1235 Le=-0.388 rA=0.138 rB=0.262 a_out=8 u_out=7 mem=20.970911026000977
p3-rank c012 30/40 L=-0.294 Lq=-0.1154 Le=-0.370 rA=0.142 rB=0.258 a_out=8 u_out=7 mem=20.970911026000977
p3-rank c012 31/40 L=-0.305 Lq=-0.1195 Le=-0.384 rA=0.140 rB=0.260 a_out=8 u_out=7 mem=20.970911026000977
p3-rank c012 32/40 L=-0.315 Lq=-0.1256 Le=-0.391 rA=0.137 rB=0.263 a_out=8 u_out=7 mem=20.970911026000977
p3-rank c012 33/40 L=-0.310 Lq=-0.1219 Le=-0.389 rA=0.139 rB=0.261 a_out=8 u_out=7 mem=20.970911026000977
p3-rank c012 34/40 L=-0.307 Lq=-0.1206 Le=-0.385 rA=0.140 rB=0.260 a_out=8 u_out=7 mem=20.970911026000977
p3-rank c012 35/40 L=-0.303 Lq=-0.1165 Le=-0.384 rA=0.142 rB=0.258 a_out=8 u_out=7 mem=20.970911026000977
p3-rank c012 36/40 L=-0.326 Lq=-0.1337 Le=-0.396 rA=0.133 rB=0.267 a_out=9 u_out=7 mem=20.970911026000977
p3-rank c012 37/40 L=-0.327 Lq=-0.1348 Le=-0.397 rA=0.133 rB=0.267 a_out=9 u_out=7 mem=20.970911026000977
p3-rank c012 38/40 L=-0.328 Lq=-0.1361 Le=-0.395 rA=0.132 rB=0.268 a_out=9 u_out=7 mem=20.970911026000977
p3-rank c012 39/40 L=-0.341 Lq=-0.1440 Le=-0.406 rA=0.128 rB=0.272 a_out=10 u_out=7 mem=20.970911026000977
p3-rank c012 40/40 L=-0.326 Lq=-0.1347 Le=-0.394 rA=0.133 rB=0.267 a_out=9 u_out=7 mem=20.970911026000977
== p3-rank attack c013 (11/32) ==
p3-rank c013 1/40 L=-0.133 Lq=-0.0394 Le=-0.195 rA=0.180 rB=0.220 a_out=0 u_out=0 mem=20.970911026000977
p3-rank c013 2/40 L=-0.151 Lq=-0.0497 Le=-0.211 rA=0.175 rB=0.225 a_out=0 u_out=0 mem=20.970911026000977
p3-rank c013 3/40 L=-0.167 Lq=-0.0603 Le=-0.221 rA=0.170 rB=0.230 a_out=1 u_out=1 mem=20.970911026000977
p3-rank c013 4/40 L=-0.188 Lq=-0.0637 Le=-0.255 rA=0.168 rB=0.232 a_out=1 u_out=1 mem=20.970911026000977
p3-rank c013 5/40 L=-0.195 Lq=-0.0716 Le=-0.255 rA=0.164 rB=0.236 a_out=2 u_out=2 mem=20.970911026000977
p3-rank c013 6/40 L=-0.182 Lq=-0.0590 Le=-0.254 rA=0.170 rB=0.230 a_out=1 u_out=1 mem=20.970911026000977
p3-rank c013 7/40 L=-0.201 Lq=-0.0712 Le=-0.268 rA=0.164 rB=0.236 a_out=2 u_out=2 mem=20.970911026000977
p3-rank c013 8/40 L=-0.231 Lq=-0.0859 Le=-0.298 rA=0.157 rB=0.243 a_out=3 u_out=3 mem=20.970911026000977
p3-rank c013 9/40 L=-0.217 Lq=-0.0764 Le=-0.289 rA=0.162 rB=0.238 a_out=2 u_out=2 mem=20.970911026000977
p3-rank c013 10/40 L=-0.221 Lq=-0.0803 Le=-0.289 rA=0.160 rB=0.240 a_out=2 u_out=2 mem=20.970911026000977
p3-rank c013 11/40 L=-0.240 Lq=-0.0924 Le=-0.303 rA=0.154 rB=0.246 a_out=3 u_out=3 mem=20.970911026000977
p3-rank c013 12/40 L=-0.242 Lq=-0.0922 Le=-0.308 rA=0.154 rB=0.246 a_out=3 u_out=3 mem=20.970911026000977
p3-rank c013 13/40 L=-0.256 Lq=-0.0996 Le=-0.322 rA=0.150 rB=0.250 a_out=3 u_out=3 mem=20.970911026000977
p3-rank c013 14/40 L=-0.253 Lq=-0.0962 Le=-0.323 rA=0.152 rB=0.248 a_out=3 u_out=3 mem=20.970911026000977
p3-rank c013 15/40 L=-0.262 Lq=-0.1009 Le=-0.331 rA=0.150 rB=0.250 a_out=4 u_out=4 mem=20.970911026000977
p3-rank c013 16/40 L=-0.280 Lq=-0.1124 Le=-0.344 rA=0.144 rB=0.256 a_out=4 u_out=4 mem=20.970911026000977
p3-rank c013 17/40 L=-0.302 Lq=-0.1253 Le=-0.362 rA=0.137 rB=0.263 a_out=5 u_out=5 mem=20.970911026000977
p3-rank c013 18/40 L=-0.301 Lq=-0.1238 Le=-0.363 rA=0.138 rB=0.262 a_out=5 u_out=5 mem=20.970911026000977
p3-rank c013 19/40 L=-0.284 Lq=-0.1181 Le=-0.340 rA=0.141 rB=0.259 a_out=5 u_out=5 mem=20.970911026000977
p3-rank c013 20/40 L=-0.293 Lq=-0.1206 Le=-0.354 rA=0.140 rB=0.260 a_out=5 u_out=5 mem=20.970911026000977
p3-rank c013 21/40 L=-0.310 Lq=-0.1316 Le=-0.365 rA=0.134 rB=0.266 a_out=6 u_out=6 mem=20.970911026000977
p3-rank c013 22/40 L=-0.316 Lq=-0.1334 Le=-0.375 rA=0.133 rB=0.267 a_out=6 u_out=6 mem=20.970911026000977
p3-rank c013 23/40 L=-0.335 Lq=-0.1437 Le=-0.392 rA=0.128 rB=0.272 a_out=6 u_out=6 mem=20.970911026000977
p3-rank c013 24/40 L=-0.330 Lq=-0.1428 Le=-0.383 rA=0.129 rB=0.271 a_out=6 u_out=6 mem=20.970911026000977
p3-rank c013 25/40 L=-0.328 Lq=-0.1405 Le=-0.384 rA=0.130 rB=0.270 a_out=6 u_out=6 mem=20.970911026000977
p3-rank c013 26/40 L=-0.350 Lq=-0.1541 Le=-0.401 rA=0.123 rB=0.277 a_out=7 u_out=6 mem=20.970911026000977
p3-rank c013 27/40 L=-0.353 Lq=-0.1563 Le=-0.403 rA=0.122 rB=0.278 a_out=7 u_out=6 mem=20.970911026000977
p3-rank c013 28/40 L=-0.358 Lq=-0.1587 Le=-0.408 rA=0.121 rB=0.279 a_out=7 u_out=6 mem=20.970911026000977
p3-rank c013 29/40 L=-0.355 Lq=-0.1569 Le=-0.406 rA=0.122 rB=0.278 a_out=7 u_out=6 mem=20.970911026000977
p3-rank c013 30/40 L=-0.366 Lq=-0.1636 Le=-0.414 rA=0.118 rB=0.282 a_out=8 u_out=6 mem=20.970911026000977
p3-rank c013 31/40 L=-0.374 Lq=-0.1687 Le=-0.420 rA=0.116 rB=0.284 a_out=8 u_out=6 mem=20.970911026000977
p3-rank c013 32/40 L=-0.368 Lq=-0.1645 Le=-0.416 rA=0.118 rB=0.282 a_out=8 u_out=6 mem=20.970911026000977
p3-rank c013 33/40 L=-0.362 Lq=-0.1619 Le=-0.411 rA=0.119 rB=0.281 a_out=8 u_out=6 mem=20.970911026000977
p3-rank c013 34/40 L=-0.386 Lq=-0.1774 Le=-0.427 rA=0.111 rB=0.289 a_out=9 u_out=6 mem=20.970911026000977
p3-rank c013 35/40 L=-0.374 Lq=-0.1691 Le=-0.420 rA=0.115 rB=0.285 a_out=8 u_out=6 mem=20.970911026000977
p3-rank c013 36/40 L=-0.368 Lq=-0.1649 Le=-0.415 rA=0.118 rB=0.282 a_out=8 u_out=6 mem=20.970911026000977
p3-rank c013 37/40 L=-0.378 Lq=-0.1713 Le=-0.424 rA=0.114 rB=0.286 a_out=8 u_out=6 mem=20.970911026000977
p3-rank c013 38/40 L=-0.384 Lq=-0.1761 Le=-0.426 rA=0.112 rB=0.288 a_out=8 u_out=6 mem=20.970911026000977
p3-rank c013 39/40 L=-0.391 Lq=-0.1814 Le=-0.429 rA=0.109 rB=0.291 a_out=9 u_out=6 mem=20.970911026000977
p3-rank c013 40/40 L=-0.381 Lq=-0.1736 Le=-0.425 rA=0.113 rB=0.287 a_out=8 u_out=6 mem=20.970911026000977
== p3-rank attack c015 (12/32) ==
p3-rank c015 1/40 L=-0.051 Lq=-0.0534 Le=-0.010 rA=0.173 rB=0.227 a_out=0 u_out=0 mem=20.970911026000977
p3-rank c015 2/40 L=-0.080 Lq=-0.0499 Le=-0.076 rA=0.175 rB=0.225 a_out=0 u_out=0 mem=20.970911026000977
p3-rank c015 3/40 L=-0.090 Lq=-0.0572 Le=-0.081 rA=0.171 rB=0.229 a_out=0 u_out=0 mem=20.970911026000977
p3-rank c015 4/40 L=-0.125 Lq=-0.0664 Le=-0.133 rA=0.167 rB=0.233 a_out=1 u_out=1 mem=20.970911026000977
p3-rank c015 5/40 L=-0.113 Lq=-0.0624 Le=-0.116 rA=0.169 rB=0.231 a_out=1 u_out=1 mem=20.970911026000977
p3-rank c015 6/40 L=-0.146 Lq=-0.0740 Le=-0.159 rA=0.163 rB=0.237 a_out=1 u_out=1 mem=20.970911026000977
p3-rank c015 7/40 L=-0.173 Lq=-0.0804 Le=-0.203 rA=0.160 rB=0.240 a_out=2 u_out=2 mem=20.970911026000977
p3-rank c015 8/40 L=-0.162 Lq=-0.0710 Le=-0.198 rA=0.164 rB=0.236 a_out=1 u_out=1 mem=20.970911026000977
p3-rank c015 9/40 L=-0.165 Lq=-0.0735 Le=-0.199 rA=0.163 rB=0.237 a_out=1 u_out=1 mem=20.970911026000977
p3-rank c015 10/40 L=-0.191 Lq=-0.0879 Le=-0.223 rA=0.156 rB=0.244 a_out=2 u_out=2 mem=20.970911026000977
p3-rank c015 11/40 L=-0.181 Lq=-0.0764 Le=-0.225 rA=0.162 rB=0.238 a_out=2 u_out=2 mem=20.970911026000977
p3-rank c015 12/40 L=-0.176 Lq=-0.0770 Le=-0.215 rA=0.162 rB=0.238 a_out=2 u_out=2 mem=20.970911026000977
p3-rank c015 13/40 L=-0.176 Lq=-0.0792 Le=-0.210 rA=0.160 rB=0.240 a_out=2 u_out=2 mem=20.970911026000977
p3-rank c015 14/40 L=-0.150 Lq=-0.0678 Le=-0.181 rA=0.166 rB=0.234 a_out=1 u_out=1 mem=20.970911026000977
p3-rank c015 15/40 L=-0.174 Lq=-0.0791 Le=-0.206 rA=0.160 rB=0.240 a_out=2 u_out=2 mem=20.970911026000977
p3-rank c015 16/40 L=-0.098 Lq=-0.0581 Le=-0.095 rA=0.171 rB=0.229 a_out=0 u_out=0 mem=20.970911026000977
p3-rank c015 17/40 L=-0.125 Lq=-0.0632 Le=-0.139 rA=0.168 rB=0.232 a_out=1 u_out=1 mem=20.970911026000977
p3-rank c015 18/40 L=-0.159 Lq=-0.0716 Le=-0.191 rA=0.164 rB=0.236 a_out=1 u_out=1 mem=20.970911026000977
p3-rank c015 19/40 L=-0.187 Lq=-0.0853 Le=-0.220 rA=0.157 rB=0.243 a_out=2 u_out=2 mem=20.970911026000977
p3-rank c015 20/40 L=-0.162 Lq=-0.0739 Le=-0.193 rA=0.163 rB=0.237 a_out=1 u_out=1 mem=20.970911026000977
p3-rank c015 21/40 L=-0.192 Lq=-0.0890 Le=-0.224 rA=0.155 rB=0.245 a_out=2 u_out=2 mem=20.970911026000977
p3-rank c015 22/40 L=-0.209 Lq=-0.0935 Le=-0.248 rA=0.153 rB=0.247 a_out=3 u_out=3 mem=20.970911026000977
p3-rank c015 23/40 L=-0.202 Lq=-0.0852 Le=-0.251 rA=0.157 rB=0.243 a_out=2 u_out=2 mem=20.970911026000977
p3-rank c015 24/40 L=-0.199 Lq=-0.0843 Le=-0.248 rA=0.158 rB=0.242 a_out=2 u_out=2 mem=20.970911026000977
p3-rank c015 25/40 L=-0.187 Lq=-0.0836 Le=-0.224 rA=0.158 rB=0.242 a_out=2 u_out=2 mem=20.970911026000977
p3-rank c015 26/40 L=-0.210 Lq=-0.0916 Le=-0.253 rA=0.154 rB=0.246 a_out=3 u_out=3 mem=20.970911026000977
p3-rank c015 27/40 L=-0.222 Lq=-0.0985 Le=-0.263 rA=0.151 rB=0.249 a_out=3 u_out=3 mem=20.970911026000977
p3-rank c015 28/40 L=-0.215 Lq=-0.0940 Le=-0.258 rA=0.153 rB=0.247 a_out=3 u_out=3 mem=20.970911026000977
p3-rank c015 29/40 L=-0.202 Lq=-0.0885 Le=-0.244 rA=0.156 rB=0.244 a_out=2 u_out=2 mem=20.970911026000977
p3-rank c015 30/40 L=-0.227 Lq=-0.1006 Le=-0.270 rA=0.150 rB=0.250 a_out=3 u_out=3 mem=20.970911026000977
p3-rank c015 31/40 L=-0.210 Lq=-0.0924 Le=-0.252 rA=0.154 rB=0.246 a_out=3 u_out=3 mem=20.970911026000977
p3-rank c015 32/40 L=-0.216 Lq=-0.0981 Le=-0.252 rA=0.151 rB=0.249 a_out=3 u_out=3 mem=20.970911026000977
p3-rank c015 33/40 L=-0.240 Lq=-0.1076 Le=-0.282 rA=0.146 rB=0.254 a_out=4 u_out=4 mem=20.970911026000977
p3-rank c015 34/40 L=-0.216 Lq=-0.0953 Le=-0.259 rA=0.152 rB=0.248 a_out=3 u_out=3 mem=20.970911026000977
p3-rank c015 35/40 L=-0.223 Lq=-0.0964 Le=-0.271 rA=0.152 rB=0.248 a_out=3 u_out=3 mem=20.970911026000977
p3-rank c015 36/40 L=-0.238 Lq=-0.1078 Le=-0.279 rA=0.146 rB=0.254 a_out=4 u_out=4 mem=20.970911026000977
p3-rank c015 37/40 L=-0.227 Lq=-0.1031 Le=-0.266 rA=0.148 rB=0.252 a_out=3 u_out=3 mem=20.970911026000977
p3-rank c015 38/40 L=-0.218 Lq=-0.0970 Le=-0.260 rA=0.151 rB=0.249 a_out=3 u_out=3 mem=20.970911026000977
p3-rank c015 39/40 L=-0.249 Lq=-0.1140 Le=-0.288 rA=0.143 rB=0.257 a_out=4 u_out=4 mem=20.970911026000977
p3-rank c015 40/40 L=-0.238 Lq=-0.1125 Le=-0.268 rA=0.144 rB=0.256 a_out=4 u_out=4 mem=20.970911026000977
== p3-rank attack c016 (13/32) ==
p3-rank c016 1/40 L=-0.112 Lq=-0.0314 Le=-0.169 rA=0.184 rB=0.216 a_out=0 u_out=0 mem=20.970911026000977
p3-rank c016 2/40 L=-0.130 Lq=-0.0302 Le=-0.207 rA=0.185 rB=0.215 a_out=0 u_out=0 mem=20.970911026000977
p3-rank c016 3/40 L=-0.114 Lq=-0.0237 Le=-0.191 rA=0.188 rB=0.212 a_out=0 u_out=0 mem=20.970911026000977
p3-rank c016 4/40 L=-0.094 Lq=-0.0232 Le=-0.151 rA=0.188 rB=0.212 a_out=0 u_out=0 mem=20.970911026000977
p3-rank c016 5/40 L=-0.140 Lq=-0.0389 Le=-0.212 rA=0.181 rB=0.219 a_out=1 u_out=1 mem=20.970911026000977
p3-rank c016 6/40 L=-0.155 Lq=-0.0450 Le=-0.229 rA=0.178 rB=0.222 a_out=1 u_out=1 mem=20.970911026000977
p3-rank c016 7/40 L=-0.140 Lq=-0.0343 Le=-0.223 rA=0.183 rB=0.217 a_out=1 u_out=1 mem=20.970911026000977
p3-rank c016 8/40 L=-0.154 Lq=-0.0408 Le=-0.237 rA=0.180 rB=0.220 a_out=1 u_out=1 mem=20.970911026000977
p3-rank c016 9/40 L=-0.153 Lq=-0.0416 Le=-0.232 rA=0.179 rB=0.221 a_out=1 u_out=1 mem=20.970911026000977
p3-rank c016 10/40 L=-0.093 Lq=-0.0207 Le=-0.154 rA=0.190 rB=0.210 a_out=0 u_out=0 mem=20.970911026000977
p3-rank c016 11/40 L=-0.106 Lq=-0.0268 Le=-0.169 rA=0.187 rB=0.213 a_out=0 u_out=0 mem=20.970911026000977
p3-rank c016 12/40 L=-0.148 Lq=-0.0405 Le=-0.224 rA=0.180 rB=0.220 a_out=1 u_out=1 mem=20.970911026000977
p3-rank c016 13/40 L=-0.156 Lq=-0.0402 Le=-0.241 rA=0.180 rB=0.220 a_out=1 u_out=1 mem=20.970911026000977
p3-rank c016 14/40 L=-0.175 Lq=-0.0446 Le=-0.269 rA=0.178 rB=0.222 a_out=1 u_out=1 mem=20.970911026000977
p3-rank c016 15/40 L=-0.196 Lq=-0.0574 Le=-0.288 rA=0.171 rB=0.229 a_out=2 u_out=2 mem=20.970911026000977
p3-rank c016 16/40 L=-0.198 Lq=-0.0556 Le=-0.295 rA=0.172 rB=0.228 a_out=2 u_out=2 mem=20.970911026000977
p3-rank c016 17/40 L=-0.222 Lq=-0.0672 Le=-0.319 rA=0.166 rB=0.234 a_out=3 u_out=3 mem=20.970911026000977
p3-rank c016 18/40 L=-0.221 Lq=-0.0704 Le=-0.310 rA=0.165 rB=0.235 a_out=3 u_out=3 mem=20.970911026000977
p3-rank c016 19/40 L=-0.230 Lq=-0.0721 Le=-0.325 rA=0.164 rB=0.236 a_out=3 u_out=3 mem=20.970911026000977
p3-rank c016 20/40 L=-0.241 Lq=-0.0794 Le=-0.334 rA=0.160 rB=0.240 a_out=3 u_out=3 mem=20.970911026000977
p3-rank c016 21/40 L=-0.232 Lq=-0.0748 Le=-0.324 rA=0.163 rB=0.237 a_out=3 u_out=3 mem=20.970911026000977
p3-rank c016 22/40 L=-0.252 Lq=-0.0838 Le=-0.346 rA=0.158 rB=0.242 a_out=4 u_out=4 mem=20.970911026000977
p3-rank c016 23/40 L=-0.244 Lq=-0.0814 Le=-0.335 rA=0.159 rB=0.241 a_out=4 u_out=4 mem=20.970911026000977
p3-rank c016 24/40 L=-0.248 Lq=-0.0856 Le=-0.335 rA=0.157 rB=0.243 a_out=4 u_out=4 mem=20.970911026000977
p3-rank c016 25/40 L=-0.258 Lq=-0.0883 Le=-0.349 rA=0.156 rB=0.244 a_out=4 u_out=4 mem=20.970911026000977
p3-rank c016 26/40 L=-0.226 Lq=-0.0687 Le=-0.325 rA=0.166 rB=0.234 a_out=3 u_out=3 mem=20.970911026000977
p3-rank c016 27/40 L=-0.264 Lq=-0.0906 Le=-0.358 rA=0.155 rB=0.245 a_out=4 u_out=4 mem=20.970911026000977
p3-rank c016 28/40 L=-0.266 Lq=-0.0891 Le=-0.363 rA=0.155 rB=0.245 a_out=4 u_out=4 mem=20.970911026000977
p3-rank c016 29/40 L=-0.275 Lq=-0.0962 Le=-0.367 rA=0.152 rB=0.248 a_out=5 u_out=5 mem=20.970911026000977
p3-rank c016 30/40 L=-0.270 Lq=-0.0913 Le=-0.368 rA=0.154 rB=0.246 a_out=4 u_out=4 mem=20.970911026000977
p3-rank c016 31/40 L=-0.288 Lq=-0.1012 Le=-0.384 rA=0.149 rB=0.251 a_out=5 u_out=5 mem=20.970911026000977
p3-rank c016 32/40 L=-0.298 Lq=-0.1076 Le=-0.391 rA=0.146 rB=0.254 a_out=5 u_out=5 mem=20.970911026000977
p3-rank c016 33/40 L=-0.297 Lq=-0.1072 Le=-0.390 rA=0.146 rB=0.254 a_out=5 u_out=5 mem=20.970911026000977
p3-rank c016 34/40 L=-0.307 Lq=-0.1149 Le=-0.395 rA=0.143 rB=0.257 a_out=6 u_out=6 mem=20.970911026000977
p3-rank c016 35/40 L=-0.311 Lq=-0.1156 Le=-0.400 rA=0.142 rB=0.258 a_out=6 u_out=6 mem=20.970911026000977
p3-rank c016 36/40 L=-0.297 Lq=-0.1092 Le=-0.387 rA=0.145 rB=0.255 a_out=5 u_out=5 mem=20.970911026000977
p3-rank c016 37/40 L=-0.310 Lq=-0.1148 Le=-0.400 rA=0.143 rB=0.257 a_out=6 u_out=6 mem=20.970911026000977
p3-rank c016 38/40 L=-0.315 Lq=-0.1192 Le=-0.403 rA=0.140 rB=0.260 a_out=6 u_out=6 mem=20.970911026000977
p3-rank c016 39/40 L=-0.314 Lq=-0.1174 Le=-0.405 rA=0.141 rB=0.259 a_out=6 u_out=6 mem=20.970911026000977
p3-rank c016 40/40 L=-0.305 Lq=-0.1133 Le=-0.395 rA=0.143 rB=0.257 a_out=6 u_out=6 mem=20.970911026000977
== p3-rank attack c018 (14/32) ==
p3-rank c018 1/40 L=-0.108 Lq=-0.0505 Le=-0.119 rA=0.175 rB=0.225 a_out=0 u_out=0 mem=20.970911026000977
p3-rank c018 2/40 L=-0.146 Lq=-0.0615 Le=-0.174 rA=0.169 rB=0.231 a_out=1 u_out=1 mem=20.970911026000977
p3-rank c018 3/40 L=-0.209 Lq=-0.0844 Le=-0.256 rA=0.158 rB=0.242 a_out=2 u_out=2 mem=20.970911026000977
p3-rank c018 4/40 L=-0.169 Lq=-0.0710 Le=-0.201 rA=0.164 rB=0.236 a_out=1 u_out=1 mem=20.970911026000977
p3-rank c018 5/40 L=-0.205 Lq=-0.0838 Le=-0.250 rA=0.158 rB=0.242 a_out=2 u_out=2 mem=20.970911026000977
p3-rank c018 6/40 L=-0.220 Lq=-0.0907 Le=-0.267 rA=0.155 rB=0.245 a_out=3 u_out=3 mem=20.970911026000977
p3-rank c018 7/40 L=-0.227 Lq=-0.0906 Le=-0.282 rA=0.155 rB=0.245 a_out=3 u_out=3 mem=20.970911026000977
p3-rank c018 8/40 L=-0.235 Lq=-0.0949 Le=-0.288 rA=0.153 rB=0.247 a_out=3 u_out=3 mem=20.970911026000977
p3-rank c018 9/40 L=-0.235 Lq=-0.0979 Le=-0.282 rA=0.151 rB=0.249 a_out=3 u_out=3 mem=20.970911026000977
p3-rank c018 10/40 L=-0.251 Lq=-0.1040 Le=-0.304 rA=0.148 rB=0.252 a_out=3 u_out=3 mem=20.970911026000977
p3-rank c018 11/40 L=-0.247 Lq=-0.1020 Le=-0.299 rA=0.149 rB=0.251 a_out=3 u_out=3 mem=20.970911026000977
p3-rank c018 12/40 L=-0.270 Lq=-0.1114 Le=-0.326 rA=0.144 rB=0.256 a_out=4 u_out=4 mem=20.970911026000977
p3-rank c018 13/40 L=-0.246 Lq=-0.0967 Le=-0.308 rA=0.152 rB=0.248 a_out=3 u_out=3 mem=20.970911026000977
p3-rank c018 14/40 L=-0.265 Lq=-0.1097 Le=-0.319 rA=0.145 rB=0.255 a_out=4 u_out=4 mem=20.970911026000977
p3-rank c018 15/40 L=-0.257 Lq=-0.1049 Le=-0.312 rA=0.148 rB=0.252 a_out=3 u_out=3 mem=20.970911026000977
p3-rank c018 16/40 L=-0.275 Lq=-0.1148 Le=-0.329 rA=0.143 rB=0.257 a_out=4 u_out=4 mem=20.970911026000977
p3-rank c018 17/40 L=-0.276 Lq=-0.1163 Le=-0.328 rA=0.142 rB=0.258 a_out=4 u_out=4 mem=20.970911026000977
p3-rank c018 18/40 L=-0.281 Lq=-0.1177 Le=-0.334 rA=0.141 rB=0.259 a_out=4 u_out=4 mem=20.970911026000977
p3-rank c018 19/40 L=-0.275 Lq=-0.1140 Le=-0.330 rA=0.143 rB=0.257 a_out=4 u_out=4 mem=20.970911026000977
p3-rank c018 20/40 L=-0.278 Lq=-0.1164 Le=-0.331 rA=0.142 rB=0.258 a_out=4 u_out=4 mem=20.970911026000977
p3-rank c018 21/40 L=-0.282 Lq=-0.1173 Le=-0.338 rA=0.141 rB=0.259 a_out=4 u_out=4 mem=20.970911026000977
p3-rank c018 22/40 L=-0.289 Lq=-0.1208 Le=-0.344 rA=0.140 rB=0.260 a_out=4 u_out=4 mem=20.970911026000977
p3-rank c018 23/40 L=-0.293 Lq=-0.1217 Le=-0.351 rA=0.139 rB=0.261 a_out=4 u_out=4 mem=20.970911026000977
p3-rank c018 24/40 L=-0.301 Lq=-0.1272 Le=-0.357 rA=0.136 rB=0.264 a_out=5 u_out=5 mem=20.970911026000977
p3-rank c018 25/40 L=-0.293 Lq=-0.1235 Le=-0.348 rA=0.138 rB=0.262 a_out=5 u_out=5 mem=20.970911026000977
p3-rank c018 26/40 L=-0.298 Lq=-0.1253 Le=-0.355 rA=0.137 rB=0.263 a_out=5 u_out=5 mem=20.970911026000977
p3-rank c018 27/40 L=-0.294 Lq=-0.1218 Le=-0.354 rA=0.139 rB=0.261 a_out=4 u_out=4 mem=20.970911026000977
p3-rank c018 28/40 L=-0.290 Lq=-0.1195 Le=-0.349 rA=0.140 rB=0.260 a_out=4 u_out=4 mem=20.970911026000977
p3-rank c018 29/40 L=-0.301 Lq=-0.1266 Le=-0.359 rA=0.137 rB=0.263 a_out=5 u_out=5 mem=20.970911026000977
p3-rank c018 30/40 L=-0.300 Lq=-0.1250 Le=-0.358 rA=0.137 rB=0.263 a_out=5 u_out=5 mem=20.970911026000977
p3-rank c018 31/40 L=-0.300 Lq=-0.1240 Le=-0.361 rA=0.138 rB=0.262 a_out=5 u_out=5 mem=20.970911026000977
p3-rank c018 32/40 L=-0.310 Lq=-0.1317 Le=-0.366 rA=0.134 rB=0.266 a_out=5 u_out=5 mem=20.970911026000977
p3-rank c018 33/40 L=-0.313 Lq=-0.1326 Le=-0.368 rA=0.134 rB=0.266 a_out=5 u_out=5 mem=20.970911026000977
p3-rank c018 34/40 L=-0.315 Lq=-0.1338 Le=-0.372 rA=0.133 rB=0.267 a_out=5 u_out=5 mem=20.970911026000977
p3-rank c018 35/40 L=-0.322 Lq=-0.1379 Le=-0.377 rA=0.131 rB=0.269 a_out=5 u_out=5 mem=20.970911026000977
p3-rank c018 36/40 L=-0.306 Lq=-0.1275 Le=-0.367 rA=0.136 rB=0.264 a_out=5 u_out=5 mem=20.970911026000977
p3-rank c018 37/40 L=-0.322 Lq=-0.1391 Le=-0.375 rA=0.130 rB=0.270 a_out=6 u_out=6 mem=20.970911026000977
p3-rank c018 38/40 L=-0.330 Lq=-0.1435 Le=-0.382 rA=0.128 rB=0.272 a_out=6 u_out=6 mem=20.970911026000977
p3-rank c018 39/40 L=-0.311 Lq=-0.1315 Le=-0.368 rA=0.134 rB=0.266 a_out=5 u_out=5 mem=20.970911026000977
p3-rank c018 40/40 L=-0.334 Lq=-0.1463 Le=-0.384 rA=0.127 rB=0.273 a_out=6 u_out=6 mem=20.970911026000977
== p3-rank attack c020 (15/32) ==
p3-rank c020 1/40 L=0.076 Lq=-0.0218 Le=0.188 rA=0.189 rB=0.211 a_out=0 u_out=0 mem=20.970911026000977
p3-rank c020 2/40 L=0.001 Lq=-0.0261 Le=0.046 rA=0.187 rB=0.213 a_out=0 u_out=0 mem=20.970911026000977
p3-rank c020 3/40 L=0.031 Lq=-0.0304 Le=0.115 rA=0.185 rB=0.215 a_out=0 u_out=0 mem=20.970911026000977
p3-rank c020 4/40 L=-0.021 Lq=-0.0438 Le=0.036 rA=0.178 rB=0.222 a_out=1 u_out=0 mem=20.970911026000977
p3-rank c020 5/40 L=-0.077 Lq=-0.0572 Le=-0.050 rA=0.171 rB=0.229 a_out=2 u_out=0 mem=20.970911026000977
p3-rank c020 6/40 L=-0.109 Lq=-0.0652 Le=-0.098 rA=0.167 rB=0.233 a_out=3 u_out=0 mem=20.970911026000977
p3-rank c020 7/40 L=-0.018 Lq=-0.0427 Le=0.041 rA=0.179 rB=0.221 a_out=1 u_out=0 mem=20.970911026000977
p3-rank c020 8/40 L=-0.057 Lq=-0.0404 Le=-0.041 rA=0.180 rB=0.220 a_out=1 u_out=0 mem=20.970911026000977
p3-rank c020 9/40 L=-0.116 Lq=-0.0532 Le=-0.133 rA=0.173 rB=0.227 a_out=2 u_out=0 mem=20.970911026000977
p3-rank c020 10/40 L=-0.133 Lq=-0.0610 Le=-0.152 rA=0.170 rB=0.230 a_out=2 u_out=0 mem=20.970911026000977
p3-rank c020 11/40 L=-0.140 Lq=-0.0640 Le=-0.159 rA=0.168 rB=0.232 a_out=2 u_out=0 mem=20.970911026000977
p3-rank c020 12/40 L=-0.154 Lq=-0.0700 Le=-0.176 rA=0.165 rB=0.235 a_out=3 u_out=0 mem=20.970911026000977
p3-rank c020 13/40 L=-0.175 Lq=-0.0808 Le=-0.196 rA=0.160 rB=0.240 a_out=4 u_out=0 mem=20.970911026000977
p3-rank c020 14/40 L=-0.153 Lq=-0.0737 Le=-0.168 rA=0.163 rB=0.237 a_out=3 u_out=0 mem=20.970911026000977
p3-rank c020 15/40 L=-0.178 Lq=-0.0768 Le=-0.211 rA=0.162 rB=0.238 a_out=3 u_out=0 mem=20.970911026000977
p3-rank c020 16/40 L=-0.181 Lq=-0.0814 Le=-0.207 rA=0.159 rB=0.241 a_out=4 u_out=0 mem=20.970911026000977
p3-rank c020 17/40 L=-0.197 Lq=-0.0927 Le=-0.216 rA=0.154 rB=0.246 a_out=4 u_out=0 mem=20.970911026000977
p3-rank c020 18/40 L=-0.120 Lq=-0.0734 Le=-0.102 rA=0.163 rB=0.237 a_out=3 u_out=0 mem=20.970911026000977
p3-rank c020 19/40 L=-0.152 Lq=-0.0727 Le=-0.167 rA=0.164 rB=0.236 a_out=3 u_out=0 mem=20.970911026000977
p3-rank c020 20/40 L=-0.181 Lq=-0.0954 Le=-0.180 rA=0.152 rB=0.248 a_out=5 u_out=0 mem=20.970911026000977
p3-rank c020 21/40 L=-0.208 Lq=-0.0995 Le=-0.225 rA=0.150 rB=0.250 a_out=5 u_out=0 mem=20.970911026000977
p3-rank c020 22/40 L=-0.205 Lq=-0.0954 Le=-0.228 rA=0.152 rB=0.248 a_out=5 u_out=0 mem=20.970911026000977
p3-rank c020 23/40 L=-0.164 Lq=-0.0966 Le=-0.147 rA=0.152 rB=0.248 a_out=5 u_out=0 mem=20.970911026000977
p3-rank c020 24/40 L=-0.171 Lq=-0.0835 Le=-0.186 rA=0.158 rB=0.242 a_out=4 u_out=0 mem=20.970911026000977
p3-rank c020 25/40 L=-0.156 Lq=-0.0822 Le=-0.160 rA=0.159 rB=0.241 a_out=4 u_out=0 mem=20.970911026000977
p3-rank c020 26/40 L=-0.146 Lq=-0.0778 Le=-0.148 rA=0.161 rB=0.239 a_out=3 u_out=0 mem=20.970911026000977
p3-rank c020 27/40 L=-0.122 Lq=-0.0676 Le=-0.122 rA=0.166 rB=0.234 a_out=3 u_out=0 mem=20.970911026000977
p3-rank c020 28/40 L=-0.177 Lq=-0.0819 Le=-0.201 rA=0.159 rB=0.241 a_out=4 u_out=0 mem=20.970911026000977
p3-rank c020 29/40 L=-0.208 Lq=-0.0978 Le=-0.232 rA=0.151 rB=0.249 a_out=5 u_out=0 mem=20.970911026000977
p3-rank c020 30/40 L=-0.182 Lq=-0.0845 Le=-0.207 rA=0.158 rB=0.242 a_out=4 u_out=0 mem=20.970911026000977
p3-rank c020 31/40 L=-0.176 Lq=-0.0919 Le=-0.179 rA=0.154 rB=0.246 a_out=4 u_out=0 mem=20.970911026000977
p3-rank c020 32/40 L=-0.194 Lq=-0.0945 Le=-0.211 rA=0.153 rB=0.247 a_out=4 u_out=0 mem=20.970911026000977
p3-rank c020 33/40 L=-0.174 Lq=-0.0889 Le=-0.182 rA=0.156 rB=0.244 a_out=4 u_out=0 mem=20.970911026000977
p3-rank c020 34/40 L=-0.181 Lq=-0.0917 Le=-0.192 rA=0.154 rB=0.246 a_out=4 u_out=0 mem=20.970911026000977
p3-rank c020 35/40 L=-0.200 Lq=-0.0955 Le=-0.221 rA=0.152 rB=0.248 a_out=5 u_out=0 mem=20.970911026000977
p3-rank c020 36/40 L=-0.095 Lq=-0.0593 Le=-0.080 rA=0.170 rB=0.230 a_out=2 u_out=0 mem=20.970911026000977
p3-rank c020 37/40 L=-0.152 Lq=-0.0695 Le=-0.175 rA=0.165 rB=0.235 a_out=3 u_out=0 mem=20.970911026000977
p3-rank c020 38/40 L=-0.158 Lq=-0.0743 Le=-0.178 rA=0.163 rB=0.237 a_out=3 u_out=0 mem=20.970911026000977
p3-rank c020 39/40 L=-0.162 Lq=-0.0771 Le=-0.181 rA=0.161 rB=0.239 a_out=3 u_out=0 mem=20.970911026000977
p3-rank c020 40/40 L=-0.174 Lq=-0.0850 Le=-0.189 rA=0.158 rB=0.242 a_out=4 u_out=0 mem=20.970911026000977
== p3-rank attack c021 (16/32) ==
p3-rank c021 1/40 L=-0.158 Lq=-0.0592 Le=-0.202 rA=0.170 rB=0.230 a_out=0 u_out=0 mem=20.970911026000977
p3-rank c021 2/40 L=-0.165 Lq=-0.0603 Le=-0.215 rA=0.170 rB=0.230 a_out=0 u_out=0 mem=20.970911026000977
p3-rank c021 3/40 L=-0.180 Lq=-0.0694 Le=-0.227 rA=0.165 rB=0.235 a_out=0 u_out=0 mem=20.970911026000977
p3-rank c021 4/40 L=-0.177 Lq=-0.0672 Le=-0.226 rA=0.166 rB=0.234 a_out=0 u_out=0 mem=20.970911026000977
p3-rank c021 5/40 L=-0.194 Lq=-0.0781 Le=-0.238 rA=0.161 rB=0.239 a_out=1 u_out=1 mem=20.970911026000977
p3-rank c021 6/40 L=-0.207 Lq=-0.0824 Le=-0.254 rA=0.159 rB=0.241 a_out=1 u_out=1 mem=20.970911026000977
p3-rank c021 7/40 L=-0.170 Lq=-0.0652 Le=-0.214 rA=0.167 rB=0.233 a_out=0 u_out=0 mem=20.970911026000977
p3-rank c021 8/40 L=-0.207 Lq=-0.0808 Le=-0.257 rA=0.160 rB=0.240 a_out=1 u_out=1 mem=20.970911026000977
p3-rank c021 9/40 L=-0.202 Lq=-0.0798 Le=-0.250 rA=0.160 rB=0.240 a_out=1 u_out=1 mem=20.970911026000977
p3-rank c021 10/40 L=-0.182 Lq=-0.0701 Le=-0.231 rA=0.165 rB=0.235 a_out=0 u_out=0 mem=20.970911026000977
p3-rank c021 11/40 L=-0.159 Lq=-0.0621 Le=-0.205 rA=0.169 rB=0.231 a_out=0 u_out=0 mem=20.970911026000977
p3-rank c021 12/40 L=-0.177 Lq=-0.0715 Le=-0.222 rA=0.164 rB=0.236 a_out=0 u_out=0 mem=20.970911026000977
p3-rank c021 13/40 L=-0.196 Lq=-0.0807 Le=-0.242 rA=0.160 rB=0.240 a_out=1 u_out=1 mem=20.970911026000977
p3-rank c021 14/40 L=-0.205 Lq=-0.0823 Le=-0.258 rA=0.159 rB=0.241 a_out=1 u_out=1 mem=20.970911026000977
p3-rank c021 15/40 L=-0.194 Lq=-0.0737 Le=-0.250 rA=0.163 rB=0.237 a_out=0 u_out=0 mem=20.970911026000977
p3-rank c021 16/40 L=-0.205 Lq=-0.0767 Le=-0.267 rA=0.162 rB=0.238 a_out=1 u_out=1 mem=20.970911026000977
p3-rank c021 17/40 L=-0.185 Lq=-0.0707 Le=-0.240 rA=0.165 rB=0.235 a_out=0 u_out=0 mem=20.970911026000977
p3-rank c021 18/40 L=-0.208 Lq=-0.0796 Le=-0.269 rA=0.160 rB=0.240 a_out=1 u_out=1 mem=20.970911026000977
p3-rank c021 19/40 L=-0.215 Lq=-0.0802 Le=-0.280 rA=0.160 rB=0.240 a_out=1 u_out=1 mem=20.970911026000977
p3-rank c021 20/40 L=-0.207 Lq=-0.0809 Le=-0.262 rA=0.160 rB=0.240 a_out=1 u_out=1 mem=20.970911026000977
p3-rank c021 21/40 L=-0.227 Lq=-0.0871 Le=-0.290 rA=0.156 rB=0.244 a_out=1 u_out=1 mem=20.970911026000977
p3-rank c021 22/40 L=-0.237 Lq=-0.0959 Le=-0.293 rA=0.152 rB=0.248 a_out=2 u_out=2 mem=20.970911026000977
p3-rank c021 23/40 L=-0.248 Lq=-0.1041 Le=-0.300 rA=0.148 rB=0.252 a_out=2 u_out=2 mem=20.970911026000977
p3-rank c021 24/40 L=-0.255 Lq=-0.1041 Le=-0.315 rA=0.148 rB=0.252 a_out=2 u_out=2 mem=20.970911026000977
p3-rank c021 25/40 L=-0.268 Lq=-0.1072 Le=-0.334 rA=0.146 rB=0.254 a_out=3 u_out=3 mem=20.970911026000977
p3-rank c021 26/40 L=-0.238 Lq=-0.0937 Le=-0.301 rA=0.153 rB=0.247 a_out=2 u_out=2 mem=20.970911026000977
p3-rank c021 27/40 L=-0.208 Lq=-0.0794 Le=-0.264 rA=0.160 rB=0.240 a_out=1 u_out=1 mem=20.970911026000977
p3-rank c021 28/40 L=-0.216 Lq=-0.0803 Le=-0.278 rA=0.160 rB=0.240 a_out=1 u_out=1 mem=20.970911026000977
p3-rank c021 29/40 L=-0.223 Lq=-0.0900 Le=-0.272 rA=0.155 rB=0.245 a_out=1 u_out=1 mem=20.970911026000977
p3-rank c021 30/40 L=-0.248 Lq=-0.0992 Le=-0.308 rA=0.150 rB=0.250 a_out=2 u_out=2 mem=20.970911026000977
p3-rank c021 31/40 L=-0.236 Lq=-0.0970 Le=-0.285 rA=0.152 rB=0.248 a_out=2 u_out=2 mem=20.970911026000977
p3-rank c021 32/40 L=-0.232 Lq=-0.0914 Le=-0.288 rA=0.154 rB=0.246 a_out=2 u_out=2 mem=20.970911026000977
p3-rank c021 33/40 L=-0.254 Lq=-0.1036 Le=-0.309 rA=0.148 rB=0.252 a_out=2 u_out=2 mem=20.970911026000977
p3-rank c021 34/40 L=-0.258 Lq=-0.1051 Le=-0.313 rA=0.147 rB=0.253 a_out=2 u_out=2 mem=20.970911026000977
p3-rank c021 35/40 L=-0.263 Lq=-0.1059 Le=-0.321 rA=0.147 rB=0.253 a_out=2 u_out=2 mem=20.970911026000977
p3-rank c021 36/40 L=-0.285 Lq=-0.1186 Le=-0.341 rA=0.141 rB=0.259 a_out=3 u_out=3 mem=20.970911026000977
p3-rank c021 37/40 L=-0.301 Lq=-0.1278 Le=-0.354 rA=0.136 rB=0.264 a_out=4 u_out=4 mem=20.970911026000977
p3-rank c021 38/40 L=-0.284 Lq=-0.1157 Le=-0.344 rA=0.142 rB=0.258 a_out=3 u_out=3 mem=20.970911026000977
p3-rank c021 39/40 L=-0.282 Lq=-0.1186 Le=-0.335 rA=0.141 rB=0.259 a_out=3 u_out=3 mem=20.970911026000977
p3-rank c021 40/40 L=-0.296 Lq=-0.1222 Le=-0.355 rA=0.139 rB=0.261 a_out=3 u_out=3 mem=20.970911026000977
== p3-rank attack c022 (17/32) ==
p3-rank c022 1/40 L=-0.199 Lq=-0.0754 Le=-0.255 rA=0.162 rB=0.238 a_out=0 u_out=0 mem=20.970911026000977
p3-rank c022 2/40 L=-0.236 Lq=-0.0903 Le=-0.300 rA=0.155 rB=0.245 a_out=0 u_out=0 mem=20.970911026000977
p3-rank c022 3/40 L=-0.262 Lq=-0.1041 Le=-0.325 rA=0.148 rB=0.252 a_out=1 u_out=1 mem=20.970911026000977
p3-rank c022 4/40 L=-0.275 Lq=-0.1109 Le=-0.339 rA=0.145 rB=0.255 a_out=2 u_out=2 mem=20.970911026000977
p3-rank c022 5/40 L=-0.290 Lq=-0.1185 Le=-0.353 rA=0.141 rB=0.259 a_out=2 u_out=2 mem=20.970911026000977
p3-rank c022 6/40 L=-0.298 Lq=-0.1230 Le=-0.360 rA=0.139 rB=0.261 a_out=3 u_out=3 mem=20.970911026000977
p3-rank c022 7/40 L=-0.301 Lq=-0.1250 Le=-0.361 rA=0.138 rB=0.262 a_out=3 u_out=3 mem=20.970911026000977
p3-rank c022 8/40 L=-0.297 Lq=-0.1228 Le=-0.357 rA=0.139 rB=0.261 a_out=3 u_out=3 mem=20.970911026000977
p3-rank c022 9/40 L=-0.314 Lq=-0.1312 Le=-0.375 rA=0.134 rB=0.266 a_out=3 u_out=3 mem=20.970911026000977
p3-rank c022 10/40 L=-0.316 Lq=-0.1343 Le=-0.374 rA=0.133 rB=0.267 a_out=3 u_out=3 mem=20.970911026000977
p3-rank c022 11/40 L=-0.305 Lq=-0.1273 Le=-0.365 rA=0.136 rB=0.264 a_out=3 u_out=3 mem=20.970911026000977
p3-rank c022 12/40 L=-0.318 Lq=-0.1323 Le=-0.382 rA=0.134 rB=0.266 a_out=3 u_out=3 mem=20.970911026000977
p3-rank c022 13/40 L=-0.329 Lq=-0.1403 Le=-0.388 rA=0.130 rB=0.270 a_out=4 u_out=4 mem=20.970911026000977
p3-rank c022 14/40 L=-0.346 Lq=-0.1500 Le=-0.402 rA=0.125 rB=0.275 a_out=4 u_out=4 mem=20.970911026000977
p3-rank c022 15/40 L=-0.363 Lq=-0.1616 Le=-0.414 rA=0.119 rB=0.281 a_out=5 u_out=5 mem=20.970911026000977
p3-rank c022 16/40 L=-0.340 Lq=-0.1469 Le=-0.397 rA=0.127 rB=0.273 a_out=4 u_out=4 mem=20.970911026000977
p3-rank c022 17/40 L=-0.344 Lq=-0.1498 Le=-0.399 rA=0.125 rB=0.275 a_out=4 u_out=4 mem=20.970911026000977
p3-rank c022 18/40 L=-0.355 Lq=-0.1572 Le=-0.406 rA=0.121 rB=0.279 a_out=5 u_out=5 mem=20.970911026000977
p3-rank c022 19/40 L=-0.365 Lq=-0.1631 Le=-0.414 rA=0.118 rB=0.282 a_out=5 u_out=5 mem=20.970911026000977
p3-rank c022 20/40 L=-0.364 Lq=-0.1621 Le=-0.415 rA=0.119 rB=0.281 a_out=5 u_out=5 mem=20.970911026000977
p3-rank c022 21/40 L=-0.369 Lq=-0.1661 Le=-0.416 rA=0.117 rB=0.283 a_out=5 u_out=5 mem=20.970911026000977
p3-rank c022 22/40 L=-0.380 Lq=-0.1733 Le=-0.424 rA=0.113 rB=0.287 a_out=6 u_out=6 mem=20.970911026000977
p3-rank c022 23/40 L=-0.372 Lq=-0.1686 Le=-0.418 rA=0.116 rB=0.284 a_out=5 u_out=5 mem=20.970911026000977
p3-rank c022 24/40 L=-0.378 Lq=-0.1722 Le=-0.423 rA=0.114 rB=0.286 a_out=6 u_out=6 mem=20.970911026000977
p3-rank c022 25/40 L=-0.384 Lq=-0.1757 Le=-0.427 rA=0.112 rB=0.288 a_out=6 u_out=6 mem=20.970911026000977
p3-rank c022 26/40 L=-0.400 Lq=-0.1870 Le=-0.436 rA=0.106 rB=0.294 a_out=7 u_out=7 mem=20.970911026000977
p3-rank c022 27/40 L=-0.384 Lq=-0.1768 Le=-0.426 rA=0.112 rB=0.288 a_out=6 u_out=6 mem=20.970911026000977
p3-rank c022 28/40 L=-0.399 Lq=-0.1870 Le=-0.435 rA=0.107 rB=0.293 a_out=7 u_out=7 mem=20.970911026000977
p3-rank c022 29/40 L=-0.410 Lq=-0.1937 Le=-0.443 rA=0.103 rB=0.297 a_out=7 u_out=7 mem=20.970911026000977
p3-rank c022 30/40 L=-0.408 Lq=-0.1929 Le=-0.442 rA=0.104 rB=0.296 a_out=7 u_out=7 mem=20.970911026000977
p3-rank c022 31/40 L=-0.413 Lq=-0.1967 Le=-0.443 rA=0.102 rB=0.298 a_out=7 u_out=7 mem=20.970911026000977
p3-rank c022 32/40 L=-0.411 Lq=-0.1947 Le=-0.443 rA=0.103 rB=0.297 a_out=7 u_out=7 mem=20.970911026000977
p3-rank c022 33/40 L=-0.427 Lq=-0.2071 Le=-0.452 rA=0.096 rB=0.304 a_out=8 u_out=8 mem=20.970911026000977
p3-rank c022 34/40 L=-0.437 Lq=-0.2143 Le=-0.457 rA=0.093 rB=0.307 a_out=8 u_out=8 mem=20.970911026000977
p3-rank c022 35/40 L=-0.435 Lq=-0.2129 Le=-0.455 rA=0.094 rB=0.306 a_out=8 u_out=8 mem=20.970911026000977
p3-rank c022 36/40 L=-0.447 Lq=-0.2217 Le=-0.462 rA=0.089 rB=0.311 a_out=9 u_out=9 mem=20.970911026000977
p3-rank c022 37/40 L=-0.440 Lq=-0.2173 Le=-0.457 rA=0.091 rB=0.309 a_out=8 u_out=8 mem=20.970911026000977
p3-rank c022 38/40 L=-0.435 Lq=-0.2128 Le=-0.455 rA=0.094 rB=0.306 a_out=8 u_out=8 mem=20.970911026000977
p3-rank c022 39/40 L=-0.447 Lq=-0.2216 Le=-0.462 rA=0.089 rB=0.311 a_out=9 u_out=9 mem=20.970911026000977
p3-rank c022 40/40 L=-0.445 Lq=-0.2199 Le=-0.462 rA=0.090 rB=0.310 a_out=9 u_out=9 mem=20.970911026000977
== p3-rank attack c023 (18/32) ==
p3-rank c023 1/40 L=-0.118 Lq=-0.0262 Le=-0.189 rA=0.187 rB=0.213 a_out=0 u_out=0 mem=20.970911026000977
p3-rank c023 2/40 L=-0.103 Lq=-0.0231 Le=-0.166 rA=0.188 rB=0.212 a_out=0 u_out=0 mem=20.970911026000977
p3-rank c023 3/40 L=-0.134 Lq=-0.0346 Le=-0.206 rA=0.183 rB=0.217 a_out=0 u_out=0 mem=20.970911026000977
p3-rank c023 4/40 L=-0.117 Lq=-0.0283 Le=-0.185 rA=0.186 rB=0.214 a_out=0 u_out=0 mem=20.970911026000977
p3-rank c023 5/40 L=-0.141 Lq=-0.0380 Le=-0.212 rA=0.181 rB=0.219 a_out=0 u_out=0 mem=20.970911026000977
p3-rank c023 6/40 L=-0.177 Lq=-0.0504 Le=-0.259 rA=0.175 rB=0.225 a_out=1 u_out=1 mem=20.970911026000977
p3-rank c023 7/40 L=-0.164 Lq=-0.0451 Le=-0.245 rA=0.177 rB=0.223 a_out=1 u_out=1 mem=20.970911026000977
p3-rank c023 8/40 L=-0.201 Lq=-0.0642 Le=-0.280 rA=0.168 rB=0.232 a_out=2 u_out=2 mem=20.970911026000977
p3-rank c023 9/40 L=-0.195 Lq=-0.0556 Le=-0.286 rA=0.172 rB=0.228 a_out=2 u_out=2 mem=20.970911026000977
p3-rank c023 10/40 L=-0.215 Lq=-0.0655 Le=-0.305 rA=0.167 rB=0.233 a_out=2 u_out=2 mem=20.970911026000977
p3-rank c023 11/40 L=-0.240 Lq=-0.0802 Le=-0.327 rA=0.160 rB=0.240 a_out=3 u_out=3 mem=20.970911026000977
p3-rank c023 12/40 L=-0.243 Lq=-0.0820 Le=-0.330 rA=0.159 rB=0.241 a_out=3 u_out=3 mem=20.970911026000977
p3-rank c023 13/40 L=-0.258 Lq=-0.0900 Le=-0.343 rA=0.155 rB=0.245 a_out=4 u_out=4 mem=20.970911026000977
p3-rank c023 14/40 L=-0.238 Lq=-0.0797 Le=-0.323 rA=0.160 rB=0.240 a_out=3 u_out=3 mem=20.970911026000977
p3-rank c023 15/40 L=-0.257 Lq=-0.0886 Le=-0.344 rA=0.156 rB=0.244 a_out=4 u_out=4 mem=20.970911026000977
p3-rank c023 16/40 L=-0.231 Lq=-0.0753 Le=-0.319 rA=0.162 rB=0.238 a_out=3 u_out=3 mem=20.970911026000977
p3-rank c023 17/40 L=-0.231 Lq=-0.0751 Le=-0.320 rA=0.162 rB=0.238 a_out=3 u_out=3 mem=20.970911026000977
p3-rank c023 18/40 L=-0.243 Lq=-0.0815 Le=-0.330 rA=0.159 rB=0.241 a_out=3 u_out=3 mem=20.970911026000977
p3-rank c023 19/40 L=-0.245 Lq=-0.0828 Le=-0.332 rA=0.159 rB=0.241 a_out=3 u_out=3 mem=20.970911026000977
p3-rank c023 20/40 L=-0.242 Lq=-0.0814 Le=-0.329 rA=0.159 rB=0.241 a_out=3 u_out=3 mem=20.970911026000977
p3-rank c023 21/40 L=-0.245 Lq=-0.0822 Le=-0.334 rA=0.159 rB=0.241 a_out=3 u_out=3 mem=20.970911026000977
p3-rank c023 22/40 L=-0.280 Lq=-0.0986 Le=-0.371 rA=0.151 rB=0.249 a_out=4 u_out=4 mem=20.970911026000977
p3-rank c023 23/40 L=-0.271 Lq=-0.0935 Le=-0.364 rA=0.153 rB=0.247 a_out=4 u_out=4 mem=20.970911026000977
p3-rank c023 24/40 L=-0.277 Lq=-0.0983 Le=-0.366 rA=0.151 rB=0.249 a_out=4 u_out=4 mem=20.970911026000977
p3-rank c023 25/40 L=-0.285 Lq=-0.1037 Le=-0.370 rA=0.148 rB=0.252 a_out=5 u_out=5 mem=20.970911026000977
p3-rank c023 26/40 L=-0.289 Lq=-0.1062 Le=-0.373 rA=0.147 rB=0.253 a_out=5 u_out=5 mem=20.970911026000977
p3-rank c023 27/40 L=-0.268 Lq=-0.0929 Le=-0.359 rA=0.154 rB=0.246 a_out=4 u_out=4 mem=20.970911026000977
p3-rank c023 28/40 L=-0.286 Lq=-0.1038 Le=-0.373 rA=0.148 rB=0.252 a_out=5 u_out=5 mem=20.970911026000977
p3-rank c023 29/40 L=-0.283 Lq=-0.1018 Le=-0.371 rA=0.149 rB=0.251 a_out=5 u_out=5 mem=20.970911026000977
p3-rank c023 30/40 L=-0.266 Lq=-0.0930 Le=-0.355 rA=0.153 rB=0.247 a_out=4 u_out=4 mem=20.970911026000977
p3-rank c023 31/40 L=-0.286 Lq=-0.1062 Le=-0.367 rA=0.147 rB=0.253 a_out=5 u_out=5 mem=20.970911026000977
p3-rank c023 32/40 L=-0.265 Lq=-0.0962 Le=-0.345 rA=0.152 rB=0.248 a_out=4 u_out=4 mem=20.970911026000977
p3-rank c023 33/40 L=-0.298 Lq=-0.1133 Le=-0.377 rA=0.143 rB=0.257 a_out=5 u_out=5 mem=20.970911026000977
p3-rank c023 34/40 L=-0.262 Lq=-0.0972 Le=-0.338 rA=0.151 rB=0.249 a_out=4 u_out=4 mem=20.970911026000977
p3-rank c023 35/40 L=-0.277 Lq=-0.0981 Le=-0.365 rA=0.151 rB=0.249 a_out=4 u_out=4 mem=20.970911026000977
p3-rank c023 36/40 L=-0.292 Lq=-0.1090 Le=-0.374 rA=0.145 rB=0.255 a_out=5 u_out=5 mem=20.970911026000977
p3-rank c023 37/40 L=-0.285 Lq=-0.1049 Le=-0.369 rA=0.148 rB=0.252 a_out=5 u_out=5 mem=20.970911026000977
p3-rank c023 38/40 L=-0.300 Lq=-0.1132 Le=-0.382 rA=0.143 rB=0.257 a_out=5 u_out=5 mem=20.970911026000977
p3-rank c023 39/40 L=-0.281 Lq=-0.1035 Le=-0.363 rA=0.148 rB=0.252 a_out=5 u_out=5 mem=20.970911026000977
p3-rank c023 40/40 L=-0.287 Lq=-0.1060 Le=-0.371 rA=0.147 rB=0.253 a_out=5 u_out=5 mem=20.970911026000977
== p3-rank attack c025 (19/32) ==
p3-rank c025 1/40 L=-0.062 Lq=-0.0179 Le=-0.095 rA=0.191 rB=0.209 a_out=0 u_out=0 mem=20.970911026000977
p3-rank c025 2/40 L=-0.094 Lq=-0.0255 Le=-0.146 rA=0.187 rB=0.213 a_out=1 u_out=1 mem=20.970911026000977
p3-rank c025 3/40 L=-0.084 Lq=-0.0251 Le=-0.124 rA=0.187 rB=0.213 a_out=1 u_out=1 mem=20.970911026000977
p3-rank c025 4/40 L=-0.090 Lq=-0.0317 Le=-0.125 rA=0.184 rB=0.216 a_out=1 u_out=1 mem=20.970911026000977
p3-rank c025 5/40 L=-0.125 Lq=-0.0316 Le=-0.196 rA=0.184 rB=0.216 a_out=1 u_out=1 mem=20.970911026000977
p3-rank c025 6/40 L=-0.108 Lq=-0.0294 Le=-0.165 rA=0.185 rB=0.215 a_out=1 u_out=1 mem=20.970911026000977
p3-rank c025 7/40 L=-0.106 Lq=-0.0227 Le=-0.177 rA=0.189 rB=0.211 a_out=1 u_out=1 mem=20.970911026000977
p3-rank c025 8/40 L=-0.136 Lq=-0.0397 Le=-0.201 rA=0.180 rB=0.220 a_out=2 u_out=2 mem=20.970911026000977
p3-rank c025 9/40 L=-0.162 Lq=-0.0472 Le=-0.238 rA=0.176 rB=0.224 a_out=3 u_out=3 mem=20.970911026000977
p3-rank c025 10/40 L=-0.184 Lq=-0.0571 Le=-0.261 rA=0.171 rB=0.229 a_out=3 u_out=3 mem=20.970911026000977
p3-rank c025 11/40 L=-0.188 Lq=-0.0575 Le=-0.269 rA=0.171 rB=0.229 a_out=3 u_out=3 mem=20.970911026000977
p3-rank c025 12/40 L=-0.202 Lq=-0.0662 Le=-0.281 rA=0.167 rB=0.233 a_out=4 u_out=4 mem=20.970911026000977
p3-rank c025 13/40 L=-0.133 Lq=-0.0436 Le=-0.194 rA=0.178 rB=0.222 a_out=2 u_out=2 mem=20.970911026000977
p3-rank c025 14/40 L=-0.207 Lq=-0.0671 Le=-0.291 rA=0.166 rB=0.234 a_out=4 u_out=4 mem=20.970911026000977
p3-rank c025 15/40 L=-0.190 Lq=-0.0600 Le=-0.270 rA=0.170 rB=0.230 a_out=4 u_out=4 mem=20.970911026000977
p3-rank c025 16/40 L=-0.192 Lq=-0.0618 Le=-0.272 rA=0.169 rB=0.231 a_out=4 u_out=4 mem=20.970911026000977
p3-rank c025 17/40 L=-0.198 Lq=-0.0673 Le=-0.272 rA=0.166 rB=0.234 a_out=4 u_out=4 mem=20.970911026000977
p3-rank c025 18/40 L=-0.207 Lq=-0.0699 Le=-0.284 rA=0.165 rB=0.235 a_out=4 u_out=4 mem=20.970911026000977
p3-rank c025 19/40 L=-0.175 Lq=-0.0502 Le=-0.258 rA=0.175 rB=0.225 a_out=3 u_out=3 mem=20.970911026000977
p3-rank c025 20/40 L=-0.221 Lq=-0.0772 Le=-0.297 rA=0.161 rB=0.239 a_out=5 u_out=5 mem=20.970911026000977
p3-rank c025 21/40 L=-0.228 Lq=-0.0818 Le=-0.304 rA=0.159 rB=0.241 a_out=5 u_out=5 mem=20.970911026000977
p3-rank c025 22/40 L=-0.197 Lq=-0.0621 Le=-0.280 rA=0.169 rB=0.231 a_out=4 u_out=4 mem=20.970911026000977
p3-rank c025 23/40 L=-0.216 Lq=-0.0694 Le=-0.303 rA=0.165 rB=0.235 a_out=4 u_out=4 mem=20.970911026000977
p3-rank c025 24/40 L=-0.247 Lq=-0.0910 Le=-0.326 rA=0.154 rB=0.246 a_out=6 u_out=6 mem=20.970911026000977
p3-rank c025 25/40 L=-0.259 Lq=-0.1000 Le=-0.335 rA=0.150 rB=0.250 a_out=6 u_out=6 mem=20.970911026000977
p3-rank c025 26/40 L=-0.262 Lq=-0.0994 Le=-0.345 rA=0.150 rB=0.250 a_out=6 u_out=6 mem=20.970911026000977
p3-rank c025 27/40 L=-0.247 Lq=-0.0903 Le=-0.332 rA=0.155 rB=0.245 a_out=6 u_out=6 mem=20.970911026000977
p3-rank c025 28/40 L=-0.243 Lq=-0.0853 Le=-0.329 rA=0.157 rB=0.243 a_out=5 u_out=5 mem=20.970911026000977
p3-rank c025 29/40 L=-0.208 Lq=-0.0748 Le=-0.278 rA=0.163 rB=0.237 a_out=5 u_out=5 mem=20.970911026000977
p3-rank c025 30/40 L=-0.189 Lq=-0.0675 Le=-0.254 rA=0.166 rB=0.234 a_out=4 u_out=4 mem=20.970911026000977
p3-rank c025 31/40 L=-0.215 Lq=-0.0757 Le=-0.289 rA=0.162 rB=0.238 a_out=5 u_out=5 mem=20.970911026000977
p3-rank c025 32/40 L=-0.181 Lq=-0.0600 Le=-0.252 rA=0.170 rB=0.230 a_out=4 u_out=4 mem=20.970911026000977
p3-rank c025 33/40 L=-0.202 Lq=-0.0677 Le=-0.278 rA=0.166 rB=0.234 a_out=4 u_out=4 mem=20.970911026000977
p3-rank c025 34/40 L=-0.184 Lq=-0.0609 Le=-0.258 rA=0.170 rB=0.230 a_out=4 u_out=4 mem=20.970911026000977
p3-rank c025 35/40 L=-0.178 Lq=-0.0575 Le=-0.255 rA=0.171 rB=0.229 a_out=3 u_out=3 mem=20.970911026000977
p3-rank c025 36/40 L=-0.169 Lq=-0.0633 Le=-0.224 rA=0.168 rB=0.232 a_out=4 u_out=4 mem=20.970911026000977
p3-rank c025 37/40 L=-0.210 Lq=-0.0734 Le=-0.287 rA=0.163 rB=0.237 a_out=4 u_out=4 mem=20.970911026000977
p3-rank c025 38/40 L=-0.207 Lq=-0.0736 Le=-0.279 rA=0.163 rB=0.237 a_out=5 u_out=5 mem=20.970911026000977
p3-rank c025 39/40 L=-0.209 Lq=-0.0732 Le=-0.285 rA=0.163 rB=0.237 a_out=4 u_out=4 mem=20.970911026000977
p3-rank c025 40/40 L=-0.228 Lq=-0.0816 Le=-0.307 rA=0.159 rB=0.241 a_out=5 u_out=5 mem=20.970911026000977
== p3-rank attack c026 (20/32) ==
p3-rank c026 1/40 L=-0.143 Lq=-0.0469 Le=-0.192 rA=0.177 rB=0.223 a_out=0 u_out=0 mem=20.970911026000977
p3-rank c026 2/40 L=-0.134 Lq=-0.0449 Le=-0.181 rA=0.178 rB=0.222 a_out=0 u_out=0 mem=20.970911026000977
p3-rank c026 3/40 L=-0.228 Lq=-0.0800 Le=-0.299 rA=0.160 rB=0.240 a_out=2 u_out=2 mem=20.970911026000977
p3-rank c026 4/40 L=-0.201 Lq=-0.0667 Le=-0.271 rA=0.167 rB=0.233 a_out=1 u_out=1 mem=20.970911026000977
p3-rank c026 5/40 L=-0.193 Lq=-0.0645 Le=-0.260 rA=0.168 rB=0.232 a_out=1 u_out=1 mem=20.970911026000977
p3-rank c026 6/40 L=-0.220 Lq=-0.0781 Le=-0.288 rA=0.161 rB=0.239 a_out=2 u_out=2 mem=20.970911026000977
p3-rank c026 7/40 L=-0.250 Lq=-0.0892 Le=-0.324 rA=0.155 rB=0.245 a_out=3 u_out=3 mem=20.970911026000977
p3-rank c026 8/40 L=-0.223 Lq=-0.0771 Le=-0.295 rA=0.161 rB=0.239 a_out=2 u_out=2 mem=20.970911026000977
p3-rank c026 9/40 L=-0.217 Lq=-0.0769 Le=-0.284 rA=0.162 rB=0.238 a_out=2 u_out=2 mem=20.970911026000977
p3-rank c026 10/40 L=-0.245 Lq=-0.0888 Le=-0.316 rA=0.156 rB=0.244 a_out=3 u_out=3 mem=20.970911026000977
p3-rank c026 11/40 L=-0.249 Lq=-0.0921 Le=-0.317 rA=0.154 rB=0.246 a_out=3 u_out=3 mem=20.970911026000977
p3-rank c026 12/40 L=-0.260 Lq=-0.0960 Le=-0.332 rA=0.152 rB=0.248 a_out=3 u_out=3 mem=20.970911026000977
p3-rank c026 13/40 L=-0.227 Lq=-0.0823 Le=-0.293 rA=0.159 rB=0.241 a_out=2 u_out=2 mem=20.970911026000977
p3-rank c026 14/40 L=-0.243 Lq=-0.0881 Le=-0.315 rA=0.156 rB=0.244 a_out=3 u_out=3 mem=20.970911026000977
p3-rank c026 15/40 L=-0.240 Lq=-0.0879 Le=-0.309 rA=0.156 rB=0.244 a_out=3 u_out=3 mem=20.970911026000977
p3-rank c026 16/40 L=-0.160 Lq=-0.0558 Le=-0.214 rA=0.172 rB=0.228 a_out=1 u_out=1 mem=20.970911026000977
p3-rank c026 17/40 L=-0.243 Lq=-0.0880 Le=-0.315 rA=0.156 rB=0.244 a_out=3 u_out=3 mem=20.970911026000977
p3-rank c026 18/40 L=-0.227 Lq=-0.0807 Le=-0.298 rA=0.160 rB=0.240 a_out=2 u_out=2 mem=20.970911026000977
p3-rank c026 19/40 L=-0.213 Lq=-0.0762 Le=-0.279 rA=0.162 rB=0.238 a_out=2 u_out=2 mem=20.970911026000977
p3-rank c026 20/40 L=-0.198 Lq=-0.0698 Le=-0.262 rA=0.165 rB=0.235 a_out=2 u_out=2 mem=20.970911026000977
p3-rank c026 21/40 L=-0.205 Lq=-0.0688 Le=-0.278 rA=0.166 rB=0.234 a_out=1 u_out=1 mem=20.970911026000977
p3-rank c026 22/40 L=-0.240 Lq=-0.0854 Le=-0.316 rA=0.157 rB=0.243 a_out=3 u_out=3 mem=20.970911026000977
p3-rank c026 23/40 L=-0.216 Lq=-0.0742 Le=-0.292 rA=0.163 rB=0.237 a_out=2 u_out=2 mem=20.970911026000977
p3-rank c026 24/40 L=-0.229 Lq=-0.0778 Le=-0.308 rA=0.161 rB=0.239 a_out=2 u_out=2 mem=20.970911026000977
p3-rank c026 25/40 L=-0.215 Lq=-0.0735 Le=-0.288 rA=0.163 rB=0.237 a_out=2 u_out=2 mem=20.970911026000977
p3-rank c026 26/40 L=-0.208 Lq=-0.0691 Le=-0.282 rA=0.165 rB=0.235 a_out=1 u_out=1 mem=20.970911026000977
p3-rank c026 27/40 L=-0.245 Lq=-0.0914 Le=-0.313 rA=0.154 rB=0.246 a_out=3 u_out=3 mem=20.970911026000977
p3-rank c026 28/40 L=-0.278 Lq=-0.1089 Le=-0.344 rA=0.146 rB=0.254 a_out=4 u_out=4 mem=20.970911026000977
p3-rank c026 29/40 L=-0.282 Lq=-0.1073 Le=-0.356 rA=0.146 rB=0.254 a_out=4 u_out=4 mem=20.970911026000977
p3-rank c026 30/40 L=-0.309 Lq=-0.1265 Le=-0.371 rA=0.137 rB=0.263 a_out=5 u_out=5 mem=20.970911026000977
p3-rank c026 31/40 L=-0.293 Lq=-0.1144 Le=-0.362 rA=0.143 rB=0.257 a_out=4 u_out=4 mem=20.970911026000977
p3-rank c026 32/40 L=-0.281 Lq=-0.1058 Le=-0.355 rA=0.147 rB=0.253 a_out=4 u_out=4 mem=20.970911026000977
p3-rank c026 33/40 L=-0.273 Lq=-0.1048 Le=-0.343 rA=0.148 rB=0.252 a_out=4 u_out=4 mem=20.970911026000977
p3-rank c026 34/40 L=-0.275 Lq=-0.1054 Le=-0.345 rA=0.147 rB=0.253 a_out=4 u_out=4 mem=20.970911026000977
p3-rank c026 35/40 L=-0.296 Lq=-0.1179 Le=-0.362 rA=0.141 rB=0.259 a_out=5 u_out=5 mem=20.970911026000977
p3-rank c026 36/40 L=-0.302 Lq=-0.1228 Le=-0.364 rA=0.139 rB=0.261 a_out=5 u_out=5 mem=20.970911026000977
p3-rank c026 37/40 L=-0.317 Lq=-0.1292 Le=-0.383 rA=0.135 rB=0.265 a_out=5 u_out=5 mem=20.970911026000977
p3-rank c026 38/40 L=-0.332 Lq=-0.1374 Le=-0.396 rA=0.131 rB=0.269 a_out=6 u_out=6 mem=20.970911026000977
p3-rank c026 39/40 L=-0.328 Lq=-0.1344 Le=-0.394 rA=0.133 rB=0.267 a_out=6 u_out=6 mem=20.970911026000977
p3-rank c026 40/40 L=-0.325 Lq=-0.1318 Le=-0.392 rA=0.134 rB=0.266 a_out=6 u_out=6 mem=20.970911026000977
== p3-rank attack c028 (21/32) ==
p3-rank c028 1/40 L=0.023 Lq=+0.0106 Le=0.018 rA=0.205 rB=0.195 a_out=0 u_out=0 mem=20.970911026000977
p3-rank c028 2/40 L=-0.060 Lq=-0.0200 Le=-0.090 rA=0.190 rB=0.210 a_out=2 u_out=2 mem=20.970911026000977
p3-rank c028 3/40 L=-0.114 Lq=-0.0341 Le=-0.170 rA=0.183 rB=0.217 a_out=3 u_out=3 mem=20.970911026000977
p3-rank c028 4/40 L=-0.140 Lq=-0.0428 Le=-0.205 rA=0.179 rB=0.221 a_out=4 u_out=4 mem=20.970911026000977
p3-rank c028 5/40 L=-0.113 Lq=-0.0303 Le=-0.175 rA=0.185 rB=0.215 a_out=3 u_out=3 mem=20.970911026000977
p3-rank c028 6/40 L=-0.168 Lq=-0.0483 Le=-0.250 rA=0.176 rB=0.224 a_out=4 u_out=4 mem=20.970911026000977
p3-rank c028 7/40 L=-0.164 Lq=-0.0453 Le=-0.247 rA=0.177 rB=0.223 a_out=4 u_out=4 mem=20.970911026000977
p3-rank c028 8/40 L=-0.181 Lq=-0.0573 Le=-0.259 rA=0.171 rB=0.229 a_out=5 u_out=5 mem=20.970911026000977
p3-rank c028 9/40 L=-0.183 Lq=-0.0581 Le=-0.261 rA=0.171 rB=0.229 a_out=5 u_out=5 mem=20.970911026000977
p3-rank c028 10/40 L=-0.195 Lq=-0.0601 Le=-0.280 rA=0.170 rB=0.230 a_out=5 u_out=5 mem=20.970911026000977
p3-rank c028 11/40 L=-0.220 Lq=-0.0712 Le=-0.309 rA=0.164 rB=0.236 a_out=6 u_out=6 mem=20.970911026000977
p3-rank c028 12/40 L=-0.234 Lq=-0.0782 Le=-0.323 rA=0.161 rB=0.239 a_out=6 u_out=6 mem=20.970911026000977
p3-rank c028 13/40 L=-0.229 Lq=-0.0765 Le=-0.316 rA=0.162 rB=0.238 a_out=6 u_out=6 mem=20.970911026000977
p3-rank c028 14/40 L=-0.241 Lq=-0.0840 Le=-0.324 rA=0.158 rB=0.242 a_out=7 u_out=7 mem=20.970911026000977
p3-rank c028 15/40 L=-0.223 Lq=-0.0763 Le=-0.305 rA=0.162 rB=0.238 a_out=6 u_out=6 mem=20.970911026000977
p3-rank c028 16/40 L=-0.243 Lq=-0.0844 Le=-0.329 rA=0.158 rB=0.242 a_out=7 u_out=7 mem=20.970911026000977
p3-rank c028 17/40 L=-0.244 Lq=-0.0849 Le=-0.330 rA=0.158 rB=0.242 a_out=7 u_out=7 mem=20.970911026000977
p3-rank c028 18/40 L=-0.263 Lq=-0.0953 Le=-0.348 rA=0.152 rB=0.248 a_out=7 u_out=7 mem=20.970911026000977
p3-rank c028 19/40 L=-0.274 Lq=-0.1027 Le=-0.354 rA=0.149 rB=0.251 a_out=8 u_out=7 mem=20.970911026000977
p3-rank c028 20/40 L=-0.268 Lq=-0.0989 Le=-0.350 rA=0.151 rB=0.249 a_out=8 u_out=7 mem=20.970911026000977
p3-rank c028 21/40 L=-0.291 Lq=-0.1121 Le=-0.370 rA=0.144 rB=0.256 a_out=9 u_out=7 mem=20.970911026000977
p3-rank c028 22/40 L=-0.292 Lq=-0.1138 Le=-0.369 rA=0.143 rB=0.257 a_out=9 u_out=7 mem=20.970911026000977
p3-rank c028 23/40 L=-0.295 Lq=-0.1162 Le=-0.370 rA=0.142 rB=0.258 a_out=9 u_out=7 mem=20.970911026000977
p3-rank c028 24/40 L=-0.304 Lq=-0.1208 Le=-0.377 rA=0.140 rB=0.260 a_out=9 u_out=7 mem=20.970911026000977
p3-rank c028 25/40 L=-0.317 Lq=-0.1295 Le=-0.386 rA=0.135 rB=0.265 a_out=10 u_out=7 mem=20.970911026000977
p3-rank c028 26/40 L=-0.295 Lq=-0.1182 Le=-0.365 rA=0.141 rB=0.259 a_out=9 u_out=7 mem=20.970911026000977
p3-rank c028 27/40 L=-0.304 Lq=-0.1230 Le=-0.375 rA=0.139 rB=0.261 a_out=9 u_out=7 mem=20.970911026000977
p3-rank c028 28/40 L=-0.305 Lq=-0.1213 Le=-0.378 rA=0.139 rB=0.261 a_out=9 u_out=7 mem=20.970911026000977
p3-rank c028 29/40 L=-0.315 Lq=-0.1283 Le=-0.386 rA=0.136 rB=0.264 a_out=10 u_out=7 mem=20.970911026000977
p3-rank c028 30/40 L=-0.309 Lq=-0.1229 Le=-0.385 rA=0.139 rB=0.261 a_out=9 u_out=7 mem=20.970911026000977
p3-rank c028 31/40 L=-0.322 Lq=-0.1323 Le=-0.392 rA=0.134 rB=0.266 a_out=10 u_out=7 mem=20.970911026000977
p3-rank c028 32/40 L=-0.326 Lq=-0.1348 Le=-0.394 rA=0.133 rB=0.267 a_out=10 u_out=7 mem=20.970911026000977
p3-rank c028 33/40 L=-0.340 Lq=-0.1448 Le=-0.402 rA=0.128 rB=0.272 a_out=11 u_out=7 mem=20.970911026000977
p3-rank c028 34/40 L=-0.338 Lq=-0.1418 Le=-0.404 rA=0.129 rB=0.271 a_out=11 u_out=7 mem=20.970911026000977
p3-rank c028 35/40 L=-0.345 Lq=-0.1476 Le=-0.408 rA=0.126 rB=0.274 a_out=11 u_out=7 mem=20.970911026000977
p3-rank c028 36/40 L=-0.347 Lq=-0.1498 Le=-0.408 rA=0.125 rB=0.275 a_out=11 u_out=7 mem=20.970911026000977
p3-rank c028 37/40 L=-0.348 Lq=-0.1500 Le=-0.409 rA=0.125 rB=0.275 a_out=11 u_out=7 mem=20.970911026000977
p3-rank c028 38/40 L=-0.361 Lq=-0.1586 Le=-0.416 rA=0.121 rB=0.279 a_out=12 u_out=7 mem=20.970911026000977
p3-rank c028 39/40 L=-0.349 Lq=-0.1503 Le=-0.409 rA=0.125 rB=0.275 a_out=11 u_out=7 mem=20.970911026000977
p3-rank c028 40/40 L=-0.350 Lq=-0.1506 Le=-0.410 rA=0.125 rB=0.275 a_out=11 u_out=7 mem=20.970911026000977
== p3-rank attack c029 (22/32) ==
p3-rank c029 1/40 L=-0.196 Lq=-0.0702 Le=-0.258 rA=0.165 rB=0.235 a_out=0 u_out=0 mem=20.970911026000977
p3-rank c029 2/40 L=-0.200 Lq=-0.0736 Le=-0.261 rA=0.163 rB=0.237 a_out=0 u_out=0 mem=20.970911026000977
p3-rank c029 3/40 L=-0.226 Lq=-0.0812 Le=-0.297 rA=0.159 rB=0.241 a_out=1 u_out=1 mem=20.970911026000977
p3-rank c029 4/40 L=-0.211 Lq=-0.0725 Le=-0.287 rA=0.164 rB=0.236 a_out=0 u_out=0 mem=20.970911026000977
p3-rank c029 5/40 L=-0.224 Lq=-0.0799 Le=-0.295 rA=0.160 rB=0.240 a_out=1 u_out=1 mem=20.970911026000977
p3-rank c029 6/40 L=-0.205 Lq=-0.0708 Le=-0.277 rA=0.165 rB=0.235 a_out=0 u_out=0 mem=20.970911026000977
p3-rank c029 7/40 L=-0.215 Lq=-0.0770 Le=-0.283 rA=0.161 rB=0.239 a_out=1 u_out=1 mem=20.970911026000977
p3-rank c029 8/40 L=-0.241 Lq=-0.0849 Le=-0.321 rA=0.158 rB=0.242 a_out=1 u_out=1 mem=20.970911026000977
p3-rank c029 9/40 L=-0.262 Lq=-0.0999 Le=-0.333 rA=0.150 rB=0.250 a_out=2 u_out=2 mem=20.970911026000977
p3-rank c029 10/40 L=-0.230 Lq=-0.0814 Le=-0.307 rA=0.159 rB=0.241 a_out=1 u_out=1 mem=20.970911026000977
p3-rank c029 11/40 L=-0.222 Lq=-0.0804 Le=-0.291 rA=0.160 rB=0.240 a_out=1 u_out=1 mem=20.970911026000977
p3-rank c029 12/40 L=-0.264 Lq=-0.1000 Le=-0.338 rA=0.150 rB=0.250 a_out=2 u_out=2 mem=20.970911026000977
p3-rank c029 13/40 L=-0.250 Lq=-0.0929 Le=-0.324 rA=0.154 rB=0.246 a_out=2 u_out=2 mem=20.970911026000977
p3-rank c029 14/40 L=-0.227 Lq=-0.0780 Le=-0.311 rA=0.161 rB=0.239 a_out=1 u_out=1 mem=20.970911026000977
p3-rank c029 15/40 L=-0.265 Lq=-0.1005 Le=-0.344 rA=0.150 rB=0.250 a_out=2 u_out=2 mem=20.970911026000977
p3-rank c029 16/40 L=-0.263 Lq=-0.0962 Le=-0.346 rA=0.152 rB=0.248 a_out=2 u_out=2 mem=20.970911026000977
p3-rank c029 17/40 L=-0.303 Lq=-0.1209 Le=-0.379 rA=0.140 rB=0.260 a_out=4 u_out=4 mem=20.970911026000977
p3-rank c029 18/40 L=-0.276 Lq=-0.1035 Le=-0.358 rA=0.148 rB=0.252 a_out=3 u_out=3 mem=20.970911026000977
p3-rank c029 19/40 L=-0.290 Lq=-0.1111 Le=-0.369 rA=0.144 rB=0.256 a_out=3 u_out=3 mem=20.970911026000977
p3-rank c029 20/40 L=-0.277 Lq=-0.1055 Le=-0.353 rA=0.147 rB=0.253 a_out=3 u_out=3 mem=20.970911026000977
p3-rank c029 21/40 L=-0.277 Lq=-0.1054 Le=-0.355 rA=0.147 rB=0.253 a_out=3 u_out=3 mem=20.970911026000977
p3-rank c029 22/40 L=-0.278 Lq=-0.1058 Le=-0.357 rA=0.147 rB=0.253 a_out=3 u_out=3 mem=20.970911026000977
p3-rank c029 23/40 L=-0.297 Lq=-0.1163 Le=-0.374 rA=0.142 rB=0.258 a_out=4 u_out=4 mem=20.970911026000977
p3-rank c029 24/40 L=-0.279 Lq=-0.1052 Le=-0.359 rA=0.147 rB=0.253 a_out=3 u_out=3 mem=20.970911026000977
p3-rank c029 25/40 L=-0.294 Lq=-0.1148 Le=-0.371 rA=0.143 rB=0.257 a_out=3 u_out=3 mem=20.970911026000977
p3-rank c029 26/40 L=-0.295 Lq=-0.1150 Le=-0.371 rA=0.143 rB=0.257 a_out=3 u_out=3 mem=20.970911026000977
p3-rank c029 27/40 L=-0.279 Lq=-0.1076 Le=-0.354 rA=0.146 rB=0.254 a_out=3 u_out=3 mem=20.970911026000977
p3-rank c029 28/40 L=-0.289 Lq=-0.1132 Le=-0.363 rA=0.143 rB=0.257 a_out=3 u_out=3 mem=20.970911026000977
p3-rank c029 29/40 L=-0.275 Lq=-0.1083 Le=-0.344 rA=0.146 rB=0.254 a_out=3 u_out=3 mem=20.970911026000977
p3-rank c029 30/40 L=-0.304 Lq=-0.1216 Le=-0.379 rA=0.139 rB=0.261 a_out=4 u_out=4 mem=20.970911026000977
p3-rank c029 31/40 L=-0.308 Lq=-0.1233 Le=-0.380 rA=0.138 rB=0.262 a_out=4 u_out=4 mem=20.970911026000977
p3-rank c029 32/40 L=-0.307 Lq=-0.1229 Le=-0.381 rA=0.139 rB=0.261 a_out=4 u_out=4 mem=20.970911026000977
p3-rank c029 33/40 L=-0.290 Lq=-0.1132 Le=-0.365 rA=0.143 rB=0.257 a_out=3 u_out=3 mem=20.970911026000977
p3-rank c029 34/40 L=-0.302 Lq=-0.1210 Le=-0.373 rA=0.140 rB=0.260 a_out=4 u_out=4 mem=20.970911026000977
p3-rank c029 35/40 L=-0.298 Lq=-0.1186 Le=-0.368 rA=0.141 rB=0.259 a_out=4 u_out=4 mem=20.970911026000977
p3-rank c029 36/40 L=-0.281 Lq=-0.1079 Le=-0.358 rA=0.146 rB=0.254 a_out=3 u_out=3 mem=20.970911026000977
p3-rank c029 37/40 L=-0.315 Lq=-0.1276 Le=-0.386 rA=0.136 rB=0.264 a_out=4 u_out=4 mem=20.970911026000977
p3-rank c029 38/40 L=-0.293 Lq=-0.1131 Le=-0.371 rA=0.143 rB=0.257 a_out=3 u_out=3 mem=20.970911026000977
p3-rank c029 39/40 L=-0.297 Lq=-0.1184 Le=-0.370 rA=0.141 rB=0.259 a_out=4 u_out=4 mem=20.970911026000977
p3-rank c029 40/40 L=-0.318 Lq=-0.1314 Le=-0.386 rA=0.134 rB=0.266 a_out=5 u_out=5 mem=20.970911026000977
== p3-rank attack c030 (23/32) ==
p3-rank c030 1/40 L=-0.069 Lq=-0.0119 Le=-0.121 rA=0.194 rB=0.206 a_out=0 u_out=0 mem=20.970911026000977
p3-rank c030 2/40 L=-0.170 Lq=-0.0531 Le=-0.241 rA=0.173 rB=0.227 a_out=2 u_out=2 mem=20.970911026000977
p3-rank c030 3/40 L=-0.190 Lq=-0.0526 Le=-0.282 rA=0.174 rB=0.226 a_out=2 u_out=2 mem=20.970911026000977
p3-rank c030 4/40 L=-0.219 Lq=-0.0690 Le=-0.308 rA=0.165 rB=0.235 a_out=3 u_out=3 mem=20.970911026000977
p3-rank c030 5/40 L=-0.237 Lq=-0.0753 Le=-0.331 rA=0.162 rB=0.238 a_out=4 u_out=4 mem=20.970911026000977
p3-rank c030 6/40 L=-0.262 Lq=-0.0899 Le=-0.353 rA=0.155 rB=0.245 a_out=5 u_out=5 mem=20.970911026000977
p3-rank c030 7/40 L=-0.279 Lq=-0.0987 Le=-0.369 rA=0.151 rB=0.249 a_out=5 u_out=5 mem=20.970911026000977
p3-rank c030 8/40 L=-0.276 Lq=-0.0985 Le=-0.364 rA=0.151 rB=0.249 a_out=5 u_out=5 mem=20.970911026000977
p3-rank c030 9/40 L=-0.295 Lq=-0.1099 Le=-0.379 rA=0.145 rB=0.255 a_out=6 u_out=6 mem=20.970911026000977
p3-rank c030 10/40 L=-0.313 Lq=-0.1194 Le=-0.397 rA=0.140 rB=0.260 a_out=7 u_out=7 mem=20.970911026000977
p3-rank c030 11/40 L=-0.318 Lq=-0.1225 Le=-0.399 rA=0.139 rB=0.261 a_out=7 u_out=7 mem=20.970911026000977
p3-rank c030 12/40 L=-0.327 Lq=-0.1289 Le=-0.405 rA=0.136 rB=0.264 a_out=7 u_out=7 mem=20.970911026000977
p3-rank c030 13/40 L=-0.326 Lq=-0.1287 Le=-0.403 rA=0.136 rB=0.264 a_out=7 u_out=7 mem=20.970911026000977
p3-rank c030 14/40 L=-0.348 Lq=-0.1411 Le=-0.423 rA=0.129 rB=0.271 a_out=8 u_out=8 mem=20.970911026000977
p3-rank c030 15/40 L=-0.345 Lq=-0.1403 Le=-0.419 rA=0.130 rB=0.270 a_out=8 u_out=8 mem=20.970911026000977
p3-rank c030 16/40 L=-0.343 Lq=-0.1391 Le=-0.417 rA=0.130 rB=0.270 a_out=8 u_out=8 mem=20.970911026000977
p3-rank c030 17/40 L=-0.355 Lq=-0.1469 Le=-0.424 rA=0.127 rB=0.273 a_out=9 u_out=9 mem=20.970911026000977
p3-rank c030 18/40 L=-0.369 Lq=-0.1552 Le=-0.436 rA=0.122 rB=0.278 a_out=9 u_out=9 mem=20.970911026000977
p3-rank c030 19/40 L=-0.376 Lq=-0.1606 Le=-0.440 rA=0.120 rB=0.280 a_out=9 u_out=9 mem=20.970911026000977
p3-rank c030 20/40 L=-0.391 Lq=-0.1707 Le=-0.449 rA=0.115 rB=0.285 a_out=10 u_out=10 mem=20.970911026000977
p3-rank c030 21/40 L=-0.379 Lq=-0.1624 Le=-0.443 rA=0.119 rB=0.281 a_out=10 u_out=10 mem=20.970911026000977
p3-rank c030 22/40 L=-0.389 Lq=-0.1703 Le=-0.446 rA=0.115 rB=0.285 a_out=10 u_out=10 mem=20.970911026000977
p3-rank c030 23/40 L=-0.403 Lq=-0.1803 Le=-0.456 rA=0.110 rB=0.290 a_out=11 u_out=10 mem=20.970911026000977
p3-rank c030 24/40 L=-0.411 Lq=-0.1857 Le=-0.460 rA=0.107 rB=0.293 a_out=11 u_out=10 mem=20.970911026000977
p3-rank c030 25/40 L=-0.412 Lq=-0.1856 Le=-0.461 rA=0.107 rB=0.293 a_out=11 u_out=10 mem=20.970911026000977
p3-rank c030 26/40 L=-0.411 Lq=-0.1850 Le=-0.461 rA=0.107 rB=0.293 a_out=11 u_out=10 mem=20.970911026000977
p3-rank c030 27/40 L=-0.421 Lq=-0.1931 Le=-0.466 rA=0.103 rB=0.297 a_out=12 u_out=10 mem=20.970911026000977
p3-rank c030 28/40 L=-0.433 Lq=-0.2016 Le=-0.472 rA=0.099 rB=0.301 a_out=12 u_out=10 mem=20.970911026000977
p3-rank c030 29/40 L=-0.430 Lq=-0.1993 Le=-0.471 rA=0.100 rB=0.300 a_out=12 u_out=10 mem=20.970911026000977
p3-rank c030 30/40 L=-0.447 Lq=-0.2120 Le=-0.479 rA=0.094 rB=0.306 a_out=13 u_out=10 mem=20.970911026000977
p3-rank c030 31/40 L=-0.445 Lq=-0.2114 Le=-0.477 rA=0.094 rB=0.306 a_out=13 u_out=10 mem=20.970911026000977
p3-rank c030 32/40 L=-0.459 Lq=-0.2219 Le=-0.484 rA=0.089 rB=0.311 a_out=13 u_out=10 mem=20.970911026000977
p3-rank c030 33/40 L=-0.460 Lq=-0.2224 Le=-0.484 rA=0.089 rB=0.311 a_out=13 u_out=10 mem=20.970911026000977
p3-rank c030 34/40 L=-0.460 Lq=-0.2230 Le=-0.484 rA=0.088 rB=0.312 a_out=13 u_out=10 mem=20.970911026000977
p3-rank c030 35/40 L=-0.463 Lq=-0.2261 Le=-0.484 rA=0.087 rB=0.313 a_out=14 u_out=10 mem=20.970911026000977
p3-rank c030 36/40 L=-0.464 Lq=-0.2261 Le=-0.485 rA=0.087 rB=0.313 a_out=14 u_out=10 mem=20.970911026000977
p3-rank c030 37/40 L=-0.470 Lq=-0.2314 Le=-0.488 rA=0.084 rB=0.316 a_out=14 u_out=10 mem=20.970911026000977
p3-rank c030 38/40 L=-0.469 Lq=-0.2301 Le=-0.488 rA=0.085 rB=0.315 a_out=14 u_out=10 mem=20.970911026000977
p3-rank c030 39/40 L=-0.485 Lq=-0.2426 Le=-0.495 rA=0.079 rB=0.321 a_out=15 u_out=10 mem=20.970911026000977
p3-rank c030 40/40 L=-0.485 Lq=-0.2424 Le=-0.495 rA=0.079 rB=0.321 a_out=15 u_out=10 mem=20.970911026000977
== p3-rank attack c031 (24/32) ==
p3-rank c031 1/40 L=0.092 Lq=-0.0472 Le=0.270 rA=0.176 rB=0.224 a_out=0 u_out=0 mem=20.970911026000977
p3-rank c031 2/40 L=0.119 Lq=-0.0544 Le=0.339 rA=0.173 rB=0.227 a_out=0 u_out=0 mem=20.970911026000977
p3-rank c031 3/40 L=0.032 Lq=-0.0608 Le=0.177 rA=0.170 rB=0.230 a_out=1 u_out=0 mem=20.970911026000977
p3-rank c031 4/40 L=0.144 Lq=-0.0596 Le=0.399 rA=0.170 rB=0.230 a_out=1 u_out=0 mem=20.970911026000977
p3-rank c031 5/40 L=0.026 Lq=-0.0648 Le=0.172 rA=0.168 rB=0.232 a_out=1 u_out=0 mem=20.970911026000977
p3-rank c031 6/40 L=0.007 Lq=-0.0654 Le=0.136 rA=0.167 rB=0.233 a_out=1 u_out=0 mem=20.970911026000977
p3-rank c031 7/40 L=0.004 Lq=-0.0720 Le=0.143 rA=0.164 rB=0.236 a_out=1 u_out=0 mem=20.970911026000977
p3-rank c031 8/40 L=-0.049 Lq=-0.0757 Le=0.045 rA=0.162 rB=0.238 a_out=2 u_out=0 mem=20.970911026000977
p3-rank c031 9/40 L=0.012 Lq=-0.0733 Le=0.161 rA=0.163 rB=0.237 a_out=1 u_out=0 mem=20.970911026000977
p3-rank c031 10/40 L=-0.061 Lq=-0.0702 Le=0.009 rA=0.165 rB=0.235 a_out=1 u_out=0 mem=20.970911026000977
p3-rank c031 11/40 L=-0.011 Lq=-0.0657 Le=0.098 rA=0.167 rB=0.233 a_out=1 u_out=0 mem=20.970911026000977
p3-rank c031 12/40 L=-0.107 Lq=-0.0806 Le=-0.066 rA=0.160 rB=0.240 a_out=2 u_out=0 mem=20.970911026000977
p3-rank c031 13/40 L=-0.089 Lq=-0.0751 Le=-0.040 rA=0.162 rB=0.238 a_out=2 u_out=0 mem=20.970911026000977
p3-rank c031 14/40 L=-0.056 Lq=-0.0708 Le=0.013 rA=0.165 rB=0.235 a_out=1 u_out=0 mem=20.970911026000977
p3-rank c031 15/40 L=-0.069 Lq=-0.0708 Le=-0.010 rA=0.165 rB=0.235 a_out=1 u_out=0 mem=20.970911026000977
p3-rank c031 16/40 L=-0.058 Lq=-0.0683 Le=0.007 rA=0.166 rB=0.234 a_out=1 u_out=0 mem=20.970911026000977
p3-rank c031 17/40 L=-0.090 Lq=-0.0781 Le=-0.038 rA=0.161 rB=0.239 a_out=2 u_out=0 mem=20.970911026000977
p3-rank c031 18/40 L=-0.145 Lq=-0.0898 Le=-0.125 rA=0.155 rB=0.245 a_out=2 u_out=0 mem=20.970911026000977
p3-rank c031 19/40 L=-0.125 Lq=-0.0790 Le=-0.106 rA=0.160 rB=0.240 a_out=2 u_out=0 mem=20.970911026000977
p3-rank c031 20/40 L=-0.125 Lq=-0.0774 Le=-0.109 rA=0.161 rB=0.239 a_out=2 u_out=0 mem=20.970911026000977
p3-rank c031 21/40 L=-0.139 Lq=-0.0769 Le=-0.138 rA=0.162 rB=0.238 a_out=2 u_out=0 mem=20.970911026000977
p3-rank c031 22/40 L=-0.107 Lq=-0.0739 Le=-0.082 rA=0.163 rB=0.237 a_out=1 u_out=0 mem=20.970911026000977
p3-rank c031 23/40 L=-0.138 Lq=-0.0804 Le=-0.130 rA=0.160 rB=0.240 a_out=2 u_out=0 mem=20.970911026000977
p3-rank c031 24/40 L=-0.122 Lq=-0.0764 Le=-0.106 rA=0.162 rB=0.238 a_out=2 u_out=0 mem=20.970911026000977
p3-rank c031 25/40 L=-0.166 Lq=-0.0941 Le=-0.158 rA=0.153 rB=0.247 a_out=3 u_out=0 mem=20.970911026000977
p3-rank c031 26/40 L=-0.125 Lq=-0.0720 Le=-0.120 rA=0.164 rB=0.236 a_out=1 u_out=0 mem=20.970911026000977
p3-rank c031 27/40 L=-0.152 Lq=-0.0843 Le=-0.149 rA=0.158 rB=0.242 a_out=2 u_out=0 mem=20.970911026000977
p3-rank c031 28/40 L=-0.174 Lq=-0.0913 Le=-0.180 rA=0.154 rB=0.246 a_out=3 u_out=0 mem=20.970911026000977
p3-rank c031 29/40 L=-0.150 Lq=-0.0873 Le=-0.140 rA=0.156 rB=0.244 a_out=2 u_out=0 mem=20.970911026000977
p3-rank c031 30/40 L=-0.165 Lq=-0.0993 Le=-0.147 rA=0.150 rB=0.250 a_out=3 u_out=0 mem=20.970911026000977
p3-rank c031 31/40 L=-0.182 Lq=-0.0948 Le=-0.190 rA=0.153 rB=0.247 a_out=3 u_out=0 mem=20.970911026000977
p3-rank c031 32/40 L=-0.180 Lq=-0.1032 Le=-0.167 rA=0.148 rB=0.252 a_out=3 u_out=0 mem=20.970911026000977
p3-rank c031 33/40 L=-0.172 Lq=-0.0961 Le=-0.167 rA=0.152 rB=0.248 a_out=3 u_out=0 mem=20.970911026000977
p3-rank c031 34/40 L=-0.157 Lq=-0.0912 Le=-0.145 rA=0.154 rB=0.246 a_out=3 u_out=0 mem=20.970911026000977
p3-rank c031 35/40 L=-0.151 Lq=-0.0835 Le=-0.151 rA=0.158 rB=0.242 a_out=2 u_out=0 mem=20.970911026000977
p3-rank c031 36/40 L=-0.145 Lq=-0.0932 Le=-0.119 rA=0.153 rB=0.247 a_out=3 u_out=0 mem=20.970911026000977
p3-rank c031 37/40 L=-0.146 Lq=-0.0907 Le=-0.127 rA=0.155 rB=0.245 a_out=3 u_out=0 mem=20.970911026000977
p3-rank c031 38/40 L=-0.123 Lq=-0.0863 Le=-0.087 rA=0.157 rB=0.243 a_out=2 u_out=0 mem=20.970911026000977
p3-rank c031 39/40 L=-0.153 Lq=-0.0963 Le=-0.128 rA=0.152 rB=0.248 a_out=3 u_out=0 mem=20.970911026000977
p3-rank c031 40/40 L=-0.143 Lq=-0.0890 Le=-0.123 rA=0.155 rB=0.245 a_out=2 u_out=0 mem=20.970911026000977
== p3-rank attack c032 (25/32) ==
p3-rank c032 1/40 L=-0.081 Lq=-0.0397 Le=-0.088 rA=0.180 rB=0.220 a_out=0 u_out=0 mem=20.970911026000977
p3-rank c032 2/40 L=-0.068 Lq=-0.0324 Le=-0.077 rA=0.184 rB=0.216 a_out=0 u_out=0 mem=20.970911026000977
p3-rank c032 3/40 L=-0.054 Lq=-0.0380 Le=-0.036 rA=0.181 rB=0.219 a_out=0 u_out=0 mem=20.970911026000977
p3-rank c032 4/40 L=-0.151 Lq=-0.0640 Le=-0.182 rA=0.168 rB=0.232 a_out=1 u_out=1 mem=20.970911026000977
p3-rank c032 5/40 L=-0.159 Lq=-0.0735 Le=-0.179 rA=0.163 rB=0.237 a_out=2 u_out=2 mem=20.970911026000977
p3-rank c032 6/40 L=-0.204 Lq=-0.0896 Le=-0.236 rA=0.155 rB=0.245 a_out=3 u_out=3 mem=20.970911026000977
p3-rank c032 7/40 L=-0.201 Lq=-0.0893 Le=-0.231 rA=0.155 rB=0.245 a_out=3 u_out=3 mem=20.970911026000977
p3-rank c032 8/40 L=-0.197 Lq=-0.0830 Le=-0.236 rA=0.158 rB=0.242 a_out=2 u_out=2 mem=20.970911026000977
p3-rank c032 9/40 L=-0.219 Lq=-0.0985 Le=-0.248 rA=0.151 rB=0.249 a_out=3 u_out=3 mem=20.970911026000977
p3-rank c032 10/40 L=-0.228 Lq=-0.0978 Le=-0.268 rA=0.151 rB=0.249 a_out=3 u_out=3 mem=20.970911026000977
p3-rank c032 11/40 L=-0.231 Lq=-0.0971 Le=-0.276 rA=0.151 rB=0.249 a_out=3 u_out=3 mem=20.970911026000977
p3-rank c032 12/40 L=-0.246 Lq=-0.1079 Le=-0.285 rA=0.146 rB=0.254 a_out=4 u_out=4 mem=20.970911026000977
p3-rank c032 13/40 L=-0.225 Lq=-0.0975 Le=-0.263 rA=0.151 rB=0.249 a_out=3 u_out=3 mem=20.970911026000977
p3-rank c032 14/40 L=-0.243 Lq=-0.1029 Le=-0.289 rA=0.149 rB=0.251 a_out=4 u_out=4 mem=20.970911026000977
p3-rank c032 15/40 L=-0.262 Lq=-0.1147 Le=-0.304 rA=0.143 rB=0.257 a_out=4 u_out=4 mem=20.970911026000977
p3-rank c032 16/40 L=-0.258 Lq=-0.1110 Le=-0.304 rA=0.145 rB=0.255 a_out=4 u_out=4 mem=20.970911026000977
p3-rank c032 17/40 L=-0.255 Lq=-0.1085 Le=-0.302 rA=0.146 rB=0.254 a_out=4 u_out=4 mem=20.970911026000977
p3-rank c032 18/40 L=-0.250 Lq=-0.1051 Le=-0.299 rA=0.147 rB=0.253 a_out=4 u_out=4 mem=20.970911026000977
p3-rank c032 19/40 L=-0.254 Lq=-0.1076 Le=-0.302 rA=0.146 rB=0.254 a_out=4 u_out=4 mem=20.970911026000977
p3-rank c032 20/40 L=-0.267 Lq=-0.1159 Le=-0.311 rA=0.142 rB=0.258 a_out=5 u_out=5 mem=20.970911026000977
p3-rank c032 21/40 L=-0.279 Lq=-0.1226 Le=-0.322 rA=0.139 rB=0.261 a_out=5 u_out=5 mem=20.970911026000977
p3-rank c032 22/40 L=-0.277 Lq=-0.1235 Le=-0.317 rA=0.138 rB=0.262 a_out=5 u_out=5 mem=20.970911026000977
p3-rank c032 23/40 L=-0.280 Lq=-0.1243 Le=-0.321 rA=0.138 rB=0.262 a_out=5 u_out=5 mem=20.970911026000977
p3-rank c032 24/40 L=-0.295 Lq=-0.1327 Le=-0.334 rA=0.134 rB=0.266 a_out=6 u_out=6 mem=20.970911026000977
p3-rank c032 25/40 L=-0.300 Lq=-0.1359 Le=-0.337 rA=0.132 rB=0.268 a_out=6 u_out=6 mem=20.970911026000977
p3-rank c032 26/40 L=-0.313 Lq=-0.1446 Le=-0.347 rA=0.128 rB=0.272 a_out=6 u_out=6 mem=20.970911026000977
p3-rank c032 27/40 L=-0.343 Lq=-0.1634 Le=-0.370 rA=0.118 rB=0.282 a_out=8 u_out=8 mem=20.970911026000977
p3-rank c032 28/40 L=-0.345 Lq=-0.1647 Le=-0.371 rA=0.118 rB=0.282 a_out=8 u_out=8 mem=20.970911026000977
p3-rank c032 29/40 L=-0.338 Lq=-0.1583 Le=-0.369 rA=0.121 rB=0.279 a_out=7 u_out=7 mem=20.970911026000977
p3-rank c032 30/40 L=-0.351 Lq=-0.1666 Le=-0.380 rA=0.117 rB=0.283 a_out=8 u_out=8 mem=20.970911026000977
p3-rank c032 31/40 L=-0.352 Lq=-0.1666 Le=-0.380 rA=0.117 rB=0.283 a_out=8 u_out=8 mem=20.970911026000977
p3-rank c032 32/40 L=-0.351 Lq=-0.1664 Le=-0.379 rA=0.117 rB=0.283 a_out=8 u_out=8 mem=20.970911026000977
p3-rank c032 33/40 L=-0.344 Lq=-0.1618 Le=-0.375 rA=0.119 rB=0.281 a_out=8 u_out=8 mem=20.970911026000977
p3-rank c032 34/40 L=-0.333 Lq=-0.1538 Le=-0.367 rA=0.123 rB=0.277 a_out=7 u_out=7 mem=20.970911026000977
p3-rank c032 35/40 L=-0.366 Lq=-0.1767 Le=-0.389 rA=0.112 rB=0.288 a_out=8 u_out=8 mem=20.970911026000977
p3-rank c032 36/40 L=-0.357 Lq=-0.1710 Le=-0.382 rA=0.114 rB=0.286 a_out=8 u_out=8 mem=20.970911026000977
p3-rank c032 37/40 L=-0.355 Lq=-0.1682 Le=-0.384 rA=0.116 rB=0.284 a_out=8 u_out=8 mem=20.970911026000977
p3-rank c032 38/40 L=-0.377 Lq=-0.1836 Le=-0.396 rA=0.108 rB=0.292 a_out=9 u_out=9 mem=20.970911026000977
p3-rank c032 39/40 L=-0.382 Lq=-0.1873 Le=-0.400 rA=0.106 rB=0.294 a_out=9 u_out=9 mem=20.970911026000977
p3-rank c032 40/40 L=-0.363 Lq=-0.1761 Le=-0.384 rA=0.112 rB=0.288 a_out=8 u_out=8 mem=20.970911026000977
== p3-rank attack c033 (26/32) ==
p3-rank c033 1/40 L=-0.081 Lq=-0.0169 Le=-0.132 rA=0.192 rB=0.208 a_out=0 u_out=0 mem=20.970911026000977
p3-rank c033 2/40 L=-0.030 Lq=-0.0109 Le=-0.044 rA=0.195 rB=0.205 a_out=0 u_out=0 mem=20.970911026000977
p3-rank c033 3/40 L=-0.151 Lq=-0.0386 Le=-0.232 rA=0.181 rB=0.219 a_out=2 u_out=2 mem=20.970911026000977
p3-rank c033 4/40 L=-0.150 Lq=-0.0418 Le=-0.223 rA=0.179 rB=0.221 a_out=2 u_out=2 mem=20.970911026000977
p3-rank c033 5/40 L=-0.182 Lq=-0.0577 Le=-0.256 rA=0.171 rB=0.229 a_out=3 u_out=3 mem=20.970911026000977
p3-rank c033 6/40 L=-0.170 Lq=-0.0502 Le=-0.246 rA=0.175 rB=0.225 a_out=2 u_out=2 mem=20.970911026000977
p3-rank c033 7/40 L=-0.182 Lq=-0.0556 Le=-0.260 rA=0.172 rB=0.228 a_out=3 u_out=3 mem=20.970911026000977
p3-rank c033 8/40 L=-0.204 Lq=-0.0687 Le=-0.278 rA=0.166 rB=0.234 a_out=3 u_out=3 mem=20.970911026000977
p3-rank c033 9/40 L=-0.209 Lq=-0.0693 Le=-0.288 rA=0.165 rB=0.235 a_out=4 u_out=4 mem=20.970911026000977
p3-rank c033 10/40 L=-0.225 Lq=-0.0744 Le=-0.311 rA=0.163 rB=0.237 a_out=4 u_out=4 mem=20.970911026000977
p3-rank c033 11/40 L=-0.215 Lq=-0.0717 Le=-0.295 rA=0.164 rB=0.236 a_out=4 u_out=4 mem=20.970911026000977
p3-rank c033 12/40 L=-0.237 Lq=-0.0807 Le=-0.321 rA=0.160 rB=0.240 a_out=4 u_out=4 mem=20.970911026000977
p3-rank c033 13/40 L=-0.242 Lq=-0.0834 Le=-0.325 rA=0.158 rB=0.242 a_out=4 u_out=4 mem=20.970911026000977
p3-rank c033 14/40 L=-0.204 Lq=-0.0663 Le=-0.284 rA=0.167 rB=0.233 a_out=3 u_out=3 mem=20.970911026000977
p3-rank c033 15/40 L=-0.233 Lq=-0.0788 Le=-0.317 rA=0.161 rB=0.239 a_out=4 u_out=4 mem=20.970911026000977
p3-rank c033 16/40 L=-0.232 Lq=-0.0796 Le=-0.312 rA=0.160 rB=0.240 a_out=4 u_out=4 mem=20.970911026000977
p3-rank c033 17/40 L=-0.270 Lq=-0.0983 Le=-0.353 rA=0.151 rB=0.249 a_out=5 u_out=5 mem=20.970911026000977
p3-rank c033 18/40 L=-0.201 Lq=-0.0661 Le=-0.276 rA=0.167 rB=0.233 a_out=3 u_out=3 mem=20.970911026000977
p3-rank c033 19/40 L=-0.241 Lq=-0.0823 Le=-0.324 rA=0.159 rB=0.241 a_out=4 u_out=4 mem=20.970911026000977
p3-rank c033 20/40 L=-0.208 Lq=-0.0665 Le=-0.291 rA=0.167 rB=0.233 a_out=3 u_out=3 mem=20.970911026000977
p3-rank c033 21/40 L=-0.242 Lq=-0.0829 Le=-0.326 rA=0.159 rB=0.241 a_out=4 u_out=4 mem=20.970911026000977
p3-rank c033 22/40 L=-0.250 Lq=-0.0833 Le=-0.342 rA=0.158 rB=0.242 a_out=4 u_out=4 mem=20.970911026000977
p3-rank c033 23/40 L=-0.250 Lq=-0.0871 Le=-0.336 rA=0.156 rB=0.244 a_out=5 u_out=5 mem=20.970911026000977
p3-rank c033 24/40 L=-0.238 Lq=-0.0816 Le=-0.321 rA=0.159 rB=0.241 a_out=4 u_out=4 mem=20.970911026000977
p3-rank c033 25/40 L=-0.250 Lq=-0.0902 Le=-0.329 rA=0.155 rB=0.245 a_out=5 u_out=5 mem=20.970911026000977
p3-rank c033 26/40 L=-0.258 Lq=-0.0919 Le=-0.342 rA=0.154 rB=0.246 a_out=5 u_out=5 mem=20.970911026000977
p3-rank c033 27/40 L=-0.255 Lq=-0.0892 Le=-0.341 rA=0.155 rB=0.245 a_out=5 u_out=5 mem=20.970911026000977
p3-rank c033 28/40 L=-0.260 Lq=-0.0927 Le=-0.343 rA=0.154 rB=0.246 a_out=5 u_out=5 mem=20.970911026000977
p3-rank c033 29/40 L=-0.258 Lq=-0.0927 Le=-0.338 rA=0.154 rB=0.246 a_out=5 u_out=5 mem=20.970911026000977
p3-rank c033 30/40 L=-0.259 Lq=-0.0931 Le=-0.342 rA=0.153 rB=0.247 a_out=5 u_out=5 mem=20.970911026000977
p3-rank c033 31/40 L=-0.254 Lq=-0.0913 Le=-0.335 rA=0.154 rB=0.246 a_out=5 u_out=5 mem=20.970911026000977
p3-rank c033 32/40 L=-0.280 Lq=-0.1045 Le=-0.360 rA=0.148 rB=0.252 a_out=6 u_out=6 mem=20.970911026000977
p3-rank c033 33/40 L=-0.256 Lq=-0.0910 Le=-0.339 rA=0.154 rB=0.246 a_out=5 u_out=5 mem=20.970911026000977
p3-rank c033 34/40 L=-0.253 Lq=-0.0906 Le=-0.336 rA=0.155 rB=0.245 a_out=5 u_out=5 mem=20.970911026000977
p3-rank c033 35/40 L=-0.273 Lq=-0.1021 Le=-0.351 rA=0.149 rB=0.251 a_out=6 u_out=6 mem=20.970911026000977
p3-rank c033 36/40 L=-0.280 Lq=-0.1031 Le=-0.364 rA=0.148 rB=0.252 a_out=6 u_out=6 mem=20.970911026000977
p3-rank c033 37/40 L=-0.281 Lq=-0.1059 Le=-0.360 rA=0.147 rB=0.253 a_out=6 u_out=6 mem=20.970911026000977
p3-rank c033 38/40 L=-0.287 Lq=-0.1106 Le=-0.364 rA=0.145 rB=0.255 a_out=6 u_out=6 mem=20.970911026000977
p3-rank c033 39/40 L=-0.298 Lq=-0.1153 Le=-0.376 rA=0.142 rB=0.258 a_out=6 u_out=6 mem=20.970911026000977
p3-rank c033 40/40 L=-0.298 Lq=-0.1156 Le=-0.376 rA=0.142 rB=0.258 a_out=7 u_out=6 mem=20.970911026000977
== p3-rank attack c034 (27/32) ==
p3-rank c034 1/40 L=-0.085 Lq=-0.0269 Le=-0.129 rA=0.187 rB=0.213 a_out=0 u_out=0 mem=20.970911026000977
p3-rank c034 2/40 L=-0.144 Lq=-0.0500 Le=-0.202 rA=0.175 rB=0.225 a_out=2 u_out=2 mem=20.970911026000977
p3-rank c034 3/40 L=-0.140 Lq=-0.0496 Le=-0.195 rA=0.175 rB=0.225 a_out=2 u_out=2 mem=20.970911026000977
p3-rank c034 4/40 L=-0.193 Lq=-0.0632 Le=-0.272 rA=0.168 rB=0.232 a_out=3 u_out=3 mem=20.970911026000977
p3-rank c034 5/40 L=-0.213 Lq=-0.0712 Le=-0.297 rA=0.164 rB=0.236 a_out=3 u_out=3 mem=20.970911026000977
p3-rank c034 6/40 L=-0.211 Lq=-0.0722 Le=-0.290 rA=0.164 rB=0.236 a_out=3 u_out=3 mem=20.970911026000977
p3-rank c034 7/40 L=-0.212 Lq=-0.0712 Le=-0.294 rA=0.164 rB=0.236 a_out=3 u_out=3 mem=20.970911026000977
p3-rank c034 8/40 L=-0.217 Lq=-0.0745 Le=-0.298 rA=0.163 rB=0.237 a_out=3 u_out=3 mem=20.970911026000977
p3-rank c034 9/40 L=-0.236 Lq=-0.0828 Le=-0.320 rA=0.159 rB=0.241 a_out=4 u_out=4 mem=20.970911026000977
p3-rank c034 10/40 L=-0.247 Lq=-0.0914 Le=-0.324 rA=0.154 rB=0.246 a_out=5 u_out=5 mem=20.970911026000977
p3-rank c034 11/40 L=-0.245 Lq=-0.0869 Le=-0.329 rA=0.157 rB=0.243 a_out=4 u_out=4 mem=20.970911026000977
p3-rank c034 12/40 L=-0.286 Lq=-0.1125 Le=-0.360 rA=0.144 rB=0.256 a_out=6 u_out=6 mem=20.970911026000977
p3-rank c034 13/40 L=-0.282 Lq=-0.1099 Le=-0.359 rA=0.145 rB=0.255 a_out=6 u_out=6 mem=20.970911026000977
p3-rank c034 14/40 L=-0.293 Lq=-0.1174 Le=-0.365 rA=0.141 rB=0.259 a_out=6 u_out=6 mem=20.970911026000977
p3-rank c034 15/40 L=-0.309 Lq=-0.1269 Le=-0.378 rA=0.137 rB=0.263 a_out=7 u_out=6 mem=20.970911026000977
p3-rank c034 16/40 L=-0.270 Lq=-0.1048 Le=-0.344 rA=0.148 rB=0.252 a_out=5 u_out=5 mem=20.970911026000977
p3-rank c034 17/40 L=-0.280 Lq=-0.1076 Le=-0.359 rA=0.146 rB=0.254 a_out=6 u_out=6 mem=20.970911026000977
p3-rank c034 18/40 L=-0.280 Lq=-0.1073 Le=-0.359 rA=0.146 rB=0.254 a_out=6 u_out=6 mem=20.970911026000977
p3-rank c034 19/40 L=-0.287 Lq=-0.1113 Le=-0.366 rA=0.144 rB=0.256 a_out=6 u_out=6 mem=20.970911026000977
p3-rank c034 20/40 L=-0.283 Lq=-0.1081 Le=-0.364 rA=0.146 rB=0.254 a_out=6 u_out=6 mem=20.970911026000977
p3-rank c034 21/40 L=-0.275 Lq=-0.1070 Le=-0.349 rA=0.146 rB=0.254 a_out=6 u_out=6 mem=20.970911026000977
p3-rank c034 22/40 L=-0.270 Lq=-0.1030 Le=-0.347 rA=0.148 rB=0.252 a_out=5 u_out=5 mem=20.970911026000977
p3-rank c034 23/40 L=-0.283 Lq=-0.1098 Le=-0.361 rA=0.145 rB=0.255 a_out=6 u_out=6 mem=20.970911026000977
p3-rank c034 24/40 L=-0.300 Lq=-0.1171 Le=-0.380 rA=0.141 rB=0.259 a_out=6 u_out=6 mem=20.970911026000977
p3-rank c034 25/40 L=-0.289 Lq=-0.1130 Le=-0.366 rA=0.143 rB=0.257 a_out=6 u_out=6 mem=20.970911026000977
p3-rank c034 26/40 L=-0.274 Lq=-0.1051 Le=-0.351 rA=0.147 rB=0.253 a_out=5 u_out=5 mem=20.970911026000977
p3-rank c034 27/40 L=-0.289 Lq=-0.1119 Le=-0.368 rA=0.144 rB=0.256 a_out=6 u_out=6 mem=20.970911026000977
p3-rank c034 28/40 L=-0.271 Lq=-0.1019 Le=-0.352 rA=0.149 rB=0.251 a_out=5 u_out=5 mem=20.970911026000977
p3-rank c034 29/40 L=-0.298 Lq=-0.1175 Le=-0.376 rA=0.141 rB=0.259 a_out=6 u_out=6 mem=20.970911026000977
p3-rank c034 30/40 L=-0.300 Lq=-0.1189 Le=-0.377 rA=0.141 rB=0.259 a_out=6 u_out=6 mem=20.970911026000977
p3-rank c034 31/40 L=-0.296 Lq=-0.1172 Le=-0.371 rA=0.141 rB=0.259 a_out=6 u_out=6 mem=20.970911026000977
p3-rank c034 32/40 L=-0.305 Lq=-0.1234 Le=-0.378 rA=0.138 rB=0.262 a_out=7 u_out=6 mem=20.970911026000977
p3-rank c034 33/40 L=-0.294 Lq=-0.1145 Le=-0.374 rA=0.143 rB=0.257 a_out=6 u_out=6 mem=20.970911026000977
p3-rank c034 34/40 L=-0.254 Lq=-0.0941 Le=-0.334 rA=0.153 rB=0.247 a_out=5 u_out=5 mem=20.970911026000977
p3-rank c034 35/40 L=-0.291 Lq=-0.1133 Le=-0.370 rA=0.143 rB=0.257 a_out=6 u_out=6 mem=20.970911026000977
p3-rank c034 36/40 L=-0.255 Lq=-0.0954 Le=-0.333 rA=0.152 rB=0.248 a_out=5 u_out=5 mem=20.970911026000977
p3-rank c034 37/40 L=-0.326 Lq=-0.1359 Le=-0.395 rA=0.132 rB=0.268 a_out=7 u_out=6 mem=20.970911026000977
p3-rank c034 38/40 L=-0.326 Lq=-0.1351 Le=-0.396 rA=0.132 rB=0.268 a_out=7 u_out=6 mem=20.970911026000977
p3-rank c034 39/40 L=-0.293 Lq=-0.1150 Le=-0.369 rA=0.143 rB=0.257 a_out=6 u_out=6 mem=20.970911026000977
p3-rank c034 40/40 L=-0.303 Lq=-0.1214 Le=-0.378 rA=0.139 rB=0.261 a_out=6 u_out=6 mem=20.970911026000977
== p3-rank attack c035 (28/32) ==
p3-rank c035 1/40 L=-0.155 Lq=-0.0457 Le=-0.229 rA=0.177 rB=0.223 a_out=0 u_out=0 mem=20.970911026000977
p3-rank c035 2/40 L=-0.184 Lq=-0.0560 Le=-0.265 rA=0.172 rB=0.228 a_out=0 u_out=0 mem=20.970911026000977
p3-rank c035 3/40 L=-0.141 Lq=-0.0410 Le=-0.211 rA=0.180 rB=0.220 a_out=0 u_out=0 mem=20.970911026000977
p3-rank c035 4/40 L=-0.203 Lq=-0.0632 Le=-0.289 rA=0.168 rB=0.232 a_out=1 u_out=1 mem=20.970911026000977
p3-rank c035 5/40 L=-0.214 Lq=-0.0709 Le=-0.295 rA=0.165 rB=0.235 a_out=1 u_out=1 mem=20.970911026000977
p3-rank c035 6/40 L=-0.199 Lq=-0.0612 Le=-0.286 rA=0.169 rB=0.231 a_out=1 u_out=1 mem=20.970911026000977
p3-rank c035 7/40 L=-0.228 Lq=-0.0724 Le=-0.320 rA=0.164 rB=0.236 a_out=1 u_out=1 mem=20.970911026000977
p3-rank c035 8/40 L=-0.223 Lq=-0.0721 Le=-0.312 rA=0.164 rB=0.236 a_out=1 u_out=1 mem=20.970911026000977
p3-rank c035 9/40 L=-0.222 Lq=-0.0699 Le=-0.313 rA=0.165 rB=0.235 a_out=1 u_out=1 mem=20.970911026000977
p3-rank c035 10/40 L=-0.247 Lq=-0.0871 Le=-0.330 rA=0.156 rB=0.244 a_out=2 u_out=2 mem=20.970911026000977
p3-rank c035 11/40 L=-0.263 Lq=-0.0933 Le=-0.350 rA=0.153 rB=0.247 a_out=3 u_out=3 mem=20.970911026000977
p3-rank c035 12/40 L=-0.265 Lq=-0.0936 Le=-0.352 rA=0.153 rB=0.247 a_out=3 u_out=3 mem=20.970911026000977
p3-rank c035 13/40 L=-0.245 Lq=-0.0829 Le=-0.335 rA=0.159 rB=0.241 a_out=2 u_out=2 mem=20.970911026000977
p3-rank c035 14/40 L=-0.267 Lq=-0.0968 Le=-0.351 rA=0.152 rB=0.248 a_out=3 u_out=3 mem=20.970911026000977
p3-rank c035 15/40 L=-0.276 Lq=-0.0995 Le=-0.363 rA=0.150 rB=0.250 a_out=3 u_out=3 mem=20.970911026000977
p3-rank c035 16/40 L=-0.285 Lq=-0.1067 Le=-0.366 rA=0.147 rB=0.253 a_out=4 u_out=4 mem=20.970911026000977
p3-rank c035 17/40 L=-0.303 Lq=-0.1177 Le=-0.380 rA=0.141 rB=0.259 a_out=4 u_out=4 mem=20.970911026000977
p3-rank c035 18/40 L=-0.292 Lq=-0.1117 Le=-0.371 rA=0.144 rB=0.256 a_out=4 u_out=4 mem=20.970911026000977
p3-rank c035 19/40 L=-0.293 Lq=-0.1110 Le=-0.374 rA=0.144 rB=0.256 a_out=4 u_out=4 mem=20.970911026000977
p3-rank c035 20/40 L=-0.279 Lq=-0.1049 Le=-0.359 rA=0.148 rB=0.252 a_out=3 u_out=3 mem=20.970911026000977
p3-rank c035 21/40 L=-0.274 Lq=-0.1000 Le=-0.358 rA=0.150 rB=0.250 a_out=3 u_out=3 mem=20.970911026000977
p3-rank c035 22/40 L=-0.287 Lq=-0.1060 Le=-0.371 rA=0.147 rB=0.253 a_out=3 u_out=3 mem=20.970911026000977
p3-rank c035 23/40 L=-0.290 Lq=-0.1092 Le=-0.371 rA=0.145 rB=0.255 a_out=4 u_out=4 mem=20.970911026000977
p3-rank c035 24/40 L=-0.316 Lq=-0.1250 Le=-0.393 rA=0.137 rB=0.263 a_out=5 u_out=5 mem=20.970911026000977
p3-rank c035 25/40 L=-0.298 Lq=-0.1123 Le=-0.382 rA=0.144 rB=0.256 a_out=4 u_out=4 mem=20.970911026000977
p3-rank c035 26/40 L=-0.294 Lq=-0.1113 Le=-0.376 rA=0.144 rB=0.256 a_out=4 u_out=4 mem=20.970911026000977
p3-rank c035 27/40 L=-0.301 Lq=-0.1166 Le=-0.378 rA=0.142 rB=0.258 a_out=4 u_out=4 mem=20.970911026000977
p3-rank c035 28/40 L=-0.315 Lq=-0.1247 Le=-0.392 rA=0.138 rB=0.262 a_out=5 u_out=5 mem=20.970911026000977
p3-rank c035 29/40 L=-0.314 Lq=-0.1242 Le=-0.390 rA=0.138 rB=0.262 a_out=5 u_out=5 mem=20.970911026000977
p3-rank c035 30/40 L=-0.324 Lq=-0.1318 Le=-0.395 rA=0.134 rB=0.266 a_out=5 u_out=5 mem=20.970911026000977
p3-rank c035 31/40 L=-0.323 Lq=-0.1305 Le=-0.396 rA=0.135 rB=0.265 a_out=5 u_out=5 mem=20.970911026000977
p3-rank c035 32/40 L=-0.339 Lq=-0.1409 Le=-0.406 rA=0.130 rB=0.270 a_out=6 u_out=6 mem=20.970911026000977
p3-rank c035 33/40 L=-0.350 Lq=-0.1485 Le=-0.413 rA=0.126 rB=0.274 a_out=6 u_out=6 mem=20.970911026000977
p3-rank c035 34/40 L=-0.346 Lq=-0.1457 Le=-0.411 rA=0.127 rB=0.273 a_out=6 u_out=6 mem=20.970911026000977
p3-rank c035 35/40 L=-0.364 Lq=-0.1587 Le=-0.422 rA=0.121 rB=0.279 a_out=7 u_out=6 mem=20.970911026000977
p3-rank c035 36/40 L=-0.364 Lq=-0.1571 Le=-0.425 rA=0.121 rB=0.279 a_out=7 u_out=6 mem=20.970911026000977
p3-rank c035 37/40 L=-0.350 Lq=-0.1481 Le=-0.414 rA=0.126 rB=0.274 a_out=6 u_out=6 mem=20.970911026000977
p3-rank c035 38/40 L=-0.352 Lq=-0.1493 Le=-0.417 rA=0.125 rB=0.275 a_out=6 u_out=6 mem=20.970911026000977
p3-rank c035 39/40 L=-0.357 Lq=-0.1539 Le=-0.418 rA=0.123 rB=0.277 a_out=6 u_out=6 mem=20.970911026000977
p3-rank c035 40/40 L=-0.355 Lq=-0.1532 Le=-0.416 rA=0.123 rB=0.277 a_out=6 u_out=6 mem=20.970911026000977
== p3-rank attack c036 (29/32) ==
p3-rank c036 1/40 L=-0.128 Lq=-0.0489 Le=-0.165 rA=0.176 rB=0.224 a_out=0 u_out=0 mem=20.970911026000977
p3-rank c036 2/40 L=-0.160 Lq=-0.0613 Le=-0.204 rA=0.169 rB=0.231 a_out=1 u_out=1 mem=20.970911026000977
p3-rank c036 3/40 L=-0.066 Lq=-0.0242 Le=-0.090 rA=0.188 rB=0.212 a_out=0 u_out=0 mem=20.970911026000977
p3-rank c036 4/40 L=-0.121 Lq=-0.0467 Le=-0.156 rA=0.177 rB=0.223 a_out=0 u_out=0 mem=20.970911026000977
p3-rank c036 5/40 L=-0.083 Lq=-0.0295 Le=-0.115 rA=0.185 rB=0.215 a_out=0 u_out=0 mem=20.970911026000977
p3-rank c036 6/40 L=-0.103 Lq=-0.0360 Le=-0.143 rA=0.182 rB=0.218 a_out=0 u_out=0 mem=20.970911026000977
p3-rank c036 7/40 L=-0.105 Lq=-0.0367 Le=-0.145 rA=0.182 rB=0.218 a_out=0 u_out=0 mem=20.970911026000977
p3-rank c036 8/40 L=-0.081 Lq=-0.0290 Le=-0.112 rA=0.186 rB=0.214 a_out=0 u_out=0 mem=20.970911026000977
p3-rank c036 9/40 L=-0.077 Lq=-0.0236 Le=-0.115 rA=0.188 rB=0.212 a_out=0 u_out=0 mem=20.970911026000977
p3-rank c036 10/40 L=-0.111 Lq=-0.0347 Le=-0.161 rA=0.183 rB=0.217 a_out=0 u_out=0 mem=20.970911026000977
p3-rank c036 11/40 L=-0.120 Lq=-0.0444 Le=-0.159 rA=0.178 rB=0.222 a_out=0 u_out=0 mem=20.970911026000977
p3-rank c036 12/40 L=-0.134 Lq=-0.0485 Le=-0.180 rA=0.176 rB=0.224 a_out=0 u_out=0 mem=20.970911026000977
p3-rank c036 13/40 L=-0.141 Lq=-0.0508 Le=-0.189 rA=0.175 rB=0.225 a_out=0 u_out=0 mem=20.970911026000977
p3-rank c036 14/40 L=-0.124 Lq=-0.0496 Le=-0.156 rA=0.175 rB=0.225 a_out=0 u_out=0 mem=20.970911026000977
p3-rank c036 15/40 L=-0.148 Lq=-0.0527 Le=-0.199 rA=0.174 rB=0.226 a_out=1 u_out=1 mem=20.970911026000977
p3-rank c036 16/40 L=-0.198 Lq=-0.0768 Le=-0.251 rA=0.162 rB=0.238 a_out=2 u_out=2 mem=20.970911026000977
p3-rank c036 17/40 L=-0.194 Lq=-0.0747 Le=-0.247 rA=0.163 rB=0.237 a_out=2 u_out=2 mem=20.970911026000977
p3-rank c036 18/40 L=-0.161 Lq=-0.0625 Le=-0.206 rA=0.169 rB=0.231 a_out=1 u_out=1 mem=20.970911026000977
p3-rank c036 19/40 L=-0.181 Lq=-0.0742 Le=-0.223 rA=0.163 rB=0.237 a_out=2 u_out=2 mem=20.970911026000977
p3-rank c036 20/40 L=-0.179 Lq=-0.0628 Le=-0.242 rA=0.169 rB=0.231 a_out=1 u_out=1 mem=20.970911026000977
p3-rank c036 21/40 L=-0.171 Lq=-0.0601 Le=-0.231 rA=0.170 rB=0.230 a_out=1 u_out=1 mem=20.970911026000977
p3-rank c036 22/40 L=-0.184 Lq=-0.0668 Le=-0.244 rA=0.167 rB=0.233 a_out=2 u_out=2 mem=20.970911026000977
p3-rank c036 23/40 L=-0.202 Lq=-0.0748 Le=-0.264 rA=0.163 rB=0.237 a_out=2 u_out=2 mem=20.970911026000977
p3-rank c036 24/40 L=-0.188 Lq=-0.0737 Le=-0.239 rA=0.163 rB=0.237 a_out=2 u_out=2 mem=20.970911026000977
p3-rank c036 25/40 L=-0.218 Lq=-0.0846 Le=-0.277 rA=0.158 rB=0.242 a_out=3 u_out=3 mem=20.970911026000977
p3-rank c036 26/40 L=-0.220 Lq=-0.0888 Le=-0.272 rA=0.156 rB=0.244 a_out=3 u_out=3 mem=20.970911026000977
p3-rank c036 27/40 L=-0.240 Lq=-0.0958 Le=-0.298 rA=0.152 rB=0.248 a_out=3 u_out=3 mem=20.970911026000977
p3-rank c036 28/40 L=-0.249 Lq=-0.1006 Le=-0.306 rA=0.150 rB=0.250 a_out=4 u_out=4 mem=20.970911026000977
p3-rank c036 29/40 L=-0.253 Lq=-0.1044 Le=-0.307 rA=0.148 rB=0.252 a_out=4 u_out=4 mem=20.970911026000977
p3-rank c036 30/40 L=-0.245 Lq=-0.0971 Le=-0.306 rA=0.151 rB=0.249 a_out=4 u_out=4 mem=20.970911026000977
p3-rank c036 31/40 L=-0.252 Lq=-0.0994 Le=-0.315 rA=0.150 rB=0.250 a_out=4 u_out=4 mem=20.970911026000977
p3-rank c036 32/40 L=-0.273 Lq=-0.1113 Le=-0.333 rA=0.144 rB=0.256 a_out=5 u_out=5 mem=20.970911026000977
p3-rank c036 33/40 L=-0.266 Lq=-0.1093 Le=-0.323 rA=0.145 rB=0.255 a_out=4 u_out=4 mem=20.970911026000977
p3-rank c036 34/40 L=-0.248 Lq=-0.1028 Le=-0.301 rA=0.149 rB=0.251 a_out=4 u_out=4 mem=20.970911026000977
p3-rank c036 35/40 L=-0.262 Lq=-0.1109 Le=-0.312 rA=0.145 rB=0.255 a_out=4 u_out=4 mem=20.970911026000977
p3-rank c036 36/40 L=-0.237 Lq=-0.0973 Le=-0.290 rA=0.151 rB=0.249 a_out=4 u_out=4 mem=20.970911026000977
p3-rank c036 37/40 L=-0.252 Lq=-0.0990 Le=-0.317 rA=0.151 rB=0.249 a_out=4 u_out=4 mem=20.970911026000977
p3-rank c036 38/40 L=-0.236 Lq=-0.0905 Le=-0.302 rA=0.155 rB=0.245 a_out=3 u_out=3 mem=20.970911026000977
p3-rank c036 39/40 L=-0.238 Lq=-0.0868 Le=-0.313 rA=0.157 rB=0.243 a_out=3 u_out=3 mem=20.970911026000977
p3-rank c036 40/40 L=-0.263 Lq=-0.1077 Le=-0.320 rA=0.146 rB=0.254 a_out=4 u_out=4 mem=20.970911026000977
== p3-rank attack c037 (30/32) ==
p3-rank c037 1/40 L=-0.116 Lq=-0.0254 Le=-0.191 rA=0.187 rB=0.213 a_out=0 u_out=0 mem=20.970911026000977
p3-rank c037 2/40 L=-0.110 Lq=-0.0266 Le=-0.180 rA=0.187 rB=0.213 a_out=0 u_out=0 mem=20.970911026000977
p3-rank c037 3/40 L=-0.136 Lq=-0.0351 Le=-0.214 rA=0.182 rB=0.218 a_out=1 u_out=1 mem=20.970911026000977
p3-rank c037 4/40 L=-0.163 Lq=-0.0445 Le=-0.249 rA=0.178 rB=0.222 a_out=2 u_out=2 mem=20.970911026000977
p3-rank c037 5/40 L=-0.214 Lq=-0.0719 Le=-0.296 rA=0.164 rB=0.236 a_out=3 u_out=3 mem=20.970911026000977
p3-rank c037 6/40 L=-0.196 Lq=-0.0639 Le=-0.276 rA=0.168 rB=0.232 a_out=3 u_out=3 mem=20.970911026000977
p3-rank c037 7/40 L=-0.196 Lq=-0.0624 Le=-0.279 rA=0.169 rB=0.231 a_out=3 u_out=3 mem=20.970911026000977
p3-rank c037 8/40 L=-0.206 Lq=-0.0670 Le=-0.290 rA=0.166 rB=0.234 a_out=3 u_out=3 mem=20.970911026000977
p3-rank c037 9/40 L=-0.219 Lq=-0.0728 Le=-0.305 rA=0.164 rB=0.236 a_out=3 u_out=3 mem=20.970911026000977
p3-rank c037 10/40 L=-0.256 Lq=-0.0927 Le=-0.338 rA=0.154 rB=0.246 a_out=5 u_out=5 mem=20.970911026000977
p3-rank c037 11/40 L=-0.252 Lq=-0.0894 Le=-0.337 rA=0.155 rB=0.245 a_out=4 u_out=4 mem=20.970911026000977
p3-rank c037 12/40 L=-0.239 Lq=-0.0831 Le=-0.324 rA=0.158 rB=0.242 a_out=4 u_out=4 mem=20.970911026000977
p3-rank c037 13/40 L=-0.243 Lq=-0.0846 Le=-0.330 rA=0.158 rB=0.242 a_out=4 u_out=4 mem=20.970911026000977
p3-rank c037 14/40 L=-0.274 Lq=-0.1005 Le=-0.360 rA=0.150 rB=0.250 a_out=5 u_out=5 mem=20.970911026000977
p3-rank c037 15/40 L=-0.271 Lq=-0.0956 Le=-0.363 rA=0.152 rB=0.248 a_out=5 u_out=5 mem=20.970911026000977
p3-rank c037 16/40 L=-0.244 Lq=-0.0821 Le=-0.336 rA=0.159 rB=0.241 a_out=4 u_out=4 mem=20.970911026000977
p3-rank c037 17/40 L=-0.244 Lq=-0.0846 Le=-0.331 rA=0.158 rB=0.242 a_out=4 u_out=4 mem=20.970911026000977
p3-rank c037 18/40 L=-0.284 Lq=-0.1067 Le=-0.368 rA=0.147 rB=0.253 a_out=6 u_out=6 mem=20.970911026000977
p3-rank c037 19/40 L=-0.302 Lq=-0.1166 Le=-0.383 rA=0.142 rB=0.258 a_out=6 u_out=6 mem=20.970911026000977
p3-rank c037 20/40 L=-0.316 Lq=-0.1252 Le=-0.395 rA=0.137 rB=0.263 a_out=7 u_out=6 mem=20.970911026000977
p3-rank c037 21/40 L=-0.319 Lq=-0.1275 Le=-0.398 rA=0.136 rB=0.264 a_out=7 u_out=6 mem=20.970911026000977
p3-rank c037 22/40 L=-0.296 Lq=-0.1134 Le=-0.378 rA=0.143 rB=0.257 a_out=6 u_out=6 mem=20.970911026000977
p3-rank c037 23/40 L=-0.307 Lq=-0.1201 Le=-0.390 rA=0.140 rB=0.260 a_out=6 u_out=6 mem=20.970911026000977
p3-rank c037 24/40 L=-0.321 Lq=-0.1273 Le=-0.403 rA=0.136 rB=0.264 a_out=7 u_out=6 mem=20.970911026000977
p3-rank c037 25/40 L=-0.345 Lq=-0.1460 Le=-0.414 rA=0.127 rB=0.273 a_out=8 u_out=6 mem=20.970911026000977
p3-rank c037 26/40 L=-0.318 Lq=-0.1269 Le=-0.397 rA=0.137 rB=0.263 a_out=7 u_out=6 mem=20.970911026000977
p3-rank c037 27/40 L=-0.305 Lq=-0.1189 Le=-0.387 rA=0.141 rB=0.259 a_out=6 u_out=6 mem=20.970911026000977
p3-rank c037 28/40 L=-0.299 Lq=-0.1140 Le=-0.383 rA=0.143 rB=0.257 a_out=6 u_out=6 mem=20.970911026000977
p3-rank c037 29/40 L=-0.306 Lq=-0.1189 Le=-0.389 rA=0.141 rB=0.259 a_out=6 u_out=6 mem=20.970911026000977
p3-rank c037 30/40 L=-0.302 Lq=-0.1161 Le=-0.385 rA=0.142 rB=0.258 a_out=6 u_out=6 mem=20.970911026000977
p3-rank c037 31/40 L=-0.323 Lq=-0.1298 Le=-0.401 rA=0.135 rB=0.265 a_out=7 u_out=6 mem=20.970911026000977
p3-rank c037 32/40 L=-0.334 Lq=-0.1371 Le=-0.408 rA=0.131 rB=0.269 a_out=7 u_out=6 mem=20.970911026000977
p3-rank c037 33/40 L=-0.314 Lq=-0.1252 Le=-0.391 rA=0.137 rB=0.263 a_out=7 u_out=6 mem=20.970911026000977
p3-rank c037 34/40 L=-0.332 Lq=-0.1358 Le=-0.406 rA=0.132 rB=0.268 a_out=7 u_out=6 mem=20.970911026000977
p3-rank c037 35/40 L=-0.343 Lq=-0.1429 Le=-0.415 rA=0.129 rB=0.271 a_out=8 u_out=6 mem=20.970911026000977
p3-rank c037 36/40 L=-0.306 Lq=-0.1211 Le=-0.384 rA=0.139 rB=0.261 a_out=6 u_out=6 mem=20.970911026000977
p3-rank c037 37/40 L=-0.351 Lq=-0.1479 Le=-0.421 rA=0.126 rB=0.274 a_out=8 u_out=6 mem=20.970911026000977
p3-rank c037 38/40 L=-0.340 Lq=-0.1430 Le=-0.410 rA=0.129 rB=0.271 a_out=8 u_out=6 mem=20.970911026000977
p3-rank c037 39/40 L=-0.346 Lq=-0.1461 Le=-0.414 rA=0.127 rB=0.273 a_out=8 u_out=6 mem=20.970911026000977
p3-rank c037 40/40 L=-0.351 Lq=-0.1487 Le=-0.419 rA=0.126 rB=0.274 a_out=8 u_out=6 mem=20.970911026000977
== p3-rank attack c038 (31/32) ==
p3-rank c038 1/40 L=-0.122 Lq=-0.0388 Le=-0.177 rA=0.181 rB=0.219 a_out=0 u_out=0 mem=20.970911026000977
p3-rank c038 2/40 L=-0.103 Lq=-0.0322 Le=-0.153 rA=0.184 rB=0.216 a_out=0 u_out=0 mem=20.970911026000977
p3-rank c038 3/40 L=-0.148 Lq=-0.0461 Le=-0.217 rA=0.177 rB=0.223 a_out=1 u_out=1 mem=20.970911026000977
p3-rank c038 4/40 L=-0.158 Lq=-0.0538 Le=-0.222 rA=0.173 rB=0.227 a_out=1 u_out=1 mem=20.970911026000977
p3-rank c038 5/40 L=-0.153 Lq=-0.0520 Le=-0.214 rA=0.174 rB=0.226 a_out=1 u_out=1 mem=20.970911026000977
p3-rank c038 6/40 L=-0.160 Lq=-0.0579 Le=-0.215 rA=0.171 rB=0.229 a_out=1 u_out=1 mem=20.970911026000977
p3-rank c038 7/40 L=-0.182 Lq=-0.0665 Le=-0.242 rA=0.167 rB=0.233 a_out=2 u_out=2 mem=20.970911026000977
p3-rank c038 8/40 L=-0.216 Lq=-0.0796 Le=-0.286 rA=0.160 rB=0.240 a_out=3 u_out=3 mem=20.970911026000977
p3-rank c038 9/40 L=-0.205 Lq=-0.0741 Le=-0.275 rA=0.163 rB=0.237 a_out=2 u_out=2 mem=20.970911026000977
p3-rank c038 10/40 L=-0.219 Lq=-0.0805 Le=-0.288 rA=0.160 rB=0.240 a_out=3 u_out=3 mem=20.970911026000977
p3-rank c038 11/40 L=-0.215 Lq=-0.0801 Le=-0.282 rA=0.160 rB=0.240 a_out=3 u_out=3 mem=20.970911026000977
p3-rank c038 12/40 L=-0.215 Lq=-0.0822 Le=-0.278 rA=0.159 rB=0.241 a_out=3 u_out=3 mem=20.970911026000977
p3-rank c038 13/40 L=-0.212 Lq=-0.0823 Le=-0.272 rA=0.159 rB=0.241 a_out=3 u_out=3 mem=20.970911026000977
p3-rank c038 14/40 L=-0.237 Lq=-0.0939 Le=-0.298 rA=0.153 rB=0.247 a_out=4 u_out=4 mem=20.970911026000977
p3-rank c038 15/40 L=-0.247 Lq=-0.1000 Le=-0.306 rA=0.150 rB=0.250 a_out=4 u_out=4 mem=20.970911026000977
p3-rank c038 16/40 L=-0.236 Lq=-0.0940 Le=-0.297 rA=0.153 rB=0.247 a_out=4 u_out=4 mem=20.970911026000977
p3-rank c038 17/40 L=-0.273 Lq=-0.1130 Le=-0.332 rA=0.143 rB=0.257 a_out=5 u_out=5 mem=20.970911026000977
p3-rank c038 18/40 L=-0.285 Lq=-0.1201 Le=-0.342 rA=0.140 rB=0.260 a_out=5 u_out=5 mem=20.970911026000977
p3-rank c038 19/40 L=-0.262 Lq=-0.1090 Le=-0.319 rA=0.145 rB=0.255 a_out=5 u_out=5 mem=20.970911026000977
p3-rank c038 20/40 L=-0.269 Lq=-0.1125 Le=-0.326 rA=0.144 rB=0.256 a_out=5 u_out=5 mem=20.970911026000977
p3-rank c038 21/40 L=-0.290 Lq=-0.1244 Le=-0.344 rA=0.138 rB=0.262 a_out=6 u_out=6 mem=20.970911026000977
p3-rank c038 22/40 L=-0.294 Lq=-0.1251 Le=-0.350 rA=0.137 rB=0.263 a_out=6 u_out=6 mem=20.970911026000977
p3-rank c038 23/40 L=-0.276 Lq=-0.1156 Le=-0.334 rA=0.142 rB=0.258 a_out=5 u_out=5 mem=20.970911026000977
p3-rank c038 24/40 L=-0.294 Lq=-0.1262 Le=-0.349 rA=0.137 rB=0.263 a_out=6 u_out=6 mem=20.970911026000977
p3-rank c038 25/40 L=-0.292 Lq=-0.1253 Le=-0.346 rA=0.137 rB=0.263 a_out=6 u_out=6 mem=20.970911026000977
p3-rank c038 26/40 L=-0.314 Lq=-0.1366 Le=-0.367 rA=0.132 rB=0.268 a_out=6 u_out=6 mem=20.970911026000977
p3-rank c038 27/40 L=-0.320 Lq=-0.1409 Le=-0.371 rA=0.130 rB=0.270 a_out=7 u_out=6 mem=20.970911026000977
p3-rank c038 28/40 L=-0.316 Lq=-0.1404 Le=-0.364 rA=0.130 rB=0.270 a_out=7 u_out=6 mem=20.970911026000977
p3-rank c038 29/40 L=-0.344 Lq=-0.1559 Le=-0.389 rA=0.122 rB=0.278 a_out=8 u_out=6 mem=20.970911026000977
p3-rank c038 30/40 L=-0.327 Lq=-0.1463 Le=-0.374 rA=0.127 rB=0.273 a_out=7 u_out=6 mem=20.970911026000977
p3-rank c038 31/40 L=-0.325 Lq=-0.1463 Le=-0.371 rA=0.127 rB=0.273 a_out=7 u_out=6 mem=20.970911026000977
p3-rank c038 32/40 L=-0.338 Lq=-0.1532 Le=-0.383 rA=0.123 rB=0.277 a_out=7 u_out=6 mem=20.970911026000977
p3-rank c038 33/40 L=-0.344 Lq=-0.1567 Le=-0.387 rA=0.122 rB=0.278 a_out=8 u_out=6 mem=20.970911026000977
p3-rank c038 34/40 L=-0.351 Lq=-0.1608 Le=-0.392 rA=0.120 rB=0.280 a_out=8 u_out=6 mem=20.970911026000977
p3-rank c038 35/40 L=-0.321 Lq=-0.1421 Le=-0.372 rA=0.129 rB=0.271 a_out=7 u_out=6 mem=20.970911026000977
p3-rank c038 36/40 L=-0.321 Lq=-0.1438 Le=-0.367 rA=0.128 rB=0.272 a_out=7 u_out=6 mem=20.970911026000977
p3-rank c038 37/40 L=-0.317 Lq=-0.1409 Le=-0.366 rA=0.130 rB=0.270 a_out=7 u_out=6 mem=20.970911026000977
p3-rank c038 38/40 L=-0.327 Lq=-0.1478 Le=-0.372 rA=0.126 rB=0.274 a_out=7 u_out=6 mem=20.970911026000977
p3-rank c038 39/40 L=-0.323 Lq=-0.1437 Le=-0.372 rA=0.128 rB=0.272 a_out=7 u_out=6 mem=20.970911026000977
p3-rank c038 40/40 L=-0.335 Lq=-0.1522 Le=-0.380 rA=0.124 rB=0.276 a_out=7 u_out=6 mem=20.970911026000977
== p3-rank attack c039 (32/32) ==
p3-rank c039 1/40 L=-0.106 Lq=-0.0522 Le=-0.113 rA=0.174 rB=0.226 a_out=0 u_out=0 mem=20.970911026000977
p3-rank c039 2/40 L=-0.161 Lq=-0.0671 Le=-0.195 rA=0.166 rB=0.234 a_out=1 u_out=1 mem=20.970911026000977
p3-rank c039 3/40 L=-0.159 Lq=-0.0656 Le=-0.196 rA=0.167 rB=0.233 a_out=1 u_out=1 mem=20.970911026000977
p3-rank c039 4/40 L=-0.186 Lq=-0.0777 Le=-0.226 rA=0.161 rB=0.239 a_out=2 u_out=2 mem=20.970911026000977
p3-rank c039 5/40 L=-0.193 Lq=-0.0836 Le=-0.228 rA=0.158 rB=0.242 a_out=2 u_out=2 mem=20.970911026000977
p3-rank c039 6/40 L=-0.221 Lq=-0.0946 Le=-0.261 rA=0.153 rB=0.247 a_out=3 u_out=3 mem=20.970911026000977
p3-rank c039 7/40 L=-0.213 Lq=-0.0925 Le=-0.250 rA=0.154 rB=0.246 a_out=3 u_out=3 mem=20.970911026000977
p3-rank c039 8/40 L=-0.223 Lq=-0.0963 Le=-0.262 rA=0.152 rB=0.248 a_out=3 u_out=3 mem=20.970911026000977
p3-rank c039 9/40 L=-0.215 Lq=-0.0892 Le=-0.260 rA=0.155 rB=0.245 a_out=3 u_out=3 mem=20.970911026000977
p3-rank c039 10/40 L=-0.171 Lq=-0.0612 Le=-0.228 rA=0.169 rB=0.231 a_out=1 u_out=1 mem=20.970911026000977
p3-rank c039 11/40 L=-0.192 Lq=-0.0831 Le=-0.228 rA=0.158 rB=0.242 a_out=2 u_out=2 mem=20.970911026000977
p3-rank c039 12/40 L=-0.211 Lq=-0.0871 Le=-0.255 rA=0.156 rB=0.244 a_out=3 u_out=3 mem=20.970911026000977
p3-rank c039 13/40 L=-0.236 Lq=-0.1033 Le=-0.274 rA=0.148 rB=0.252 a_out=4 u_out=4 mem=20.970911026000977
p3-rank c039 14/40 L=-0.265 Lq=-0.1227 Le=-0.294 rA=0.139 rB=0.261 a_out=5 u_out=5 mem=20.970911026000977
p3-rank c039 15/40 L=-0.254 Lq=-0.1135 Le=-0.289 rA=0.143 rB=0.257 a_out=4 u_out=4 mem=20.970911026000977
p3-rank c039 16/40 L=-0.238 Lq=-0.1024 Le=-0.281 rA=0.149 rB=0.251 a_out=4 u_out=4 mem=20.970911026000977
p3-rank c039 17/40 L=-0.242 Lq=-0.1068 Le=-0.279 rA=0.147 rB=0.253 a_out=4 u_out=4 mem=20.970911026000977
p3-rank c039 18/40 L=-0.262 Lq=-0.1177 Le=-0.297 rA=0.141 rB=0.259 a_out=5 u_out=5 mem=20.970911026000977
p3-rank c039 19/40 L=-0.282 Lq=-0.1274 Le=-0.318 rA=0.136 rB=0.264 a_out=5 u_out=5 mem=20.970911026000977
p3-rank c039 20/40 L=-0.293 Lq=-0.1339 Le=-0.329 rA=0.133 rB=0.267 a_out=6 u_out=6 mem=20.970911026000977
p3-rank c039 21/40 L=-0.300 Lq=-0.1364 Le=-0.335 rA=0.132 rB=0.268 a_out=6 u_out=6 mem=20.970911026000977
p3-rank c039 22/40 L=-0.292 Lq=-0.1336 Le=-0.326 rA=0.133 rB=0.267 a_out=6 u_out=6 mem=20.970911026000977
p3-rank c039 23/40 L=-0.302 Lq=-0.1369 Le=-0.340 rA=0.132 rB=0.268 a_out=6 u_out=6 mem=20.970911026000977
p3-rank c039 24/40 L=-0.303 Lq=-0.1411 Le=-0.334 rA=0.129 rB=0.271 a_out=6 u_out=6 mem=20.970911026000977
p3-rank c039 25/40 L=-0.299 Lq=-0.1362 Le=-0.334 rA=0.132 rB=0.268 a_out=6 u_out=6 mem=20.970911026000977
p3-rank c039 26/40 L=-0.312 Lq=-0.1438 Le=-0.346 rA=0.128 rB=0.272 a_out=6 u_out=6 mem=20.970911026000977
p3-rank c039 27/40 L=-0.305 Lq=-0.1409 Le=-0.339 rA=0.130 rB=0.270 a_out=6 u_out=6 mem=20.970911026000977
p3-rank c039 28/40 L=-0.304 Lq=-0.1399 Le=-0.338 rA=0.130 rB=0.270 a_out=6 u_out=6 mem=20.970911026000977
p3-rank c039 29/40 L=-0.303 Lq=-0.1388 Le=-0.338 rA=0.131 rB=0.269 a_out=6 u_out=6 mem=20.970911026000977
p3-rank c039 30/40 L=-0.324 Lq=-0.1516 Le=-0.354 rA=0.124 rB=0.276 a_out=7 u_out=6 mem=20.970911026000977
p3-rank c039 31/40 L=-0.303 Lq=-0.1392 Le=-0.336 rA=0.130 rB=0.270 a_out=6 u_out=6 mem=20.970911026000977
p3-rank c039 32/40 L=-0.328 Lq=-0.1534 Le=-0.358 rA=0.123 rB=0.277 a_out=7 u_out=6 mem=20.970911026000977
p3-rank c039 33/40 L=-0.290 Lq=-0.1322 Le=-0.326 rA=0.134 rB=0.266 a_out=6 u_out=6 mem=20.970911026000977
p3-rank c039 34/40 L=-0.297 Lq=-0.1368 Le=-0.329 rA=0.132 rB=0.268 a_out=6 u_out=6 mem=20.970911026000977
p3-rank c039 35/40 L=-0.318 Lq=-0.1467 Le=-0.353 rA=0.127 rB=0.273 a_out=7 u_out=6 mem=20.970911026000977
p3-rank c039 36/40 L=-0.313 Lq=-0.1430 Le=-0.349 rA=0.128 rB=0.272 a_out=6 u_out=6 mem=20.970911026000977
p3-rank c039 37/40 L=-0.288 Lq=-0.1312 Le=-0.323 rA=0.134 rB=0.266 a_out=6 u_out=6 mem=20.970911026000977
p3-rank c039 38/40 L=-0.224 Lq=-0.0992 Le=-0.258 rA=0.150 rB=0.250 a_out=3 u_out=3 mem=20.970911026000977
p3-rank c039 39/40 L=-0.193 Lq=-0.0868 Le=-0.223 rA=0.157 rB=0.243 a_out=3 u_out=3 mem=20.970911026000977
p3-rank c039 40/40 L=-0.266 Lq=-0.1191 Le=-0.303 rA=0.140 rB=0.260 a_out=5 u_out=5 mem=20.970911026000977
{'random': {'n': 32, 'path': '/root/autodl-tmp/multimodal_attack_project/V-CachePoll/out/p3_random.json'}, 'task': {'n': 32, 'path': '/root/autodl-tmp/multimodal_attack_project/V-CachePoll/out/p3_task.json'}, 'caa': {'n': 32, 'path': '/root/autodl-tmp/multimodal_attack_project/V-CachePoll/out/p3_caa.json'}, 'rank': {'n': 32, 'path': '/root/autodl-tmp/multimodal_attack_project/V-CachePoll/out/p3_rank.json'}}
{'methods': {'random': {'n': 32, 'frac_full_hold': 1.0, 'frac_comp_only_fail': 0.0625, 'mean_a_out': 0.90625, 'mean_u_out': 0.90625, 'mean_u_evict_rate': 0.13779761904761903, 'n_cof': 2}, 'task': {'n': 32, 'frac_full_hold': 0.96875, 'frac_comp_only_fail': 0.0, 'mean_a_out': 0.46875, 'mean_u_out': 0.46875, 'mean_u_evict_rate': 0.06904761904761905, 'n_cof': 0}, 'caa': {'n': 32, 'frac_full_hold': 1.0, 'frac_comp_only_fail': 0.0625, 'mean_a_out': 3.09375, 'mean_u_out': 2.90625, 'mean_u_evict_rate': 0.43005952380952384, 'n_cof': 2}, 'rank': {'n': 32, 'frac_full_hold': 0.96875, 'frac_comp_only_fail': 0.15625, 'mean_a_out': 6.6875, 'mean_u_out': 5.65625, 'mean_u_evict_rate': 0.8331845238095238, 'n_cof': 5}, 'vcache': {'n': 32, 'frac_full_hold': 0.96875, 'frac_comp_only_fail': 0.21875, 'mean_a_out': 7.40625, 'mean_u_out': 5.59375, 'mean_u_evict_rate': 0.8261904761904761, 'n_cof': 7}}, 'decision': 'CONTINUE', 'reason': 'V-CachePoll compressed-only fail beats same-budget baselines; full-token holds', 'best_other_cof': 0.15625, 'best_other_u': 0.8331845238095238, 'dataset': 'coco300_standin', 'model': 'Qwen2-VL-7B-Instruct', 'r_base': 0.2, 'eps': 0.06274509803921569, 'steps': 40}
