[2026-09-17T00:05:04+08:00] steward start pid=39535
[2026-09-17T00:05:04+08:00] WAITING_GPU pid=19518 mem=14928 MiB - State: RUNNING / | 74 | 96 | 0 | 0 | / - Current verdict: PENDING
[2026-09-17T00:06:35+08:00] WAITING_GPU pid=19518 mem=14928 MiB - State: RUNNING / | 75 | 96 | 0 | 0 | / - Current verdict: PENDING
[2026-09-17T00:08:05+08:00] WAITING_GPU pid=19518 mem=14928 MiB - State: RUNNING / | 75 | 96 | 0 | 0 | / - Current verdict: PENDING
[2026-09-17T00:09:36+08:00] WAITING_GPU pid=19518 mem=14928 MiB - State: RUNNING / | 75 | 96 | 0 | 0 | / - Current verdict: PENDING
[2026-09-17T00:11:06+08:00] WAITING_GPU pid=19518 mem=14928 MiB - State: RUNNING / | 75 | 96 | 0 | 0 | / - Current verdict: PENDING
[2026-09-17T00:12:36+08:00] WAITING_GPU pid=19518 mem=14928 MiB - State: RUNNING / | 75 | 96 | 0 | 0 | / - Current verdict: PENDING
[2026-09-17T00:14:07+08:00] WAITING_GPU pid=19518 mem=14928 MiB - State: RUNNING / | 75 | 96 | 0 | 0 | / - Current verdict: PENDING
[2026-09-17T00:15:37+08:00] WAITING_GPU pid=19518 mem=14928 MiB - State: RUNNING / | 75 | 96 | 0 | 0 | / - Current verdict: PENDING
[2026-09-17T00:17:07+08:00] WAITING_GPU pid=19518 mem=14928 MiB - State: RUNNING / | 75 | 96 | 0 | 0 | / - Current verdict: PENDING
[2026-09-17T00:18:38+08:00] WAITING_GPU pid=19518 mem=14928 MiB - State: RUNNING / | 76 | 96 | 0 | 0 | / - Current verdict: PENDING
[2026-09-17T00:20:08+08:00] WAITING_GPU pid=19518 mem=14928 MiB - State: RUNNING / | 76 | 96 | 0 | 0 | / - Current verdict: PENDING
[2026-09-17T00:21:39+08:00] WAITING_GPU pid=19518 mem=14928 MiB - State: RUNNING / | 76 | 96 | 0 | 0 | / - Current verdict: PENDING
[2026-09-17T00:23:09+08:00] WAITING_GPU pid=19518 mem=14928 MiB - State: RUNNING / | 77 | 96 | 0 | 0 | / - Current verdict: PENDING
[2026-09-17T00:24:39+08:00] WAITING_GPU pid=19518 mem=14928 MiB - State: RUNNING / | 77 | 96 | 0 | 0 | / - Current verdict: PENDING
[2026-09-17T00:26:10+08:00] WAITING_GPU pid=19518 mem=14928 MiB - State: RUNNING / | 77 | 96 | 0 | 0 | / - Current verdict: PENDING
[2026-09-17T00:27:40+08:00] WAITING_GPU pid=19518 mem=14928 MiB - State: RUNNING / | 78 | 96 | 0 | 0 | / - Current verdict: PENDING
[2026-09-17T00:29:10+08:00] WAITING_GPU pid=19518 mem=14928 MiB - State: RUNNING / | 78 | 96 | 0 | 0 | / - Current verdict: PENDING
[2026-09-17T00:30:41+08:00] WAITING_GPU pid=19518 mem=14928 MiB - State: RUNNING / | 78 | 96 | 0 | 0 | / - Current verdict: PENDING
[2026-09-17T00:32:11+08:00] WAITING_GPU pid=19518 mem=14928 MiB - State: RUNNING / | 78 | 96 | 0 | 0 | / - Current verdict: PENDING
[2026-09-17T00:33:42+08:00] WAITING_GPU pid=19518 mem=14928 MiB - State: RUNNING / | 78 | 96 | 0 | 0 | / - Current verdict: PENDING
[2026-09-17T00:35:12+08:00] WAITING_GPU pid=19518 mem=14928 MiB - State: RUNNING / | 78 | 96 | 0 | 0 | / - Current verdict: PENDING
[2026-09-17T00:36:43+08:00] WAITING_GPU pid=19518 mem=14928 MiB - State: RUNNING / | 78 | 96 | 0 | 0 | / - Current verdict: PENDING
[2026-09-17T00:38:13+08:00] WAITING_GPU pid=19518 mem=14928 MiB - State: RUNNING / | 78 | 96 | 0 | 0 | / - Current verdict: PENDING
[2026-09-17T00:39:44+08:00] WAITING_GPU pid=19518 mem=14928 MiB - State: RUNNING / | 79 | 96 | 0 | 0 | / - Current verdict: PENDING
[2026-09-17T00:41:14+08:00] WAITING_GPU pid=19518 mem=14928 MiB - State: RUNNING / | 79 | 96 | 0 | 0 | / - Current verdict: PENDING
[2026-09-17T00:42:44+08:00] WAITING_GPU pid=19518 mem=14928 MiB - State: RUNNING / | 79 | 96 | 0 | 0 | / - Current verdict: PENDING
[2026-09-17T00:44:15+08:00] WAITING_GPU pid=19518 mem=14928 MiB - State: RUNNING / | 80 | 96 | 0 | 0 | / - Current verdict: PENDING
[2026-09-17T00:45:45+08:00] WAITING_GPU pid=19518 mem=14928 MiB - State: RUNNING / | 80 | 96 | 0 | 0 | / - Current verdict: PENDING
[2026-09-17T00:47:16+08:00] WAITING_GPU pid=19518 mem=14928 MiB - State: RUNNING / | 80 | 96 | 0 | 0 | / - Current verdict: PENDING
[2026-09-17T00:48:46+08:00] WAITING_GPU pid=19518 mem=14928 MiB - State: RUNNING / | 81 | 96 | 0 | 0 | / - Current verdict: PENDING
[2026-09-17T00:50:17+08:00] WAITING_GPU pid=19518 mem=14928 MiB - State: RUNNING / | 81 | 96 | 0 | 0 | / - Current verdict: PENDING
[2026-09-17T00:51:47+08:00] WAITING_GPU pid=19518 mem=14928 MiB - State: RUNNING / | 81 | 96 | 0 | 0 | / - Current verdict: PENDING
[2026-09-17T00:53:17+08:00] WAITING_GPU pid=19518 mem=14928 MiB - State: RUNNING / | 82 | 96 | 0 | 0 | / - Current verdict: PENDING
[2026-09-17T00:54:48+08:00] WAITING_GPU pid=19518 mem=14928 MiB - State: RUNNING / | 83 | 96 | 0 | 0 | / - Current verdict: PENDING
[2026-09-17T00:56:18+08:00] WAITING_GPU pid=19518 mem=14928 MiB - State: RUNNING / | 83 | 96 | 0 | 0 | / - Current verdict: PENDING
[2026-09-17T00:57:49+08:00] WAITING_GPU pid=19518 mem=14928 MiB - State: RUNNING / | 84 | 96 | 0 | 0 | / - Current verdict: PENDING
[2026-09-17T00:59:19+08:00] WAITING_GPU pid=19518 mem=14928 MiB - State: RUNNING / | 84 | 96 | 0 | 0 | / - Current verdict: PENDING
[2026-09-17T01:00:50+08:00] WAITING_GPU pid=19518 mem=14928 MiB - State: RUNNING / | 85 | 96 | 0 | 0 | / - Current verdict: PENDING
[2026-09-17T01:02:20+08:00] WAITING_GPU pid=19518 mem=14928 MiB - State: RUNNING / | 85 | 96 | 0 | 0 | / - Current verdict: PENDING
[2026-09-17T01:03:50+08:00] WAITING_GPU pid=19518 mem=14928 MiB - State: RUNNING / | 85 | 96 | 0 | 0 | / - Current verdict: PENDING
[2026-09-17T01:05:21+08:00] WAITING_GPU pid=19518 mem=14928 MiB - State: RUNNING / | 85 | 96 | 0 | 0 | / - Current verdict: PENDING
[2026-09-17T01:06:51+08:00] WAITING_GPU pid=19518 mem=14928 MiB - State: RUNNING / | 85 | 96 | 0 | 0 | / - Current verdict: PENDING
[2026-09-17T01:08:22+08:00] WAITING_GPU pid=19518 mem=14928 MiB - State: RUNNING / | 86 | 96 | 0 | 0 | / - Current verdict: PENDING
[2026-09-17T01:09:52+08:00] WAITING_GPU pid=19518 mem=14928 MiB - State: RUNNING / | 86 | 96 | 0 | 0 | / - Current verdict: PENDING
[2026-09-17T01:11:22+08:00] WAITING_GPU pid=19518 mem=14928 MiB - State: RUNNING / | 86 | 96 | 0 | 0 | / - Current verdict: PENDING
[2026-09-17T01:12:53+08:00] WAITING_GPU pid=19518 mem=14928 MiB - State: RUNNING / | 86 | 96 | 0 | 0 | / - Current verdict: PENDING
[2026-09-17T01:14:23+08:00] WAITING_GPU pid=19518 mem=14928 MiB - State: RUNNING / | 86 | 96 | 0 | 0 | / - Current verdict: PENDING
[2026-09-17T01:15:54+08:00] WAITING_GPU pid=19518 mem=14928 MiB - State: RUNNING / | 86 | 96 | 0 | 0 | / - Current verdict: PENDING
[2026-09-17T01:17:24+08:00] WAITING_GPU pid=19518 mem=14928 MiB - State: RUNNING / | 86 | 96 | 0 | 0 | / - Current verdict: PENDING
[2026-09-17T01:18:55+08:00] WAITING_GPU pid=19518 mem=14928 MiB - State: RUNNING / | 86 | 96 | 0 | 0 | / - Current verdict: PENDING
[2026-09-17T01:20:25+08:00] WAITING_GPU pid=19518 mem=14928 MiB - State: RUNNING / | 87 | 96 | 0 | 0 | / - Current verdict: PENDING
[2026-09-17T01:21:55+08:00] WAITING_GPU pid=19518 mem=14928 MiB - State: RUNNING / | 87 | 96 | 0 | 0 | / - Current verdict: PENDING
[2026-09-17T01:23:26+08:00] WAITING_GPU pid=19518 mem=14928 MiB - State: RUNNING / | 87 | 96 | 0 | 0 | / - Current verdict: PENDING
[2026-09-17T01:24:56+08:00] WAITING_GPU pid=19518 mem=14928 MiB - State: RUNNING / | 88 | 96 | 0 | 0 | / - Current verdict: PENDING
[2026-09-17T01:26:27+08:00] WAITING_GPU pid=19518 mem=14928 MiB - State: RUNNING / | 88 | 96 | 0 | 0 | / - Current verdict: PENDING
[2026-09-17T01:27:57+08:00] WAITING_GPU pid=19518 mem=14928 MiB - State: RUNNING / | 89 | 96 | 0 | 0 | / - Current verdict: PENDING
[2026-09-17T01:29:28+08:00] WAITING_GPU pid=19518 mem=14928 MiB - State: RUNNING / | 89 | 96 | 0 | 0 | / - Current verdict: PENDING
[2026-09-17T01:30:58+08:00] WAITING_GPU pid=19518 mem=14928 MiB - State: RUNNING / | 90 | 96 | 0 | 0 | / - Current verdict: PENDING
[2026-09-17T01:32:28+08:00] WAITING_GPU pid=19518 mem=14928 MiB - State: RUNNING / | 91 | 96 | 0 | 0 | / - Current verdict: PENDING
[2026-09-17T01:33:59+08:00] WAITING_GPU pid=19518 mem=14928 MiB - State: RUNNING / | 91 | 96 | 0 | 0 | / - Current verdict: PENDING
[2026-09-17T01:35:29+08:00] WAITING_GPU pid=19518 mem=14928 MiB - State: RUNNING / | 91 | 96 | 0 | 0 | / - Current verdict: PENDING
[2026-09-17T01:37:00+08:00] WAITING_GPU pid=19518 mem=14928 MiB - State: RUNNING / | 92 | 96 | 0 | 0 | / - Current verdict: PENDING
[2026-09-17T01:38:30+08:00] WAITING_GPU pid=19518 mem=14928 MiB - State: RUNNING / | 93 | 96 | 0 | 0 | / - Current verdict: PENDING
[2026-09-17T01:40:00+08:00] WAITING_GPU pid=19518 mem=14928 MiB - State: RUNNING / | 94 | 96 | 0 | 0 | / - Current verdict: PENDING
[2026-09-17T01:41:31+08:00] WAITING_GPU pid=19518 mem=14928 MiB - State: RUNNING / | 94 | 96 | 0 | 0 | / - Current verdict: PENDING
[2026-09-17T01:43:01+08:00] WAITING_GPU pid=19518 mem=14928 MiB - State: RUNNING / | 94 | 96 | 0 | 0 | / - Current verdict: PENDING
[2026-09-17T01:44:32+08:00] WAITING_GPU pid=19518 mem=14928 MiB - State: RUNNING / | 95 | 96 | 0 | 0 | / - Current verdict: PENDING
[2026-09-17T01:46:02+08:00] WAITING_GPU pid=19518 mem=14928 MiB - State: RUNNING / | 95 | 96 | 0 | 0 | / - Current verdict: PENDING
[2026-09-17T01:47:33+08:00] WAITING_GPU pid=713034 mem=12130 MiB - State: RUNNING / | 0 | 6 | 0 | 0 | / - Current verdict: PENDING
[2026-09-17T01:49:03+08:00] WAITING_GPU pid=713034 mem=12130 MiB - State: COMPLETE / | 96 | 96 | 0 | 0 | / - Current verdict: STOP
[2026-09-17T01:50:33+08:00] WAITING_GPU pid=713034 mem=12800 MiB - State: COMPLETE / | 96 | 96 | 0 | 0 | / - Current verdict: STOP
[2026-09-17T01:52:04+08:00] WAITING_GPU pid=713034 mem=12800 MiB - State: COMPLETE / | 96 | 96 | 0 | 0 | / - Current verdict: STOP
[2026-09-17T01:53:34+08:00] WAITING_GPU pid=713034 mem=14908 MiB - State: COMPLETE / | 96 | 96 | 0 | 0 | / - Current verdict: STOP
[2026-09-17T01:55:05+08:00] WAITING_GPU pid=713034 mem=14908 MiB - State: COMPLETE / | 96 | 96 | 0 | 0 | / - Current verdict: STOP
[2026-09-17T01:56:35+08:00] WAITING_GPU pid=713034 mem=14908 MiB - State: COMPLETE / | 96 | 96 | 0 | 0 | / - Current verdict: STOP
[2026-09-17T01:58:05+08:00] WAITING_GPU pid=713034 mem=14908 MiB - State: COMPLETE / | 96 | 96 | 0 | 0 | / - Current verdict: STOP
[2026-09-17T01:59:36+08:00] WAITING_GPU pid=713034 mem=14908 MiB - State: COMPLETE / | 96 | 96 | 0 | 0 | / - Current verdict: STOP
[2026-09-17T02:01:06+08:00] WAITING_GPU pid=713034 mem=14908 MiB - State: COMPLETE / | 96 | 96 | 0 | 0 | / - Current verdict: STOP
[2026-09-17T02:02:36+08:00] WAITING_GPU pid=713034 mem=14908 MiB - State: RUNNING / | 1 | 6 | 0 | 0 | / - Current verdict: PENDING
[2026-09-17T02:04:07+08:00] WAITING_GPU pid=713034 mem=14908 MiB - State: RUNNING / | 1 | 6 | 0 | 0 | / - Current verdict: PENDING
[2026-09-17T02:05:37+08:00] WAITING_GPU pid=713034 mem=14908 MiB - State: RUNNING / | 1 | 6 | 0 | 0 | / - Current verdict: PENDING
[2026-09-17T02:07:08+08:00] WAITING_GPU pid=713034 mem=14908 MiB - State: RUNNING / | 1 | 6 | 0 | 0 | / - Current verdict: PENDING
[2026-09-17T02:08:38+08:00] WAITING_GPU pid=713034 mem=14908 MiB - State: RUNNING / | 1 | 6 | 0 | 0 | / - Current verdict: PENDING
[2026-09-17T02:10:08+08:00] WAITING_GPU pid=713034 mem=14908 MiB - State: RUNNING / | 1 | 6 | 0 | 0 | / - Current verdict: PENDING
[2026-09-17T02:11:39+08:00] WAITING_GPU pid=713034 mem=14908 MiB - State: RUNNING / | 1 | 6 | 0 | 0 | / - Current verdict: PENDING
[2026-09-17T02:13:09+08:00] WAITING_GPU pid=713034 mem=14908 MiB - State: RUNNING / | 1 | 6 | 0 | 0 | / - Current verdict: PENDING
[2026-09-17T02:14:40+08:00] WAITING_GPU pid=713034 mem=14908 MiB - State: RUNNING / | 1 | 6 | 0 | 0 | / - Current verdict: PENDING
[2026-09-17T02:16:10+08:00] WAITING_GPU pid=713034 mem=14908 MiB - State: RUNNING / | 1 | 6 | 0 | 0 | / - Current verdict: PENDING
[2026-09-17T02:17:40+08:00] WAITING_GPU pid=713034 mem=14908 MiB - State: RUNNING / | 1 | 6 | 0 | 0 | / - Current verdict: PENDING
[2026-09-17T02:19:11+08:00] WAITING_GPU pid=713034 mem=14908 MiB - State: RUNNING / | 1 | 6 | 0 | 0 | / - Current verdict: PENDING
[2026-09-17T02:20:41+08:00] WAITING_GPU pid=713034 mem=14908 MiB - State: RUNNING / | 1 | 6 | 0 | 0 | / - Current verdict: PENDING
[2026-09-17T02:22:12+08:00] WAITING_GPU pid=713034 mem=14908 MiB - State: RUNNING / | 1 | 6 | 0 | 0 | / - Current verdict: PENDING
[2026-09-17T02:23:42+08:00] WAITING_GPU pid=713034 mem=14908 MiB - State: RUNNING / | 1 | 6 | 0 | 0 | / - Current verdict: PENDING
[2026-09-17T02:25:12+08:00] WAITING_GPU pid=713034 mem=14908 MiB - State: RUNNING / | 2 | 6 | 0 | 0 | / - Current verdict: PENDING
[2026-09-17T02:26:43+08:00] WAITING_GPU pid=713034 mem=14908 MiB - State: RUNNING / | 2 | 6 | 0 | 0 | / - Current verdict: PENDING
[2026-09-17T02:28:13+08:00] WAITING_GPU pid=713034 mem=14908 MiB - State: RUNNING / | 2 | 6 | 0 | 0 | / - Current verdict: PENDING
[2026-09-17T02:29:44+08:00] WAITING_GPU pid=713034 mem=14908 MiB - State: RUNNING / | 2 | 6 | 0 | 0 | / - Current verdict: PENDING
[2026-09-17T02:31:14+08:00] WAITING_GPU pid=713034 mem=14908 MiB - State: RUNNING / | 2 | 6 | 0 | 0 | / - Current verdict: PENDING
[2026-09-17T02:32:44+08:00] WAITING_GPU pid=713034 mem=14908 MiB - State: RUNNING / | 2 | 6 | 0 | 0 | / - Current verdict: PENDING
[2026-09-17T02:34:15+08:00] WAITING_GPU pid=713034 mem=14908 MiB - State: RUNNING / | 2 | 6 | 0 | 0 | / - Current verdict: PENDING
[2026-09-17T02:35:45+08:00] WAITING_GPU pid=713034 mem=14908 MiB - State: RUNNING / | 2 | 6 | 0 | 0 | / - Current verdict: PENDING
[2026-09-17T02:37:16+08:00] WAITING_GPU pid=713034 mem=14908 MiB - State: RUNNING / | 2 | 6 | 0 | 0 | / - Current verdict: PENDING
[2026-09-17T02:38:46+08:00] WAITING_GPU pid=713034 mem=14908 MiB - State: RUNNING / | 2 | 6 | 0 | 0 | / - Current verdict: PENDING
[2026-09-17T02:40:16+08:00] WAITING_GPU pid=713034 mem=14908 MiB - State: RUNNING / | 3 | 6 | 0 | 0 | / - Current verdict: PENDING
[2026-09-17T02:41:47+08:00] WAITING_GPU pid=713034 mem=14908 MiB - State: RUNNING / | 3 | 6 | 0 | 0 | / - Current verdict: PENDING
[2026-09-17T02:43:17+08:00] WAITING_GPU pid=713034 mem=14908 MiB - State: RUNNING / | 3 | 6 | 0 | 0 | / - Current verdict: PENDING
[2026-09-17T02:44:47+08:00] WAITING_GPU pid=713034 mem=14908 MiB - State: RUNNING / | 3 | 6 | 0 | 0 | / - Current verdict: PENDING
[2026-09-17T02:46:18+08:00] WAITING_GPU pid=713034 mem=14908 MiB - State: RUNNING / | 3 | 6 | 0 | 0 | / - Current verdict: PENDING
[2026-09-17T02:47:48+08:00] WAITING_GPU pid=713034 mem=14908 MiB - State: RUNNING / | 3 | 6 | 0 | 0 | / - Current verdict: PENDING
[2026-09-17T02:49:19+08:00] WAITING_GPU pid=713034 mem=14908 MiB - State: RUNNING / | 3 | 6 | 0 | 0 | / - Current verdict: PENDING
[2026-09-17T02:50:49+08:00] WAITING_GPU pid=713034 mem=14908 MiB - State: RUNNING / | 3 | 6 | 0 | 0 | / - Current verdict: PENDING
[2026-09-17T02:52:20+08:00] WAITING_GPU pid=713034 mem=14908 MiB - State: RUNNING / | 3 | 6 | 0 | 0 | / - Current verdict: PENDING
[2026-09-17T02:53:50+08:00] WAITING_GPU pid=713034 mem=14908 MiB - State: RUNNING / | 3 | 6 | 0 | 0 | / - Current verdict: PENDING
[2026-09-17T02:55:20+08:00] WAITING_GPU pid=713034 mem=14908 MiB - State: RUNNING / | 3 | 6 | 0 | 0 | / - Current verdict: PENDING
[2026-09-17T02:56:51+08:00] WAITING_GPU pid=713034 mem=14908 MiB - State: RUNNING / | 3 | 6 | 0 | 0 | / - Current verdict: PENDING
[2026-09-17T02:58:21+08:00] WAITING_GPU pid=713034 mem=14908 MiB - State: RUNNING / | 4 | 6 | 0 | 0 | / - Current verdict: PENDING
[2026-09-17T02:59:51+08:00] WAITING_GPU pid=713034 mem=14908 MiB - State: RUNNING / | 4 | 6 | 0 | 0 | / - Current verdict: PENDING
[2026-09-17T03:01:22+08:00] WAITING_GPU pid=713034 mem=14908 MiB - State: RUNNING / | 4 | 6 | 0 | 0 | / - Current verdict: PENDING
[2026-09-17T03:02:52+08:00] WAITING_GPU pid=713034 mem=14908 MiB - State: RUNNING / | 4 | 6 | 0 | 0 | / - Current verdict: PENDING
[2026-09-17T03:04:23+08:00] WAITING_GPU pid=713034 mem=14908 MiB - State: RUNNING / | 4 | 6 | 0 | 0 | / - Current verdict: PENDING
[2026-09-17T03:05:53+08:00] WAITING_GPU pid=713034 mem=14908 MiB - State: RUNNING / | 4 | 6 | 0 | 0 | / - Current verdict: PENDING
[2026-09-17T03:07:23+08:00] WAITING_GPU pid=713034 mem=14908 MiB - State: RUNNING / | 4 | 6 | 0 | 0 | / - Current verdict: PENDING
[2026-09-17T03:08:54+08:00] WAITING_GPU pid=713034 mem=14908 MiB - State: RUNNING / | 4 | 6 | 0 | 0 | / - Current verdict: PENDING
[2026-09-17T03:10:24+08:00] WAITING_GPU pid=713034 mem=14908 MiB - State: RUNNING / | 5 | 6 | 0 | 0 | / - Current verdict: PENDING
[2026-09-17T03:11:55+08:00] WAITING_GPU pid=713034 mem=14908 MiB - State: RUNNING / | 5 | 6 | 0 | 0 | / - Current verdict: PENDING
[2026-09-17T03:13:25+08:00] WAITING_GPU pid=713034 mem=14908 MiB - State: RUNNING / | 5 | 6 | 0 | 0 | / - Current verdict: PENDING
[2026-09-17T03:14:55+08:00] WAITING_GPU pid=713034 mem=14908 MiB - State: RUNNING / | 5 | 6 | 0 | 0 | / - Current verdict: PENDING
[2026-09-17T03:16:26+08:00] WAITING_GPU pid=713034 mem=14908 MiB - State: RUNNING / | 5 | 6 | 0 | 0 | / - Current verdict: PENDING
[2026-09-17T03:17:56+08:00] WAITING_GPU pid=713034 mem=14908 MiB - State: RUNNING / | 5 | 6 | 0 | 0 | / - Current verdict: PENDING
[2026-09-17T03:19:27+08:00] WAITING_GPU pid=713034 mem=14908 MiB - State: RUNNING / | 5 | 6 | 0 | 0 | / - Current verdict: PENDING
[2026-09-17T03:20:57+08:00] WAITING_GPU pid=713034 mem=14908 MiB - State: RUNNING / | 5 | 6 | 0 | 0 | / - Current verdict: PENDING
[2026-09-17T03:22:28+08:00] WAITING_GPU pid=713034 mem=14908 MiB - State: RUNNING / | 5 | 6 | 0 | 0 | / - Current verdict: PENDING
[2026-09-17T03:23:58+08:00] WAITING_GPU pid=713034 mem=14908 MiB - State: RUNNING / | 5 | 6 | 0 | 0 | / - Current verdict: PENDING
[2026-09-17T03:25:28+08:00] WAITING_GPU pid=713034 mem=14908 MiB - State: RUNNING / | 5 | 6 | 0 | 0 | / - Current verdict: PENDING
[2026-09-17T03:26:59+08:00] WAITING_GPU pid=713034 mem=14908 MiB - State: RUNNING / | 5 | 6 | 0 | 0 | / - Current verdict: PENDING
[2026-09-17T03:28:29+08:00] WAITING_GPU pid=725061 mem=12130 MiB - State: RUNNING / | 6 | 24 | 0 | 0 | / - Current verdict: PENDING
[2026-09-17T03:29:59+08:00] WAITING_GPU pid=725061 mem=12800 MiB - State: RUNNING / | 6 | 24 | 0 | 0 | / - Current verdict: PENDING
[2026-09-17T03:31:30+08:00] WAITING_GPU pid=725061 mem=12800 MiB - State: RUNNING / | 6 | 24 | 0 | 0 | / - Current verdict: PENDING
[2026-09-17T03:33:00+08:00] WAITING_GPU pid=725061 mem=12800 MiB - State: RUNNING / | 7 | 24 | 0 | 0 | / - Current verdict: PENDING
[2026-09-17T03:34:30+08:00] WAITING_GPU pid=725061 mem=12800 MiB - State: RUNNING / | 8 | 24 | 0 | 0 | / - Current verdict: PENDING
[2026-09-17T03:36:01+08:00] WAITING_GPU pid=725061 mem=12800 MiB - State: RUNNING / | 8 | 24 | 0 | 0 | / - Current verdict: PENDING
[2026-09-17T03:37:31+08:00] WAITING_GPU pid=725061 mem=12800 MiB - State: RUNNING / | 9 | 24 | 0 | 0 | / - Current verdict: PENDING
[2026-09-17T03:39:01+08:00] WAITING_GPU pid=725061 mem=12800 MiB - State: RUNNING / | 9 | 24 | 0 | 0 | / - Current verdict: PENDING
[2026-09-17T03:40:32+08:00] WAITING_GPU pid=725061 mem=14928 MiB - State: RUNNING / | 9 | 24 | 0 | 0 | / - Current verdict: PENDING
[2026-09-17T03:42:02+08:00] WAITING_GPU pid=725061 mem=14928 MiB - State: RUNNING / | 9 | 24 | 0 | 0 | / - Current verdict: PENDING
[2026-09-17T03:43:33+08:00] WAITING_GPU pid=725061 mem=14928 MiB - State: RUNNING / | 9 | 24 | 0 | 0 | / - Current verdict: PENDING
[2026-09-17T03:45:03+08:00] WAITING_GPU pid=725061 mem=14928 MiB - State: RUNNING / | 10 | 24 | 0 | 0 | / - Current verdict: PENDING
[2026-09-17T03:46:33+08:00] WAITING_GPU pid=725061 mem=14928 MiB - State: RUNNING / | 10 | 24 | 0 | 0 | / - Current verdict: PENDING
[2026-09-17T03:48:04+08:00] WAITING_GPU pid=725061 mem=14928 MiB - State: RUNNING / | 10 | 24 | 0 | 0 | / - Current verdict: PENDING
[2026-09-17T03:49:34+08:00] WAITING_GPU pid=725061 mem=14928 MiB - State: RUNNING / | 10 | 24 | 0 | 0 | / - Current verdict: PENDING
[2026-09-17T03:51:04+08:00] WAITING_GPU pid=725061 mem=14928 MiB - State: RUNNING / | 10 | 24 | 0 | 0 | / - Current verdict: PENDING
[2026-09-17T03:52:35+08:00] WAITING_GPU pid=725061 mem=14928 MiB - State: RUNNING / | 10 | 24 | 0 | 0 | / - Current verdict: PENDING
[2026-09-17T03:54:05+08:00] WAITING_GPU pid=725061 mem=14928 MiB - State: RUNNING / | 11 | 24 | 0 | 0 | / - Current verdict: PENDING
[2026-09-17T03:55:36+08:00] WAITING_GPU pid=725061 mem=14928 MiB - State: RUNNING / | 11 | 24 | 0 | 0 | / - Current verdict: PENDING
[2026-09-17T03:57:06+08:00] WAITING_GPU pid=725061 mem=14928 MiB - State: RUNNING / | 11 | 24 | 0 | 0 | / - Current verdict: PENDING
[2026-09-17T03:58:36+08:00] WAITING_GPU pid=725061 mem=14928 MiB - State: RUNNING / | 12 | 24 | 0 | 0 | / - Current verdict: PENDING
[2026-09-17T04:00:07+08:00] WAITING_GPU pid=725061 mem=14928 MiB - State: RUNNING / | 12 | 24 | 0 | 0 | / - Current verdict: PENDING
[2026-09-17T04:01:37+08:00] WAITING_GPU pid=725061 mem=14928 MiB - State: RUNNING / | 13 | 24 | 0 | 0 | / - Current verdict: PENDING
[2026-09-17T04:03:08+08:00] WAITING_GPU pid=725061 mem=14928 MiB - State: RUNNING / | 13 | 24 | 0 | 0 | / - Current verdict: PENDING
[2026-09-17T04:04:38+08:00] WAITING_GPU pid=725061 mem=14928 MiB - State: RUNNING / | 14 | 24 | 0 | 0 | / - Current verdict: PENDING
[2026-09-17T04:06:08+08:00] WAITING_GPU pid=725061 mem=14928 MiB - State: RUNNING / | 15 | 24 | 0 | 0 | / - Current verdict: PENDING
[2026-09-17T04:07:39+08:00] WAITING_GPU pid=725061 mem=14928 MiB - State: RUNNING / | 15 | 24 | 0 | 0 | / - Current verdict: PENDING
[2026-09-17T04:09:09+08:00] WAITING_GPU pid=725061 mem=14928 MiB - State: RUNNING / | 15 | 24 | 0 | 0 | / - Current verdict: PENDING
[2026-09-17T04:10:40+08:00] WAITING_GPU pid=725061 mem=14928 MiB - State: RUNNING / | 15 | 24 | 0 | 0 | / - Current verdict: PENDING
[2026-09-17T04:12:10+08:00] WAITING_GPU pid=725061 mem=14928 MiB - State: RUNNING / | 15 | 24 | 0 | 0 | / - Current verdict: PENDING
[2026-09-17T04:13:40+08:00] WAITING_GPU pid=725061 mem=14928 MiB - State: RUNNING / | 16 | 24 | 0 | 0 | / - Current verdict: PENDING
[2026-09-17T04:15:11+08:00] WAITING_GPU pid=725061 mem=14928 MiB - State: RUNNING / | 16 | 24 | 0 | 0 | / - Current verdict: PENDING
[2026-09-17T04:16:41+08:00] WAITING_GPU pid=725061 mem=14928 MiB - State: RUNNING / | 16 | 24 | 0 | 0 | / - Current verdict: PENDING
[2026-09-17T04:18:11+08:00] WAITING_GPU pid=725061 mem=14928 MiB - State: RUNNING / | 16 | 24 | 0 | 0 | / - Current verdict: PENDING
[2026-09-17T04:19:42+08:00] WAITING_GPU pid=725061 mem=14928 MiB - State: RUNNING / | 16 | 24 | 0 | 0 | / - Current verdict: PENDING
[2026-09-17T04:21:12+08:00] WAITING_GPU pid=725061 mem=14928 MiB - State: RUNNING / | 16 | 24 | 0 | 0 | / - Current verdict: PENDING
[2026-09-17T04:22:43+08:00] WAITING_GPU pid=725061 mem=14928 MiB - State: RUNNING / | 16 | 24 | 0 | 0 | / - Current verdict: PENDING
[2026-09-17T04:24:13+08:00] WAITING_GPU pid=725061 mem=14928 MiB - State: RUNNING / | 17 | 24 | 0 | 0 | / - Current verdict: PENDING
[2026-09-17T04:25:43+08:00] WAITING_GPU pid=725061 mem=14928 MiB - State: RUNNING / | 17 | 24 | 0 | 0 | / - Current verdict: PENDING
[2026-09-17T04:27:14+08:00] WAITING_GPU pid=725061 mem=14928 MiB - State: RUNNING / | 18 | 24 | 0 | 0 | / - Current verdict: PENDING
[2026-09-17T04:28:44+08:00] WAITING_GPU pid=725061 mem=14928 MiB - State: RUNNING / | 18 | 24 | 0 | 0 | / - Current verdict: PENDING
[2026-09-17T04:30:15+08:00] WAITING_GPU pid=725061 mem=14928 MiB - State: RUNNING / | 18 | 24 | 0 | 0 | / - Current verdict: PENDING
[2026-09-17T04:31:45+08:00] WAITING_GPU pid=725061 mem=14928 MiB - State: RUNNING / | 19 | 24 | 0 | 0 | / - Current verdict: PENDING
[2026-09-17T04:33:15+08:00] WAITING_GPU pid=725061 mem=14928 MiB - State: RUNNING / | 19 | 24 | 0 | 0 | / - Current verdict: PENDING
[2026-09-17T04:34:46+08:00] WAITING_GPU pid=725061 mem=14928 MiB - State: RUNNING / | 20 | 24 | 0 | 0 | / - Current verdict: PENDING
[2026-09-17T04:36:16+08:00] WAITING_GPU pid=725061 mem=14928 MiB - State: RUNNING / | 21 | 24 | 0 | 0 | / - Current verdict: PENDING
[2026-09-17T04:37:46+08:00] WAITING_GPU pid=725061 mem=14928 MiB - State: RUNNING / | 21 | 24 | 0 | 0 | / - Current verdict: PENDING
[2026-09-17T04:39:17+08:00] WAITING_GPU pid=725061 mem=14928 MiB - State: RUNNING / | 21 | 24 | 0 | 0 | / - Current verdict: PENDING
[2026-09-17T04:40:47+08:00] WAITING_GPU pid=725061 mem=14928 MiB - State: RUNNING / | 21 | 24 | 0 | 0 | / - Current verdict: PENDING
[2026-09-17T04:42:18+08:00] WAITING_GPU pid=725061 mem=14928 MiB - State: RUNNING / | 21 | 24 | 0 | 0 | / - Current verdict: PENDING
[2026-09-17T04:43:48+08:00] WAITING_GPU pid=725061 mem=14928 MiB - State: RUNNING / | 22 | 24 | 0 | 0 | / - Current verdict: PENDING
[2026-09-17T04:45:18+08:00] WAITING_GPU pid=725061 mem=14928 MiB - State: RUNNING / | 22 | 24 | 0 | 0 | / - Current verdict: PENDING
[2026-09-17T04:46:49+08:00] WAITING_GPU pid=725061 mem=14928 MiB - State: RUNNING / | 22 | 24 | 0 | 0 | / - Current verdict: PENDING
[2026-09-17T04:48:19+08:00] WAITING_GPU pid=725061 mem=14928 MiB - State: RUNNING / | 22 | 24 | 0 | 0 | / - Current verdict: PENDING
[2026-09-17T04:49:50+08:00] WAITING_GPU pid=725061 mem=14928 MiB - State: RUNNING / | 22 | 24 | 0 | 0 | / - Current verdict: PENDING
[2026-09-17T04:51:20+08:00] WAITING_GPU pid=725061 mem=14928 MiB - State: RUNNING / | 22 | 24 | 0 | 0 | / - Current verdict: PENDING
[2026-09-17T04:52:50+08:00] WAITING_GPU pid=725061 mem=14928 MiB - State: RUNNING / | 22 | 24 | 0 | 0 | / - Current verdict: PENDING
[2026-09-17T04:54:21+08:00] WAITING_GPU pid=725061 mem=14928 MiB - State: RUNNING / | 22 | 24 | 0 | 0 | / - Current verdict: PENDING
[2026-09-17T04:55:51+08:00] WAITING_GPU pid=725061 mem=14928 MiB - State: RUNNING / | 23 | 24 | 0 | 0 | / - Current verdict: PENDING
[2026-09-17T04:57:22+08:00] WAITING_GPU pid=725061 mem=14928 MiB - State: RUNNING / | 23 | 24 | 0 | 0 | / - Current verdict: PENDING
[2026-09-17T04:58:52+08:00] WAITING_GPU pid=725061 mem=14928 MiB - State: RUNNING / | 23 | 24 | 0 | 0 | / - Current verdict: PENDING
[2026-09-17T05:00:22+08:00] GPU_FREE
[2026-09-17T05:00:22+08:00] STAGE_START /root/autodl-tmp/conda/envs/vattack/bin/python -u /root/autodl-tmp/multimodal_attack_project/V-CachePoll/scripts/run_extend.py --phase p4 --stage smoke --limit 2

===== p4 smoke 2026-09-17T05:00:22+08:00 =====
The argument `trust_remote_code` is to be used with Auto classes. It has no effect here and is ignored.
`Qwen2VLRotaryEmbedding` can now be fully parameterized by passing the model config through the `config` argument. All other arguments will be removed in v4.46
Loading checkpoint shards:   0%|          | 0/5 [00:00<?, ?it/s]Loading checkpoint shards:  20%|██        | 1/5 [00:00<00:03,  1.04it/s]Loading checkpoint shards:  40%|████      | 2/5 [00:01<00:02,  1.13it/s]Loading checkpoint shards:  60%|██████    | 3/5 [00:02<00:01,  1.13it/s]Loading checkpoint shards:  80%|████████  | 4/5 [00:03<00:00,  1.14it/s]Loading checkpoint shards: 100%|██████████| 5/5 [00:03<00:00,  1.51it/s]Loading checkpoint shards: 100%|██████████| 5/5 [00:03<00:00,  1.31it/s]
== p4 smoke c000 ==
p4 c000 1/6 L=0.986 Lq=-0.0524 Le=-0.223 rA=0.174 rB=0.226 a_out=0 u_out=0 mem=20.575724601745605
p4 c000 2/6 L=0.938 Lq=-0.0689 Le=-0.270 rA=0.166 rB=0.234 a_out=1 u_out=1 mem=20.59308433532715
p4 c000 3/6 L=0.930 Lq=-0.0667 Le=-0.290 rA=0.167 rB=0.233 a_out=1 u_out=1 mem=20.59308433532715
p4 c000 4/6 L=0.788 Lq=-0.0764 Le=-0.321 rA=0.162 rB=0.238 a_out=2 u_out=2 mem=20.59308433532715
p4 c000 5/6 L=0.925 Lq=-0.0706 Le=-0.292 rA=0.165 rB=0.235 a_out=1 u_out=1 mem=20.59308433532715
p4 c000 6/6 L=0.779 Lq=-0.0846 Le=-0.320 rA=0.158 rB=0.242 a_out=2 u_out=2 mem=20.59308433532715
== p4 smoke c003 ==
p4 c003 1/6 L=1.083 Lq=-0.0237 Le=-0.070 rA=0.188 rB=0.212 a_out=0 u_out=0 mem=20.823447704315186
p4 c003 2/6 L=1.051 Lq=-0.0412 Le=-0.069 rA=0.179 rB=0.221 a_out=1 u_out=1 mem=20.830907344818115
p4 c003 3/6 L=0.994 Lq=-0.0563 Le=-0.117 rA=0.172 rB=0.228 a_out=2 u_out=2 mem=20.83114767074585
p4 c003 4/6 L=0.965 Lq=-0.0605 Le=-0.147 rA=0.170 rB=0.230 a_out=3 u_out=3 mem=20.83114767074585
p4 c003 5/6 L=0.954 Lq=-0.0606 Le=-0.169 rA=0.170 rB=0.230 a_out=3 u_out=3 mem=20.83114767074585
p4 c003 6/6 L=0.951 Lq=-0.0679 Le=-0.163 rA=0.166 rB=0.234 a_out=3 u_out=3 mem=20.83114767074585
== extend p4-smoke ==
{'n': 2, 'path': '/root/autodl-tmp/multimodal_attack_project/V-CachePoll/out/p4/p4_smoke.json', 'elapsed_s': 16.362964153289795}
[2026-09-17T05:00:49+08:00] STAGE_OK p4-smoke
[2026-09-17T05:00:49+08:00] p4 smoke gate: delta_A=0 and linf ok on 2/2
[2026-09-17T05:00:49+08:00] STAGE_START /root/autodl-tmp/conda/envs/vattack/bin/python -u /root/autodl-tmp/multimodal_attack_project/V-CachePoll/scripts/run_extend.py --phase p4 --stage pilot --limit 8

===== p4 pilot 2026-09-17T05:00:49+08:00 =====
The argument `trust_remote_code` is to be used with Auto classes. It has no effect here and is ignored.
`Qwen2VLRotaryEmbedding` can now be fully parameterized by passing the model config through the `config` argument. All other arguments will be removed in v4.46
Loading checkpoint shards:   0%|          | 0/5 [00:00<?, ?it/s]Loading checkpoint shards:  20%|██        | 1/5 [00:00<00:03,  1.03it/s]Loading checkpoint shards:  40%|████      | 2/5 [00:01<00:02,  1.21it/s]Loading checkpoint shards:  60%|██████    | 3/5 [00:02<00:01,  1.32it/s]Loading checkpoint shards:  80%|████████  | 4/5 [00:03<00:00,  1.35it/s]Loading checkpoint shards: 100%|██████████| 5/5 [00:03<00:00,  1.80it/s]Loading checkpoint shards: 100%|██████████| 5/5 [00:03<00:00,  1.51it/s]
== p4 attack c000 (1/8) ==
p4 c000 1/40 L=0.986 Lq=-0.0524 Le=-0.223 rA=0.174 rB=0.226 a_out=0 u_out=0 mem=20.575724601745605
p4 c000 2/40 L=0.932 Lq=-0.0698 Le=-0.279 rA=0.165 rB=0.235 a_out=1 u_out=1 mem=20.59308433532715
p4 c000 3/40 L=0.920 Lq=-0.0731 Le=-0.299 rA=0.163 rB=0.237 a_out=1 u_out=1 mem=20.59308433532715
p4 c000 4/40 L=0.921 Lq=-0.0735 Le=-0.297 rA=0.163 rB=0.237 a_out=1 u_out=1 mem=20.59308433532715
p4 c000 5/40 L=0.919 Lq=-0.0724 Le=-0.303 rA=0.164 rB=0.236 a_out=1 u_out=1 mem=20.59308433532715
p4 c000 6/40 L=0.794 Lq=-0.0797 Le=-0.302 rA=0.160 rB=0.240 a_out=2 u_out=2 mem=20.59308433532715
p4 c000 7/40 L=0.760 Lq=-0.0901 Le=-0.337 rA=0.155 rB=0.245 a_out=3 u_out=3 mem=20.59308433532715
p4 c000 8/40 L=0.740 Lq=-0.1014 Le=-0.356 rA=0.149 rB=0.251 a_out=3 u_out=3 mem=20.59308433532715
p4 c000 9/40 L=0.717 Lq=-0.1115 Le=-0.374 rA=0.144 rB=0.256 a_out=4 u_out=4 mem=20.59308433532715
p4 c000 10/40 L=0.717 Lq=-0.1099 Le=-0.376 rA=0.145 rB=0.255 a_out=4 u_out=4 mem=20.59308433532715
p4 c000 11/40 L=0.713 Lq=-0.1128 Le=-0.378 rA=0.144 rB=0.256 a_out=4 u_out=4 mem=20.59308433532715
p4 c000 12/40 L=0.738 Lq=-0.1044 Le=-0.353 rA=0.148 rB=0.252 a_out=3 u_out=3 mem=20.59308433532715
p4 c000 13/40 L=0.722 Lq=-0.1118 Le=-0.363 rA=0.144 rB=0.256 a_out=4 u_out=4 mem=20.59308433532715
p4 c000 14/40 L=0.726 Lq=-0.1084 Le=-0.361 rA=0.146 rB=0.254 a_out=4 u_out=4 mem=20.59308433532715
p4 c000 15/40 L=0.724 Lq=-0.1098 Le=-0.363 rA=0.145 rB=0.255 a_out=4 u_out=4 mem=20.59308433532715
p4 c000 16/40 L=0.723 Lq=-0.1095 Le=-0.365 rA=0.145 rB=0.255 a_out=4 u_out=4 mem=20.59308433532715
p4 c000 17/40 L=0.621 Lq=-0.1218 Le=-0.385 rA=0.139 rB=0.261 a_out=5 u_out=5 mem=20.59308433532715
p4 c000 18/40 L=0.624 Lq=-0.1207 Le=-0.383 rA=0.140 rB=0.260 a_out=5 u_out=5 mem=20.59308433532715
p4 c000 19/40 L=0.625 Lq=-0.1218 Le=-0.380 rA=0.139 rB=0.261 a_out=5 u_out=5 mem=20.59308433532715
p4 c000 20/40 L=0.614 Lq=-0.1263 Le=-0.391 rA=0.137 rB=0.263 a_out=5 u_out=5 mem=20.59308433532715
p4 c000 21/40 L=0.708 Lq=-0.1192 Le=-0.375 rA=0.140 rB=0.260 a_out=4 u_out=4 mem=20.59308433532715
p4 c000 22/40 L=0.618 Lq=-0.1240 Le=-0.388 rA=0.138 rB=0.262 a_out=5 u_out=5 mem=20.59308433532715
p4 c000 23/40 L=0.705 Lq=-0.1188 Le=-0.382 rA=0.141 rB=0.259 a_out=4 u_out=4 mem=20.59308433532715
p4 c000 24/40 L=0.626 Lq=-0.1207 Le=-0.380 rA=0.140 rB=0.260 a_out=5 u_out=5 mem=20.59308433532715
p4 c000 25/40 L=0.709 Lq=-0.1168 Le=-0.378 rA=0.142 rB=0.258 a_out=4 u_out=4 mem=20.59308433532715
p4 c000 26/40 L=0.627 Lq=-0.1203 Le=-0.377 rA=0.140 rB=0.260 a_out=5 u_out=5 mem=20.59308433532715
p4 c000 27/40 L=0.623 Lq=-0.1212 Le=-0.383 rA=0.139 rB=0.261 a_out=5 u_out=5 mem=20.59308433532715
p4 c000 28/40 L=0.616 Lq=-0.1239 Le=-0.393 rA=0.138 rB=0.262 a_out=5 u_out=5 mem=20.59308433532715
p4 c000 29/40 L=0.603 Lq=-0.1338 Le=-0.400 rA=0.133 rB=0.267 a_out=5 u_out=5 mem=20.59308433532715
p4 c000 30/40 L=0.601 Lq=-0.1342 Le=-0.402 rA=0.133 rB=0.267 a_out=5 u_out=5 mem=20.59308433532715
p4 c000 31/40 L=0.586 Lq=-0.1421 Le=-0.411 rA=0.129 rB=0.271 a_out=6 u_out=6 mem=20.59308433532715
p4 c000 32/40 L=0.620 Lq=-0.1228 Le=-0.387 rA=0.139 rB=0.261 a_out=5 u_out=5 mem=20.59308433532715
p4 c000 33/40 L=0.711 Lq=-0.1147 Le=-0.378 rA=0.143 rB=0.257 a_out=4 u_out=4 mem=20.59308433532715
p4 c000 34/40 L=0.604 Lq=-0.1322 Le=-0.400 rA=0.134 rB=0.266 a_out=5 u_out=5 mem=20.59308433532715
p4 c000 35/40 L=0.619 Lq=-0.1235 Le=-0.387 rA=0.138 rB=0.262 a_out=5 u_out=5 mem=20.59308433532715
p4 c000 36/40 L=0.608 Lq=-0.1296 Le=-0.398 rA=0.135 rB=0.265 a_out=5 u_out=5 mem=20.59308433532715
p4 c000 37/40 L=0.594 Lq=-0.1375 Le=-0.405 rA=0.131 rB=0.269 a_out=6 u_out=6 mem=20.59308433532715
p4 c000 38/40 L=0.597 Lq=-0.1359 Le=-0.403 rA=0.132 rB=0.268 a_out=6 u_out=6 mem=20.59308433532715
p4 c000 39/40 L=0.589 Lq=-0.1408 Le=-0.408 rA=0.130 rB=0.270 a_out=6 u_out=6 mem=20.59308433532715
p4 c000 40/40 L=0.606 Lq=-0.1311 Le=-0.397 rA=0.134 rB=0.266 a_out=5 u_out=5 mem=20.59308433532715
== p4 attack c003 (2/8) ==
p4 c003 1/40 L=1.083 Lq=-0.0237 Le=-0.070 rA=0.188 rB=0.212 a_out=0 u_out=0 mem=20.823398113250732
p4 c003 2/40 L=1.051 Lq=-0.0426 Le=-0.067 rA=0.179 rB=0.221 a_out=1 u_out=1 mem=20.831098079681396
p4 c003 3/40 L=0.973 Lq=-0.0610 Le=-0.130 rA=0.170 rB=0.230 a_out=3 u_out=3 mem=20.831098079681396
p4 c003 4/40 L=0.953 Lq=-0.0649 Le=-0.165 rA=0.168 rB=0.232 a_out=3 u_out=3 mem=20.831098079681396
p4 c003 5/40 L=0.962 Lq=-0.0616 Le=-0.152 rA=0.169 rB=0.231 a_out=3 u_out=3 mem=20.831098079681396
p4 c003 6/40 L=0.815 Lq=-0.0789 Le=-0.190 rA=0.161 rB=0.239 a_out=4 u_out=4 mem=20.831098079681396
p4 c003 7/40 L=0.794 Lq=-0.0822 Le=-0.225 rA=0.159 rB=0.241 a_out=4 u_out=4 mem=20.831098079681396
p4 c003 8/40 L=0.801 Lq=-0.0829 Le=-0.211 rA=0.159 rB=0.241 a_out=4 u_out=4 mem=20.831098079681396
p4 c003 9/40 L=0.759 Lq=-0.0929 Le=-0.261 rA=0.154 rB=0.246 a_out=5 u_out=5 mem=20.831098079681396
p4 c003 10/40 L=0.757 Lq=-0.0941 Le=-0.264 rA=0.153 rB=0.247 a_out=5 u_out=5 mem=20.831098079681396
p4 c003 11/40 L=0.756 Lq=-0.0960 Le=-0.261 rA=0.152 rB=0.248 a_out=5 u_out=5 mem=20.831098079681396
p4 c003 12/40 L=0.766 Lq=-0.0900 Le=-0.252 rA=0.155 rB=0.245 a_out=5 u_out=5 mem=20.831098079681396
p4 c003 13/40 L=0.750 Lq=-0.0975 Le=-0.269 rA=0.151 rB=0.249 a_out=5 u_out=5 mem=20.831098079681396
p4 c003 14/40 L=0.754 Lq=-0.0941 Le=-0.269 rA=0.153 rB=0.247 a_out=5 u_out=5 mem=20.831098079681396
p4 c003 15/40 L=0.669 Lq=-0.1040 Le=-0.287 rA=0.148 rB=0.252 a_out=6 u_out=6 mem=20.831098079681396
p4 c003 16/40 L=0.665 Lq=-0.1057 Le=-0.292 rA=0.147 rB=0.253 a_out=6 u_out=6 mem=20.831098079681396
p4 c003 17/40 L=0.660 Lq=-0.1096 Le=-0.295 rA=0.145 rB=0.255 a_out=6 u_out=6 mem=20.831098079681396
p4 c003 18/40 L=0.565 Lq=-0.1262 Le=-0.341 rA=0.137 rB=0.263 a_out=7 u_out=7 mem=20.831098079681396
p4 c003 19/40 L=0.525 Lq=-0.1321 Le=-0.341 rA=0.134 rB=0.266 a_out=8 u_out=7 mem=20.831098079681396
p4 c003 20/40 L=0.529 Lq=-0.1309 Le=-0.337 rA=0.135 rB=0.265 a_out=8 u_out=7 mem=20.831098079681396
p4 c003 21/40 L=0.577 Lq=-0.1237 Le=-0.324 rA=0.138 rB=0.262 a_out=7 u_out=7 mem=20.831098079681396
p4 c003 22/40 L=0.576 Lq=-0.1215 Le=-0.329 rA=0.139 rB=0.261 a_out=7 u_out=7 mem=20.831098079681396
p4 c003 23/40 L=0.568 Lq=-0.1258 Le=-0.337 rA=0.137 rB=0.263 a_out=7 u_out=7 mem=20.831098079681396
p4 c003 24/40 L=0.563 Lq=-0.1278 Le=-0.342 rA=0.136 rB=0.264 a_out=7 u_out=7 mem=20.831098079681396
p4 c003 25/40 L=0.522 Lq=-0.1357 Le=-0.340 rA=0.132 rB=0.268 a_out=8 u_out=7 mem=20.831098079681396
p4 c003 26/40 L=0.571 Lq=-0.1269 Le=-0.331 rA=0.137 rB=0.263 a_out=7 u_out=7 mem=20.831098079681396
p4 c003 27/40 L=0.511 Lq=-0.1409 Le=-0.353 rA=0.130 rB=0.270 a_out=8 u_out=7 mem=20.831098079681396
p4 c003 28/40 L=0.533 Lq=-0.1301 Le=-0.329 rA=0.135 rB=0.265 a_out=8 u_out=7 mem=20.831098079681396
p4 c003 29/40 L=0.473 Lq=-0.1452 Le=-0.358 rA=0.127 rB=0.273 a_out=9 u_out=7 mem=20.831098079681396
p4 c003 30/40 L=0.462 Lq=-0.1509 Le=-0.369 rA=0.125 rB=0.275 a_out=9 u_out=7 mem=20.831098079681396
p4 c003 31/40 L=0.458 Lq=-0.1525 Le=-0.373 rA=0.124 rB=0.276 a_out=9 u_out=7 mem=20.831098079681396
p4 c003 32/40 L=0.461 Lq=-0.1532 Le=-0.366 rA=0.123 rB=0.277 a_out=9 u_out=7 mem=20.831098079681396
p4 c003 33/40 L=0.457 Lq=-0.1562 Le=-0.369 rA=0.122 rB=0.278 a_out=9 u_out=7 mem=20.831098079681396
p4 c003 34/40 L=0.412 Lq=-0.1647 Le=-0.385 rA=0.118 rB=0.282 a_out=10 u_out=7 mem=20.831098079681396
p4 c003 35/40 L=0.421 Lq=-0.1602 Le=-0.375 rA=0.120 rB=0.280 a_out=10 u_out=7 mem=20.831098079681396
p4 c003 36/40 L=0.419 Lq=-0.1610 Le=-0.378 rA=0.119 rB=0.281 a_out=10 u_out=7 mem=20.831098079681396
p4 c003 37/40 L=0.417 Lq=-0.1620 Le=-0.379 rA=0.119 rB=0.281 a_out=10 u_out=7 mem=20.831098079681396
p4 c003 38/40 L=0.411 Lq=-0.1658 Le=-0.386 rA=0.117 rB=0.283 a_out=10 u_out=7 mem=20.831098079681396
p4 c003 39/40 L=0.407 Lq=-0.1669 Le=-0.390 rA=0.117 rB=0.283 a_out=10 u_out=7 mem=20.831098079681396
p4 c003 40/40 L=0.339 Lq=-0.1729 Le=-0.399 rA=0.114 rB=0.286 a_out=11 u_out=7 mem=20.831098079681396
== p4 attack c004 (3/8) ==
p4 c004 1/40 L=1.047 Lq=+0.0016 Le=-0.083 rA=0.201 rB=0.199 a_out=0 u_out=0 mem=20.831098079681396
p4 c004 2/40 L=1.033 Lq=+0.0051 Le=-0.118 rA=0.203 rB=0.197 a_out=0 u_out=0 mem=20.831098079681396
p4 c004 3/40 L=0.982 Lq=-0.0091 Le=-0.174 rA=0.195 rB=0.205 a_out=1 u_out=1 mem=20.831098079681396
p4 c004 4/40 L=0.952 Lq=-0.0229 Le=-0.205 rA=0.189 rB=0.211 a_out=1 u_out=1 mem=20.831098079681396
p4 c004 5/40 L=0.963 Lq=-0.0171 Le=-0.196 rA=0.191 rB=0.209 a_out=1 u_out=1 mem=20.831098079681396
p4 c004 6/40 L=0.915 Lq=-0.0300 Le=-0.230 rA=0.185 rB=0.215 a_out=2 u_out=2 mem=20.831098079681396
p4 c004 7/40 L=0.923 Lq=-0.0245 Le=-0.225 rA=0.188 rB=0.212 a_out=2 u_out=2 mem=20.831098079681396
p4 c004 8/40 L=0.924 Lq=-0.0298 Le=-0.212 rA=0.185 rB=0.215 a_out=2 u_out=2 mem=20.831098079681396
p4 c004 9/40 L=0.913 Lq=-0.0307 Le=-0.233 rA=0.185 rB=0.215 a_out=2 u_out=2 mem=20.831098079681396
p4 c004 10/40 L=0.904 Lq=-0.0361 Le=-0.240 rA=0.182 rB=0.218 a_out=2 u_out=2 mem=20.831098079681396
p4 c004 11/40 L=0.890 Lq=-0.0428 Le=-0.251 rA=0.179 rB=0.221 a_out=3 u_out=3 mem=20.831098079681396
p4 c004 12/40 L=0.898 Lq=-0.0384 Le=-0.247 rA=0.181 rB=0.219 a_out=2 u_out=2 mem=20.831098079681396
p4 c004 13/40 L=0.870 Lq=-0.0511 Le=-0.275 rA=0.174 rB=0.226 a_out=3 u_out=3 mem=20.831098079681396
p4 c004 14/40 L=0.889 Lq=-0.0399 Le=-0.258 rA=0.180 rB=0.220 a_out=3 u_out=3 mem=20.831098079681396
p4 c004 15/40 L=0.813 Lq=-0.0580 Le=-0.291 rA=0.171 rB=0.229 a_out=4 u_out=4 mem=20.831098079681396
p4 c004 16/40 L=0.867 Lq=-0.0503 Le=-0.281 rA=0.175 rB=0.225 a_out=3 u_out=3 mem=20.831098079681396
p4 c004 17/40 L=0.889 Lq=-0.0434 Le=-0.252 rA=0.178 rB=0.222 a_out=3 u_out=3 mem=20.831098079681396
p4 c004 18/40 L=0.880 Lq=-0.0451 Le=-0.267 rA=0.177 rB=0.223 a_out=3 u_out=3 mem=20.831098079681396
p4 c004 19/40 L=0.813 Lq=-0.0583 Le=-0.291 rA=0.171 rB=0.229 a_out=4 u_out=4 mem=20.831098079681396
p4 c004 20/40 L=0.887 Lq=-0.0475 Le=-0.249 rA=0.176 rB=0.224 a_out=3 u_out=3 mem=20.831098079681396
p4 c004 21/40 L=0.819 Lq=-0.0579 Le=-0.280 rA=0.171 rB=0.229 a_out=4 u_out=4 mem=20.831098079681396
p4 c004 22/40 L=0.805 Lq=-0.0651 Le=-0.292 rA=0.167 rB=0.233 a_out=4 u_out=4 mem=20.831098079681396
p4 c004 23/40 L=0.797 Lq=-0.0689 Le=-0.301 rA=0.166 rB=0.234 a_out=4 u_out=4 mem=20.831098079681396
p4 c004 24/40 L=0.794 Lq=-0.0673 Le=-0.310 rA=0.166 rB=0.234 a_out=4 u_out=4 mem=20.831098079681396
p4 c004 25/40 L=0.805 Lq=-0.0619 Le=-0.299 rA=0.169 rB=0.231 a_out=4 u_out=4 mem=20.831098079681396
p4 c004 26/40 L=0.805 Lq=-0.0650 Le=-0.292 rA=0.167 rB=0.233 a_out=4 u_out=4 mem=20.831098079681396
p4 c004 27/40 L=0.879 Lq=-0.0536 Le=-0.251 rA=0.173 rB=0.227 a_out=3 u_out=3 mem=20.831098079681396
p4 c004 28/40 L=0.823 Lq=-0.0568 Le=-0.274 rA=0.172 rB=0.228 a_out=4 u_out=4 mem=20.831098079681396
p4 c004 29/40 L=0.872 Lq=-0.0519 Le=-0.270 rA=0.174 rB=0.226 a_out=3 u_out=3 mem=20.831098079681396
p4 c004 30/40 L=0.820 Lq=-0.0542 Le=-0.284 rA=0.173 rB=0.227 a_out=4 u_out=4 mem=20.831098079681396
p4 c004 31/40 L=0.882 Lq=-0.0460 Le=-0.260 rA=0.177 rB=0.223 a_out=3 u_out=3 mem=20.831098079681396
p4 c004 32/40 L=0.872 Lq=-0.0501 Le=-0.273 rA=0.175 rB=0.225 a_out=3 u_out=3 mem=20.831098079681396
p4 c004 33/40 L=0.891 Lq=-0.0449 Le=-0.245 rA=0.178 rB=0.222 a_out=3 u_out=3 mem=20.831098079681396
p4 c004 34/40 L=0.816 Lq=-0.0598 Le=-0.283 rA=0.170 rB=0.230 a_out=4 u_out=4 mem=20.831098079681396
p4 c004 35/40 L=0.818 Lq=-0.0591 Le=-0.279 rA=0.170 rB=0.230 a_out=4 u_out=4 mem=20.831098079681396
p4 c004 36/40 L=0.730 Lq=-0.0823 Le=-0.330 rA=0.159 rB=0.241 a_out=5 u_out=5 mem=20.831098079681396
p4 c004 37/40 L=0.743 Lq=-0.0750 Le=-0.318 rA=0.163 rB=0.237 a_out=5 u_out=5 mem=20.831098079681396
p4 c004 38/40 L=0.804 Lq=-0.0619 Le=-0.302 rA=0.169 rB=0.231 a_out=4 u_out=4 mem=20.831098079681396
p4 c004 39/40 L=0.731 Lq=-0.0785 Le=-0.336 rA=0.161 rB=0.239 a_out=5 u_out=5 mem=20.831098079681396
p4 c004 40/40 L=0.685 Lq=-0.0885 Le=-0.364 rA=0.156 rB=0.244 a_out=6 u_out=6 mem=20.831098079681396
== p4 attack c005 (4/8) ==
p4 c005 1/40 L=1.327 Lq=-0.0372 Le=-0.168 rA=0.181 rB=0.219 a_out=0 u_out=0 mem=20.831098079681396
p4 c005 2/40 L=1.137 Lq=-0.0495 Le=-0.201 rA=0.175 rB=0.225 a_out=1 u_out=1 mem=20.831098079681396
p4 c005 3/40 L=0.897 Lq=-0.0661 Le=-0.256 rA=0.167 rB=0.233 a_out=2 u_out=2 mem=20.831098079681396
p4 c005 4/40 L=0.899 Lq=-0.0625 Le=-0.258 rA=0.169 rB=0.231 a_out=2 u_out=2 mem=20.831098079681396
p4 c005 5/40 L=0.803 Lq=-0.0831 Le=-0.292 rA=0.158 rB=0.242 a_out=3 u_out=3 mem=20.831098079681396
p4 c005 6/40 L=0.732 Lq=-0.0913 Le=-0.309 rA=0.154 rB=0.246 a_out=4 u_out=4 mem=20.831098079681396
p4 c005 7/40 L=0.784 Lq=-0.0888 Le=-0.318 rA=0.156 rB=0.244 a_out=3 u_out=3 mem=20.831098079681396
p4 c005 8/40 L=0.786 Lq=-0.0903 Le=-0.312 rA=0.155 rB=0.245 a_out=3 u_out=3 mem=20.831098079681396
p4 c005 9/40 L=0.704 Lq=-0.1060 Le=-0.334 rA=0.147 rB=0.253 a_out=4 u_out=4 mem=20.831098079681396
p4 c005 10/40 L=0.721 Lq=-0.0957 Le=-0.322 rA=0.152 rB=0.248 a_out=4 u_out=4 mem=20.831098079681396
p4 c005 11/40 L=0.694 Lq=-0.1072 Le=-0.337 rA=0.146 rB=0.254 a_out=5 u_out=5 mem=20.831098079681396
p4 c005 12/40 L=0.796 Lq=-0.0870 Le=-0.297 rA=0.157 rB=0.243 a_out=3 u_out=3 mem=20.831098079681396
p4 c005 13/40 L=0.792 Lq=-0.0888 Le=-0.302 rA=0.156 rB=0.244 a_out=3 u_out=3 mem=20.831098079681396
p4 c005 14/40 L=0.687 Lq=-0.1110 Le=-0.344 rA=0.144 rB=0.256 a_out=5 u_out=5 mem=20.831098079681396
p4 c005 15/40 L=0.678 Lq=-0.1160 Le=-0.352 rA=0.142 rB=0.258 a_out=5 u_out=5 mem=20.831098079681396
p4 c005 16/40 L=0.662 Lq=-0.1232 Le=-0.358 rA=0.138 rB=0.262 a_out=6 u_out=6 mem=20.831098079681396
p4 c005 17/40 L=0.656 Lq=-0.1241 Le=-0.369 rA=0.138 rB=0.262 a_out=6 u_out=6 mem=20.831098079681396
p4 c005 18/40 L=0.651 Lq=-0.1278 Le=-0.370 rA=0.136 rB=0.264 a_out=6 u_out=6 mem=20.831098079681396
p4 c005 19/40 L=0.658 Lq=-0.1242 Le=-0.365 rA=0.138 rB=0.262 a_out=6 u_out=6 mem=20.831098079681396
p4 c005 20/40 L=0.663 Lq=-0.1223 Le=-0.358 rA=0.139 rB=0.261 a_out=6 u_out=6 mem=20.831098079681396
p4 c005 21/40 L=0.658 Lq=-0.1273 Le=-0.358 rA=0.136 rB=0.264 a_out=6 u_out=6 mem=20.831098079681396
p4 c005 22/40 L=0.638 Lq=-0.1380 Le=-0.377 rA=0.131 rB=0.269 a_out=6 u_out=6 mem=20.831098079681396
p4 c005 23/40 L=0.654 Lq=-0.1301 Le=-0.361 rA=0.135 rB=0.265 a_out=6 u_out=6 mem=20.831098079681396
p4 c005 24/40 L=0.634 Lq=-0.1387 Le=-0.377 rA=0.131 rB=0.269 a_out=7 u_out=7 mem=20.831098079681396
p4 c005 25/40 L=0.632 Lq=-0.1387 Le=-0.382 rA=0.131 rB=0.269 a_out=7 u_out=7 mem=20.831098079681396
p4 c005 26/40 L=0.630 Lq=-0.1417 Le=-0.378 rA=0.129 rB=0.271 a_out=7 u_out=7 mem=20.831098079681396
p4 c005 27/40 L=0.631 Lq=-0.1395 Le=-0.382 rA=0.130 rB=0.270 a_out=7 u_out=7 mem=20.831098079681396
p4 c005 28/40 L=0.624 Lq=-0.1445 Le=-0.385 rA=0.128 rB=0.272 a_out=7 u_out=7 mem=20.831098079681396
p4 c005 29/40 L=0.611 Lq=-0.1526 Le=-0.395 rA=0.124 rB=0.276 a_out=7 u_out=7 mem=20.831098079681396
p4 c005 30/40 L=0.618 Lq=-0.1486 Le=-0.389 rA=0.126 rB=0.274 a_out=7 u_out=7 mem=20.831098079681396
p4 c005 31/40 L=0.585 Lq=-0.1545 Le=-0.400 rA=0.123 rB=0.277 a_out=8 u_out=8 mem=20.831098079681396
p4 c005 32/40 L=0.572 Lq=-0.1640 Le=-0.407 rA=0.118 rB=0.282 a_out=8 u_out=8 mem=20.831098079681396
p4 c005 33/40 L=0.560 Lq=-0.1700 Le=-0.410 rA=0.115 rB=0.285 a_out=9 u_out=9 mem=20.831098079681396
p4 c005 34/40 L=0.554 Lq=-0.1731 Le=-0.416 rA=0.113 rB=0.287 a_out=9 u_out=9 mem=20.831098079681396
p4 c005 35/40 L=0.550 Lq=-0.1762 Le=-0.418 rA=0.112 rB=0.288 a_out=9 u_out=9 mem=20.831098079681396
p4 c005 36/40 L=0.558 Lq=-0.1706 Le=-0.412 rA=0.115 rB=0.285 a_out=9 u_out=9 mem=20.831098079681396
p4 c005 37/40 L=0.540 Lq=-0.1821 Le=-0.426 rA=0.109 rB=0.291 a_out=9 u_out=9 mem=20.831098079681396
p4 c005 38/40 L=0.536 Lq=-0.1850 Le=-0.428 rA=0.108 rB=0.292 a_out=9 u_out=9 mem=20.831098079681396
p4 c005 39/40 L=0.541 Lq=-0.1825 Le=-0.424 rA=0.109 rB=0.291 a_out=9 u_out=9 mem=20.831098079681396
p4 c005 40/40 L=0.538 Lq=-0.1835 Le=-0.426 rA=0.108 rB=0.292 a_out=9 u_out=9 mem=20.831098079681396
== p4 attack c006 (5/8) ==
p4 c006 1/40 L=1.136 Lq=-0.0163 Le=0.023 rA=0.192 rB=0.208 a_out=0 u_out=0 mem=20.831098079681396
p4 c006 2/40 L=1.046 Lq=-0.0254 Le=-0.012 rA=0.187 rB=0.213 a_out=1 u_out=1 mem=20.831098079681396
p4 c006 3/40 L=1.006 Lq=-0.0335 Le=-0.077 rA=0.183 rB=0.217 a_out=1 u_out=1 mem=20.831098079681396
p4 c006 4/40 L=1.004 Lq=-0.0281 Le=-0.093 rA=0.186 rB=0.214 a_out=1 u_out=1 mem=20.831098079681396
p4 c006 5/40 L=0.915 Lq=-0.0461 Le=-0.145 rA=0.177 rB=0.223 a_out=2 u_out=2 mem=20.831098079681396
p4 c006 6/40 L=0.899 Lq=-0.0458 Le=-0.178 rA=0.177 rB=0.223 a_out=2 u_out=2 mem=20.831098079681396
p4 c006 7/40 L=0.923 Lq=-0.0439 Le=-0.133 rA=0.178 rB=0.222 a_out=2 u_out=2 mem=20.831098079681396
p4 c006 8/40 L=0.909 Lq=-0.0484 Le=-0.152 rA=0.176 rB=0.224 a_out=2 u_out=2 mem=20.831098079681396
p4 c006 9/40 L=0.873 Lq=-0.0547 Le=-0.181 rA=0.173 rB=0.227 a_out=3 u_out=3 mem=20.831098079681396
p4 c006 10/40 L=0.849 Lq=-0.0613 Le=-0.214 rA=0.169 rB=0.231 a_out=3 u_out=3 mem=20.831098079681396
p4 c006 11/40 L=0.836 Lq=-0.0668 Le=-0.230 rA=0.167 rB=0.233 a_out=3 u_out=3 mem=20.831098079681396
p4 c006 12/40 L=0.835 Lq=-0.0673 Le=-0.231 rA=0.166 rB=0.234 a_out=3 u_out=3 mem=20.831098079681396
p4 c006 13/40 L=0.829 Lq=-0.0692 Le=-0.240 rA=0.165 rB=0.235 a_out=3 u_out=3 mem=20.831098079681396
p4 c006 14/40 L=0.794 Lq=-0.0836 Le=-0.269 rA=0.158 rB=0.242 a_out=4 u_out=4 mem=20.831098079681396
p4 c006 15/40 L=0.799 Lq=-0.0806 Le=-0.265 rA=0.160 rB=0.240 a_out=4 u_out=4 mem=20.831098079681396
p4 c006 16/40 L=0.765 Lq=-0.0877 Le=-0.281 rA=0.156 rB=0.244 a_out=5 u_out=5 mem=20.831098079681396
p4 c006 17/40 L=0.750 Lq=-0.0938 Le=-0.298 rA=0.153 rB=0.247 a_out=5 u_out=5 mem=20.831098079681396
p4 c006 18/40 L=0.745 Lq=-0.0964 Le=-0.304 rA=0.152 rB=0.248 a_out=5 u_out=5 mem=20.831098079681396
p4 c006 19/40 L=0.701 Lq=-0.1077 Le=-0.317 rA=0.146 rB=0.254 a_out=6 u_out=6 mem=20.831098079681396
p4 c006 20/40 L=0.691 Lq=-0.1105 Le=-0.331 rA=0.145 rB=0.255 a_out=6 u_out=6 mem=20.831098079681396
p4 c006 21/40 L=0.666 Lq=-0.1207 Le=-0.338 rA=0.140 rB=0.260 a_out=7 u_out=6 mem=20.831098079681396
p4 c006 22/40 L=0.669 Lq=-0.1171 Le=-0.340 rA=0.141 rB=0.259 a_out=7 u_out=6 mem=20.831098079681396
p4 c006 23/40 L=0.673 Lq=-0.1164 Le=-0.333 rA=0.142 rB=0.258 a_out=7 u_out=6 mem=20.831098079681396
p4 c006 24/40 L=0.661 Lq=-0.1246 Le=-0.341 rA=0.138 rB=0.262 a_out=7 u_out=6 mem=20.831098079681396
p4 c006 25/40 L=0.667 Lq=-0.1194 Le=-0.339 rA=0.140 rB=0.260 a_out=7 u_out=6 mem=20.831098079681396
p4 c006 26/40 L=0.527 Lq=-0.1326 Le=-0.361 rA=0.134 rB=0.266 a_out=8 u_out=6 mem=20.831098079681396
p4 c006 27/40 L=0.535 Lq=-0.1308 Le=-0.348 rA=0.135 rB=0.265 a_out=8 u_out=6 mem=20.831098079681396
p4 c006 28/40 L=0.506 Lq=-0.1461 Le=-0.375 rA=0.127 rB=0.273 a_out=8 u_out=6 mem=20.831098079681396
p4 c006 29/40 L=0.513 Lq=-0.1423 Le=-0.370 rA=0.129 rB=0.271 a_out=8 u_out=6 mem=20.831098079681396
p4 c006 30/40 L=0.517 Lq=-0.1387 Le=-0.369 rA=0.131 rB=0.269 a_out=8 u_out=6 mem=20.831098079681396
p4 c006 31/40 L=0.453 Lq=-0.1477 Le=-0.378 rA=0.126 rB=0.274 a_out=9 u_out=6 mem=20.831098079681396
p4 c006 32/40 L=0.515 Lq=-0.1392 Le=-0.371 rA=0.130 rB=0.270 a_out=8 u_out=6 mem=20.831098079681396
p4 c006 33/40 L=0.511 Lq=-0.1412 Le=-0.375 rA=0.129 rB=0.271 a_out=8 u_out=6 mem=20.831098079681396
p4 c006 34/40 L=0.511 Lq=-0.1417 Le=-0.374 rA=0.129 rB=0.271 a_out=8 u_out=6 mem=20.831098079681396
p4 c006 35/40 L=0.456 Lq=-0.1462 Le=-0.375 rA=0.127 rB=0.273 a_out=9 u_out=6 mem=20.831098079681396
p4 c006 36/40 L=0.449 Lq=-0.1491 Le=-0.383 rA=0.125 rB=0.275 a_out=9 u_out=6 mem=20.831098079681396
p4 c006 37/40 L=0.514 Lq=-0.1431 Le=-0.365 rA=0.128 rB=0.272 a_out=8 u_out=6 mem=20.831098079681396
p4 c006 38/40 L=0.652 Lq=-0.1265 Le=-0.354 rA=0.137 rB=0.263 a_out=7 u_out=6 mem=20.831098079681396
p4 c006 39/40 L=0.509 Lq=-0.1439 Le=-0.373 rA=0.128 rB=0.272 a_out=8 u_out=6 mem=20.831098079681396
p4 c006 40/40 L=0.439 Lq=-0.1569 Le=-0.385 rA=0.122 rB=0.278 a_out=9 u_out=6 mem=20.831098079681396
== p4 attack c007 (6/8) ==
p4 c007 1/40 L=1.066 Lq=-0.0120 Le=-0.096 rA=0.194 rB=0.206 a_out=0 u_out=0 mem=20.831098079681396
p4 c007 2/40 L=1.062 Lq=-0.0179 Le=-0.093 rA=0.191 rB=0.209 a_out=0 u_out=0 mem=20.831098079681396
p4 c007 3/40 L=1.045 Lq=-0.0204 Le=-0.121 rA=0.190 rB=0.210 a_out=0 u_out=0 mem=20.831098079681396
p4 c007 4/40 L=1.027 Lq=-0.0306 Le=-0.121 rA=0.185 rB=0.215 a_out=1 u_out=1 mem=20.831098079681396
p4 c007 5/40 L=1.036 Lq=-0.0189 Le=-0.143 rA=0.191 rB=0.209 a_out=0 u_out=0 mem=20.831098079681396
p4 c007 6/40 L=1.037 Lq=-0.0267 Le=-0.125 rA=0.187 rB=0.213 a_out=0 u_out=0 mem=20.831098079681396
p4 c007 7/40 L=1.045 Lq=-0.0165 Le=-0.131 rA=0.192 rB=0.208 a_out=0 u_out=0 mem=20.831098079681396
p4 c007 8/40 L=1.014 Lq=-0.0250 Le=-0.176 rA=0.187 rB=0.213 a_out=0 u_out=0 mem=20.831098079681396
p4 c007 9/40 L=0.998 Lq=-0.0342 Le=-0.172 rA=0.183 rB=0.217 a_out=1 u_out=1 mem=20.831098079681396
p4 c007 10/40 L=0.976 Lq=-0.0413 Le=-0.204 rA=0.179 rB=0.221 a_out=1 u_out=1 mem=20.831098079681396
p4 c007 11/40 L=0.933 Lq=-0.0477 Le=-0.203 rA=0.176 rB=0.224 a_out=2 u_out=2 mem=20.831098079681396
p4 c007 12/40 L=0.845 Lq=-0.0588 Le=-0.250 rA=0.171 rB=0.229 a_out=3 u_out=3 mem=20.831098079681396
p4 c007 13/40 L=0.836 Lq=-0.0615 Le=-0.263 rA=0.169 rB=0.231 a_out=3 u_out=3 mem=20.831098079681396
p4 c007 14/40 L=0.832 Lq=-0.0625 Le=-0.267 rA=0.169 rB=0.231 a_out=3 u_out=3 mem=20.831098079681396
p4 c007 15/40 L=0.819 Lq=-0.0683 Le=-0.282 rA=0.166 rB=0.234 a_out=3 u_out=3 mem=20.831098079681396
p4 c007 16/40 L=0.788 Lq=-0.0751 Le=-0.290 rA=0.162 rB=0.238 a_out=4 u_out=4 mem=20.831098079681396
p4 c007 17/40 L=0.838 Lq=-0.0601 Le=-0.261 rA=0.170 rB=0.230 a_out=3 u_out=3 mem=20.831098079681396
p4 c007 18/40 L=0.813 Lq=-0.0731 Le=-0.286 rA=0.163 rB=0.237 a_out=3 u_out=3 mem=20.831098079681396
p4 c007 19/40 L=0.776 Lq=-0.0850 Le=-0.296 rA=0.157 rB=0.243 a_out=4 u_out=4 mem=20.831098079681396
p4 c007 20/40 L=0.660 Lq=-0.1000 Le=-0.325 rA=0.150 rB=0.250 a_out=5 u_out=5 mem=20.831098079681396
p4 c007 21/40 L=0.677 Lq=-0.0940 Le=-0.303 rA=0.153 rB=0.247 a_out=5 u_out=5 mem=20.831098079681396
p4 c007 22/40 L=0.758 Lq=-0.0903 Le=-0.321 rA=0.155 rB=0.245 a_out=4 u_out=4 mem=20.831098079681396
p4 c007 23/40 L=0.669 Lq=-0.0969 Le=-0.314 rA=0.152 rB=0.248 a_out=5 u_out=5 mem=20.831098079681396
p4 c007 24/40 L=0.645 Lq=-0.1075 Le=-0.337 rA=0.146 rB=0.254 a_out=6 u_out=6 mem=20.831098079681396
p4 c007 25/40 L=0.655 Lq=-0.1025 Le=-0.330 rA=0.149 rB=0.251 a_out=5 u_out=5 mem=20.831098079681396
p4 c007 26/40 L=0.675 Lq=-0.0909 Le=-0.313 rA=0.155 rB=0.245 a_out=5 u_out=5 mem=20.831098079681396
p4 c007 27/40 L=0.765 Lq=-0.0903 Le=-0.306 rA=0.155 rB=0.245 a_out=4 u_out=4 mem=20.831098079681396
p4 c007 28/40 L=0.656 Lq=-0.1021 Le=-0.329 rA=0.149 rB=0.251 a_out=5 u_out=5 mem=20.831098079681396
p4 c007 29/40 L=0.659 Lq=-0.1004 Le=-0.328 rA=0.150 rB=0.250 a_out=5 u_out=5 mem=20.831098079681396
p4 c007 30/40 L=0.649 Lq=-0.1072 Le=-0.331 rA=0.146 rB=0.254 a_out=6 u_out=6 mem=20.831098079681396
p4 c007 31/40 L=0.627 Lq=-0.1162 Le=-0.354 rA=0.142 rB=0.258 a_out=6 u_out=6 mem=20.831098079681396
p4 c007 32/40 L=0.667 Lq=-0.1006 Le=-0.310 rA=0.150 rB=0.250 a_out=5 u_out=5 mem=20.831098079681396
p4 c007 33/40 L=0.785 Lq=-0.0749 Le=-0.296 rA=0.163 rB=0.237 a_out=4 u_out=4 mem=20.831098079681396
p4 c007 34/40 L=0.831 Lq=-0.0685 Le=-0.257 rA=0.166 rB=0.234 a_out=3 u_out=3 mem=20.831098079681396
p4 c007 35/40 L=0.823 Lq=-0.0702 Le=-0.270 rA=0.165 rB=0.235 a_out=3 u_out=3 mem=20.831098079681396
p4 c007 36/40 L=0.770 Lq=-0.0883 Le=-0.302 rA=0.156 rB=0.244 a_out=4 u_out=4 mem=20.831098079681396
p4 c007 37/40 L=0.770 Lq=-0.0873 Le=-0.304 rA=0.156 rB=0.244 a_out=4 u_out=4 mem=20.831098079681396
p4 c007 38/40 L=0.783 Lq=-0.0799 Le=-0.293 rA=0.160 rB=0.240 a_out=4 u_out=4 mem=20.831098079681396
p4 c007 39/40 L=0.664 Lq=-0.0971 Le=-0.325 rA=0.151 rB=0.249 a_out=5 u_out=5 mem=20.831098079681396
p4 c007 40/40 L=0.663 Lq=-0.0987 Le=-0.324 rA=0.151 rB=0.249 a_out=5 u_out=5 mem=20.831098079681396
== p4 attack c008 (7/8) ==
p4 c008 1/40 L=0.832 Lq=-0.1012 Le=-0.283 rA=0.149 rB=0.251 a_out=0 u_out=0 mem=20.831098079681396
p4 c008 2/40 L=0.774 Lq=-0.1255 Le=-0.319 rA=0.137 rB=0.263 a_out=2 u_out=2 mem=20.831098079681396
p4 c008 3/40 L=0.789 Lq=-0.1207 Le=-0.310 rA=0.140 rB=0.260 a_out=1 u_out=1 mem=20.831098079681396
p4 c008 4/40 L=0.800 Lq=-0.1111 Le=-0.306 rA=0.144 rB=0.256 a_out=1 u_out=1 mem=20.831098079681396
p4 c008 5/40 L=0.775 Lq=-0.1254 Le=-0.318 rA=0.137 rB=0.263 a_out=2 u_out=2 mem=20.831098079681396
p4 c008 6/40 L=0.778 Lq=-0.1234 Le=-0.314 rA=0.138 rB=0.262 a_out=2 u_out=2 mem=20.831098079681396
p4 c008 7/40 L=0.777 Lq=-0.1240 Le=-0.316 rA=0.138 rB=0.262 a_out=2 u_out=2 mem=20.831098079681396
p4 c008 8/40 L=0.762 Lq=-0.1302 Le=-0.334 rA=0.135 rB=0.265 a_out=2 u_out=2 mem=20.831098079681396
p4 c008 9/40 L=0.773 Lq=-0.1259 Le=-0.320 rA=0.137 rB=0.263 a_out=2 u_out=2 mem=20.831098079681396
p4 c008 10/40 L=0.751 Lq=-0.1360 Le=-0.344 rA=0.132 rB=0.268 a_out=2 u_out=2 mem=20.831098079681396
p4 c008 11/40 L=0.747 Lq=-0.1369 Le=-0.351 rA=0.132 rB=0.268 a_out=2 u_out=2 mem=20.831098079681396
p4 c008 12/40 L=0.766 Lq=-0.1247 Le=-0.336 rA=0.138 rB=0.262 a_out=2 u_out=2 mem=20.831098079681396
p4 c008 13/40 L=0.770 Lq=-0.1249 Le=-0.329 rA=0.138 rB=0.262 a_out=2 u_out=2 mem=20.831098079681396
p4 c008 14/40 L=0.762 Lq=-0.1277 Le=-0.340 rA=0.136 rB=0.264 a_out=2 u_out=2 mem=20.831098079681396
p4 c008 15/40 L=0.758 Lq=-0.1316 Le=-0.339 rA=0.134 rB=0.266 a_out=2 u_out=2 mem=20.831098079681396
p4 c008 16/40 L=0.753 Lq=-0.1345 Le=-0.343 rA=0.133 rB=0.267 a_out=2 u_out=2 mem=20.831098079681396
p4 c008 17/40 L=0.752 Lq=-0.1334 Le=-0.347 rA=0.133 rB=0.267 a_out=2 u_out=2 mem=20.831098079681396
p4 c008 18/40 L=0.793 Lq=-0.1142 Le=-0.315 rA=0.143 rB=0.257 a_out=1 u_out=1 mem=20.831098079681396
p4 c008 19/40 L=0.744 Lq=-0.1351 Le=-0.362 rA=0.132 rB=0.268 a_out=2 u_out=2 mem=20.831098079681396
p4 c008 20/40 L=0.702 Lq=-0.1433 Le=-0.362 rA=0.128 rB=0.272 a_out=3 u_out=3 mem=20.831098079681396
p4 c008 21/40 L=0.701 Lq=-0.1425 Le=-0.365 rA=0.129 rB=0.271 a_out=3 u_out=3 mem=20.831098079681396
p4 c008 22/40 L=0.774 Lq=-0.1217 Le=-0.340 rA=0.139 rB=0.261 a_out=1 u_out=1 mem=20.831098079681396
p4 c008 23/40 L=0.704 Lq=-0.1405 Le=-0.364 rA=0.130 rB=0.270 a_out=3 u_out=3 mem=20.831098079681396
p4 c008 24/40 L=0.695 Lq=-0.1459 Le=-0.372 rA=0.127 rB=0.273 a_out=3 u_out=3 mem=20.831098079681396
p4 c008 25/40 L=0.711 Lq=-0.1382 Le=-0.356 rA=0.131 rB=0.269 a_out=3 u_out=3 mem=20.831098079681396
p4 c008 26/40 L=0.695 Lq=-0.1474 Le=-0.369 rA=0.126 rB=0.274 a_out=3 u_out=3 mem=20.831098079681396
p4 c008 27/40 L=0.691 Lq=-0.1490 Le=-0.375 rA=0.126 rB=0.274 a_out=3 u_out=3 mem=20.831098079681396
p4 c008 28/40 L=0.699 Lq=-0.1448 Le=-0.368 rA=0.128 rB=0.272 a_out=3 u_out=3 mem=20.831098079681396
p4 c008 29/40 L=0.646 Lq=-0.1565 Le=-0.379 rA=0.122 rB=0.278 a_out=4 u_out=4 mem=20.831098079681396
p4 c008 30/40 L=0.645 Lq=-0.1546 Le=-0.384 rA=0.123 rB=0.277 a_out=4 u_out=4 mem=20.831098079681396
p4 c008 31/40 L=0.625 Lq=-0.1676 Le=-0.398 rA=0.116 rB=0.284 a_out=4 u_out=4 mem=20.831098079681396
p4 c008 32/40 L=0.622 Lq=-0.1698 Le=-0.398 rA=0.115 rB=0.285 a_out=4 u_out=4 mem=20.831098079681396
p4 c008 33/40 L=0.627 Lq=-0.1658 Le=-0.396 rA=0.117 rB=0.283 a_out=4 u_out=4 mem=20.831098079681396
p4 c008 34/40 L=0.635 Lq=-0.1605 Le=-0.391 rA=0.120 rB=0.280 a_out=4 u_out=4 mem=20.831098079681396
p4 c008 35/40 L=0.646 Lq=-0.1553 Le=-0.380 rA=0.122 rB=0.278 a_out=4 u_out=4 mem=20.831098079681396
p4 c008 36/40 L=0.645 Lq=-0.1547 Le=-0.381 rA=0.123 rB=0.277 a_out=4 u_out=4 mem=20.831098079681396
p4 c008 37/40 L=0.692 Lq=-0.1489 Le=-0.370 rA=0.126 rB=0.274 a_out=3 u_out=3 mem=20.831098079681396
p4 c008 38/40 L=0.696 Lq=-0.1474 Le=-0.365 rA=0.126 rB=0.274 a_out=3 u_out=3 mem=20.831098079681396
p4 c008 39/40 L=0.646 Lq=-0.1560 Le=-0.377 rA=0.122 rB=0.278 a_out=4 u_out=4 mem=20.831098079681396
p4 c008 40/40 L=0.695 Lq=-0.1454 Le=-0.371 rA=0.127 rB=0.273 a_out=3 u_out=3 mem=20.831098079681396
== p4 attack c009 (8/8) ==
p4 c009 1/40 L=1.288 Lq=-0.0147 Le=-0.136 rA=0.193 rB=0.207 a_out=0 u_out=0 mem=20.831098079681396
p4 c009 2/40 L=1.315 Lq=-0.0136 Le=-0.085 rA=0.193 rB=0.207 a_out=0 u_out=0 mem=20.831098079681396
p4 c009 3/40 L=1.278 Lq=-0.0171 Le=-0.152 rA=0.191 rB=0.209 a_out=0 u_out=0 mem=20.831098079681396
p4 c009 4/40 L=1.072 Lq=-0.0347 Le=-0.160 rA=0.183 rB=0.217 a_out=1 u_out=1 mem=20.831098079681396
p4 c009 5/40 L=1.032 Lq=-0.0396 Le=-0.164 rA=0.180 rB=0.220 a_out=2 u_out=2 mem=20.831098079681396
p4 c009 6/40 L=0.996 Lq=-0.0525 Le=-0.210 rA=0.174 rB=0.226 a_out=2 u_out=2 mem=20.831098079681396
p4 c009 7/40 L=0.989 Lq=-0.0497 Le=-0.229 rA=0.175 rB=0.225 a_out=2 u_out=2 mem=20.831098079681396
p4 c009 8/40 L=0.913 Lq=-0.0560 Le=-0.266 rA=0.172 rB=0.228 a_out=3 u_out=3 mem=20.831098079681396
p4 c009 9/40 L=0.914 Lq=-0.0597 Le=-0.256 rA=0.170 rB=0.230 a_out=3 u_out=3 mem=20.831098079681396
p4 c009 10/40 L=0.999 Lq=-0.0491 Le=-0.210 rA=0.175 rB=0.225 a_out=2 u_out=2 mem=20.831098079681396
p4 c009 11/40 L=0.911 Lq=-0.0663 Le=-0.248 rA=0.167 rB=0.233 a_out=3 u_out=3 mem=20.831098079681396
p4 c009 12/40 L=0.911 Lq=-0.0660 Le=-0.250 rA=0.167 rB=0.233 a_out=3 u_out=3 mem=20.831098079681396
p4 c009 13/40 L=0.831 Lq=-0.0860 Le=-0.292 rA=0.157 rB=0.243 a_out=5 u_out=5 mem=20.831098079681396
p4 c009 14/40 L=0.865 Lq=-0.0832 Le=-0.291 rA=0.158 rB=0.242 a_out=4 u_out=4 mem=20.831098079681396
p4 c009 15/40 L=0.829 Lq=-0.0897 Le=-0.289 rA=0.155 rB=0.245 a_out=5 u_out=5 mem=20.831098079681396
p4 c009 16/40 L=0.823 Lq=-0.0899 Le=-0.300 rA=0.155 rB=0.245 a_out=5 u_out=5 mem=20.831098079681396
p4 c009 17/40 L=0.806 Lq=-0.0965 Le=-0.321 rA=0.152 rB=0.248 a_out=5 u_out=5 mem=20.831098079681396
p4 c009 18/40 L=0.812 Lq=-0.0932 Le=-0.315 rA=0.153 rB=0.247 a_out=5 u_out=5 mem=20.831098079681396
p4 c009 19/40 L=0.757 Lq=-0.1105 Le=-0.346 rA=0.145 rB=0.255 a_out=6 u_out=6 mem=20.831098079681396
p4 c009 20/40 L=0.679 Lq=-0.1252 Le=-0.361 rA=0.137 rB=0.263 a_out=7 u_out=7 mem=20.831098079681396
p4 c009 21/40 L=0.506 Lq=-0.1339 Le=-0.371 rA=0.133 rB=0.267 a_out=8 u_out=8 mem=20.831098079681396
p4 c009 22/40 L=0.683 Lq=-0.1233 Le=-0.356 rA=0.138 rB=0.262 a_out=7 u_out=7 mem=20.831098079681396
p4 c009 23/40 L=0.673 Lq=-0.1280 Le=-0.366 rA=0.136 rB=0.264 a_out=7 u_out=7 mem=20.831098079681396
p4 c009 24/40 L=0.680 Lq=-0.1229 Le=-0.362 rA=0.139 rB=0.261 a_out=7 u_out=7 mem=20.831098079681396
p4 c009 25/40 L=0.498 Lq=-0.1368 Le=-0.380 rA=0.132 rB=0.268 a_out=8 u_out=8 mem=20.831098079681396
p4 c009 26/40 L=0.678 Lq=-0.1248 Le=-0.362 rA=0.138 rB=0.262 a_out=7 u_out=7 mem=20.831098079681396
p4 c009 27/40 L=0.507 Lq=-0.1326 Le=-0.370 rA=0.134 rB=0.266 a_out=8 u_out=8 mem=20.831098079681396
p4 c009 28/40 L=0.676 Lq=-0.1279 Le=-0.361 rA=0.136 rB=0.264 a_out=7 u_out=7 mem=20.831098079681396
p4 c009 29/40 L=0.673 Lq=-0.1305 Le=-0.361 rA=0.135 rB=0.265 a_out=7 u_out=7 mem=20.831098079681396
p4 c009 30/40 L=0.680 Lq=-0.1237 Le=-0.361 rA=0.138 rB=0.262 a_out=7 u_out=7 mem=20.831098079681396
p4 c009 31/40 L=0.496 Lq=-0.1381 Le=-0.381 rA=0.131 rB=0.269 a_out=8 u_out=8 mem=20.831098079681396
p4 c009 32/40 L=0.489 Lq=-0.1421 Le=-0.386 rA=0.129 rB=0.271 a_out=8 u_out=8 mem=20.831098079681396
p4 c009 33/40 L=0.488 Lq=-0.1431 Le=-0.388 rA=0.128 rB=0.272 a_out=8 u_out=8 mem=20.831098079681396
p4 c009 34/40 L=0.490 Lq=-0.1433 Le=-0.383 rA=0.128 rB=0.272 a_out=8 u_out=8 mem=20.831098079681396
p4 c009 35/40 L=0.463 Lq=-0.1518 Le=-0.392 rA=0.124 rB=0.276 a_out=9 u_out=9 mem=20.831098079681396
p4 c009 36/40 L=0.466 Lq=-0.1487 Le=-0.391 rA=0.126 rB=0.274 a_out=9 u_out=9 mem=20.831098079681396
p4 c009 37/40 L=0.455 Lq=-0.1561 Le=-0.399 rA=0.122 rB=0.278 a_out=9 u_out=9 mem=20.831098079681396
p4 c009 38/40 L=0.450 Lq=-0.1594 Le=-0.401 rA=0.120 rB=0.280 a_out=9 u_out=9 mem=20.831098079681396
p4 c009 39/40 L=0.490 Lq=-0.1435 Le=-0.382 rA=0.128 rB=0.272 a_out=8 u_out=8 mem=20.831098079681396
p4 c009 40/40 L=0.447 Lq=-0.1604 Le=-0.406 rA=0.120 rB=0.280 a_out=9 u_out=9 mem=20.831098079681396
== extend p4-pilot ==
{'n': 8, 'path': '/root/autodl-tmp/multimodal_attack_project/V-CachePoll/out/p4/p4_attack.json'}
[2026-09-17T05:05:07+08:00] STAGE_OK p4-pilot
[2026-09-17T05:05:07+08:00] STAGE_START /root/autodl-tmp/conda/envs/vattack/bin/python -u /root/autodl-tmp/multimodal_attack_project/V-CachePoll/scripts/run_extend.py --phase p4 --stage attack

===== p4 attack 2026-09-17T05:05:07+08:00 =====
resume 8 finished samples
The argument `trust_remote_code` is to be used with Auto classes. It has no effect here and is ignored.
`Qwen2VLRotaryEmbedding` can now be fully parameterized by passing the model config through the `config` argument. All other arguments will be removed in v4.46
Loading checkpoint shards:   0%|          | 0/5 [00:00<?, ?it/s]Loading checkpoint shards:  20%|██        | 1/5 [00:00<00:02,  1.35it/s]Loading checkpoint shards:  40%|████      | 2/5 [00:01<00:02,  1.41it/s]Loading checkpoint shards:  60%|██████    | 3/5 [00:02<00:01,  1.43it/s]Loading checkpoint shards:  80%|████████  | 4/5 [00:02<00:00,  1.40it/s]Loading checkpoint shards: 100%|██████████| 5/5 [00:03<00:00,  1.86it/s]Loading checkpoint shards: 100%|██████████| 5/5 [00:03<00:00,  1.63it/s]
== p4 attack c011 (9/32) ==
p4 c011 1/40 L=1.048 Lq=-0.0304 Le=-0.215 rA=0.185 rB=0.215 a_out=0 u_out=0 mem=20.991944789886475
p4 c011 2/40 L=1.057 Lq=-0.0281 Le=-0.203 rA=0.186 rB=0.214 a_out=0 u_out=0 mem=21.005603790283203
p4 c011 3/40 L=1.057 Lq=-0.0282 Le=-0.204 rA=0.186 rB=0.214 a_out=0 u_out=0 mem=21.005603790283203
p4 c011 4/40 L=0.925 Lq=-0.0494 Le=-0.263 rA=0.175 rB=0.225 a_out=2 u_out=2 mem=21.005603790283203
p4 c011 5/40 L=0.986 Lq=-0.0424 Le=-0.237 rA=0.179 rB=0.221 a_out=1 u_out=1 mem=21.005603790283203
p4 c011 6/40 L=0.909 Lq=-0.0553 Le=-0.284 rA=0.172 rB=0.228 a_out=2 u_out=2 mem=21.005603790283203
p4 c011 7/40 L=0.913 Lq=-0.0523 Le=-0.282 rA=0.174 rB=0.226 a_out=2 u_out=2 mem=21.005603790283203
p4 c011 8/40 L=0.979 Lq=-0.0450 Le=-0.246 rA=0.177 rB=0.223 a_out=1 u_out=1 mem=21.005603790283203
p4 c011 9/40 L=0.913 Lq=-0.0500 Le=-0.287 rA=0.175 rB=0.225 a_out=2 u_out=2 mem=21.005603790283203
p4 c011 10/40 L=0.786 Lq=-0.0628 Le=-0.314 rA=0.169 rB=0.231 a_out=3 u_out=3 mem=21.005603790283203
p4 c011 11/40 L=0.795 Lq=-0.0624 Le=-0.298 rA=0.169 rB=0.231 a_out=3 u_out=3 mem=21.005603790283203
p4 c011 12/40 L=0.778 Lq=-0.0688 Le=-0.320 rA=0.166 rB=0.234 a_out=3 u_out=3 mem=21.005603790283203
p4 c011 13/40 L=0.903 Lq=-0.0566 Le=-0.295 rA=0.172 rB=0.228 a_out=2 u_out=2 mem=21.005603790283203
p4 c011 14/40 L=0.896 Lq=-0.0591 Le=-0.304 rA=0.170 rB=0.230 a_out=2 u_out=2 mem=21.005603790283203
p4 c011 15/40 L=0.778 Lq=-0.0671 Le=-0.323 rA=0.166 rB=0.234 a_out=3 u_out=3 mem=21.005603790283203
p4 c011 16/40 L=0.741 Lq=-0.0763 Le=-0.315 rA=0.162 rB=0.238 a_out=4 u_out=4 mem=21.005603790283203
p4 c011 17/40 L=0.784 Lq=-0.0676 Le=-0.308 rA=0.166 rB=0.234 a_out=3 u_out=3 mem=21.005603790283203
p4 c011 18/40 L=0.913 Lq=-0.0557 Le=-0.275 rA=0.172 rB=0.228 a_out=2 u_out=2 mem=21.005603790283203
p4 c011 19/40 L=0.792 Lq=-0.0660 Le=-0.295 rA=0.167 rB=0.233 a_out=3 u_out=3 mem=21.005603790283203
p4 c011 20/40 L=0.792 Lq=-0.0649 Le=-0.298 rA=0.168 rB=0.232 a_out=3 u_out=3 mem=21.005603790283203
p4 c011 21/40 L=0.725 Lq=-0.0794 Le=-0.342 rA=0.160 rB=0.240 a_out=4 u_out=4 mem=21.005603790283203
p4 c011 22/40 L=0.721 Lq=-0.0828 Le=-0.344 rA=0.159 rB=0.241 a_out=4 u_out=4 mem=21.005603790283203
p4 c011 23/40 L=0.721 Lq=-0.0857 Le=-0.337 rA=0.157 rB=0.243 a_out=4 u_out=4 mem=21.005603790283203
p4 c011 24/40 L=0.699 Lq=-0.0952 Le=-0.359 rA=0.152 rB=0.248 a_out=5 u_out=5 mem=21.005603790283203
p4 c011 25/40 L=0.713 Lq=-0.0878 Le=-0.347 rA=0.156 rB=0.244 a_out=5 u_out=5 mem=21.005603790283203
p4 c011 26/40 L=0.791 Lq=-0.0619 Le=-0.307 rA=0.169 rB=0.231 a_out=3 u_out=3 mem=21.005603790283203
p4 c011 27/40 L=0.737 Lq=-0.0762 Le=-0.326 rA=0.162 rB=0.238 a_out=4 u_out=4 mem=21.005603790283203
p4 c011 28/40 L=0.774 Lq=-0.0707 Le=-0.324 rA=0.165 rB=0.235 a_out=3 u_out=3 mem=21.005603790283203
p4 c011 29/40 L=0.729 Lq=-0.0819 Le=-0.331 rA=0.159 rB=0.241 a_out=4 u_out=4 mem=21.005603790283203
p4 c011 30/40 L=0.714 Lq=-0.0881 Le=-0.346 rA=0.156 rB=0.244 a_out=5 u_out=5 mem=21.005603790283203
p4 c011 31/40 L=0.708 Lq=-0.0905 Le=-0.351 rA=0.155 rB=0.245 a_out=5 u_out=5 mem=21.005603790283203
p4 c011 32/40 L=0.724 Lq=-0.0825 Le=-0.338 rA=0.159 rB=0.241 a_out=4 u_out=4 mem=21.005603790283203
p4 c011 33/40 L=0.704 Lq=-0.0910 Le=-0.358 rA=0.155 rB=0.245 a_out=5 u_out=5 mem=21.005603790283203
p4 c011 34/40 L=0.713 Lq=-0.0876 Le=-0.346 rA=0.156 rB=0.244 a_out=5 u_out=5 mem=21.005603790283203
p4 c011 35/40 L=0.709 Lq=-0.0882 Le=-0.356 rA=0.156 rB=0.244 a_out=5 u_out=5 mem=21.005603790283203
p4 c011 36/40 L=0.730 Lq=-0.0801 Le=-0.332 rA=0.160 rB=0.240 a_out=4 u_out=4 mem=21.005603790283203
p4 c011 37/40 L=0.729 Lq=-0.0818 Le=-0.331 rA=0.159 rB=0.241 a_out=4 u_out=4 mem=21.005603790283203
p4 c011 38/40 L=0.709 Lq=-0.0894 Le=-0.352 rA=0.155 rB=0.245 a_out=5 u_out=5 mem=21.005603790283203
p4 c011 39/40 L=0.720 Lq=-0.0842 Le=-0.345 rA=0.158 rB=0.242 a_out=4 u_out=4 mem=21.005603790283203
p4 c011 40/40 L=0.699 Lq=-0.0936 Le=-0.364 rA=0.153 rB=0.247 a_out=5 u_out=5 mem=21.005603790283203
== p4 attack c012 (10/32) ==
p4 c012 1/40 L=1.094 Lq=-0.0037 Le=-0.015 rA=0.198 rB=0.202 a_out=0 u_out=0 mem=21.005603790283203
p4 c012 2/40 L=1.036 Lq=-0.0128 Le=-0.112 rA=0.194 rB=0.206 a_out=1 u_out=1 mem=21.005603790283203
p4 c012 3/40 L=1.026 Lq=-0.0171 Le=-0.123 rA=0.191 rB=0.209 a_out=1 u_out=1 mem=21.005603790283203
p4 c012 4/40 L=0.995 Lq=-0.0226 Le=-0.171 rA=0.189 rB=0.211 a_out=2 u_out=2 mem=21.005603790283203
p4 c012 5/40 L=0.984 Lq=-0.0276 Le=-0.182 rA=0.186 rB=0.214 a_out=2 u_out=2 mem=21.005603790283203
p4 c012 6/40 L=0.895 Lq=-0.0381 Le=-0.204 rA=0.181 rB=0.219 a_out=3 u_out=3 mem=21.005603790283203
p4 c012 7/40 L=0.886 Lq=-0.0387 Le=-0.220 rA=0.181 rB=0.219 a_out=3 u_out=3 mem=21.005603790283203
p4 c012 8/40 L=0.867 Lq=-0.0424 Le=-0.251 rA=0.179 rB=0.221 a_out=3 u_out=3 mem=21.005603790283203
p4 c012 9/40 L=0.862 Lq=-0.0478 Le=-0.251 rA=0.176 rB=0.224 a_out=3 u_out=3 mem=21.005603790283203
p4 c012 10/40 L=0.879 Lq=-0.0454 Le=-0.222 rA=0.177 rB=0.223 a_out=3 u_out=3 mem=21.005603790283203
p4 c012 11/40 L=0.869 Lq=-0.0456 Le=-0.242 rA=0.177 rB=0.223 a_out=3 u_out=3 mem=21.005603790283203
p4 c012 12/40 L=0.854 Lq=-0.0513 Le=-0.262 rA=0.174 rB=0.226 a_out=3 u_out=3 mem=21.005603790283203
p4 c012 13/40 L=0.783 Lq=-0.0698 Le=-0.290 rA=0.165 rB=0.235 a_out=5 u_out=5 mem=21.005603790283203
p4 c012 14/40 L=0.785 Lq=-0.0670 Le=-0.291 rA=0.166 rB=0.234 a_out=5 u_out=5 mem=21.005603790283203
p4 c012 15/40 L=0.769 Lq=-0.0746 Le=-0.307 rA=0.163 rB=0.237 a_out=5 u_out=5 mem=21.005603790283203
p4 c012 16/40 L=0.716 Lq=-0.0826 Le=-0.323 rA=0.159 rB=0.241 a_out=6 u_out=6 mem=21.005603790283203
p4 c012 17/40 L=0.705 Lq=-0.0890 Le=-0.331 rA=0.155 rB=0.245 a_out=6 u_out=6 mem=21.005603790283203
p4 c012 18/40 L=0.694 Lq=-0.0955 Le=-0.341 rA=0.152 rB=0.248 a_out=6 u_out=6 mem=21.005603790283203
p4 c012 19/40 L=0.660 Lq=-0.0986 Le=-0.344 rA=0.151 rB=0.249 a_out=7 u_out=7 mem=21.005603790283203
p4 c012 20/40 L=0.702 Lq=-0.0911 Le=-0.333 rA=0.154 rB=0.246 a_out=6 u_out=6 mem=21.005603790283203
p4 c012 21/40 L=0.650 Lq=-0.1054 Le=-0.348 rA=0.147 rB=0.253 a_out=7 u_out=7 mem=21.005603790283203
p4 c012 22/40 L=0.712 Lq=-0.0856 Le=-0.325 rA=0.157 rB=0.243 a_out=6 u_out=6 mem=21.005603790283203
p4 c012 23/40 L=0.699 Lq=-0.0919 Le=-0.338 rA=0.154 rB=0.246 a_out=6 u_out=6 mem=21.005603790283203
p4 c012 24/40 L=0.694 Lq=-0.0953 Le=-0.341 rA=0.152 rB=0.248 a_out=6 u_out=6 mem=21.005603790283203
p4 c012 25/40 L=0.648 Lq=-0.1070 Le=-0.350 rA=0.146 rB=0.254 a_out=7 u_out=7 mem=21.005603790283203
p4 c012 26/40 L=0.649 Lq=-0.1082 Le=-0.346 rA=0.146 rB=0.254 a_out=7 u_out=7 mem=21.005603790283203
p4 c012 27/40 L=0.659 Lq=-0.1017 Le=-0.338 rA=0.149 rB=0.251 a_out=7 u_out=7 mem=21.005603790283203
p4 c012 28/40 L=0.658 Lq=-0.0999 Le=-0.344 rA=0.150 rB=0.250 a_out=7 u_out=7 mem=21.005603790283203
p4 c012 29/40 L=0.650 Lq=-0.1030 Le=-0.353 rA=0.149 rB=0.251 a_out=7 u_out=7 mem=21.005603790283203
p4 c012 30/40 L=0.654 Lq=-0.1035 Le=-0.344 rA=0.148 rB=0.252 a_out=7 u_out=7 mem=21.005603790283203
p4 c012 31/40 L=0.654 Lq=-0.1021 Le=-0.350 rA=0.149 rB=0.251 a_out=7 u_out=7 mem=21.005603790283203
p4 c012 32/40 L=0.556 Lq=-0.1164 Le=-0.367 rA=0.142 rB=0.258 a_out=8 u_out=7 mem=21.005603790283203
p4 c012 33/40 L=0.560 Lq=-0.1152 Le=-0.363 rA=0.142 rB=0.258 a_out=8 u_out=7 mem=21.005603790283203
p4 c012 34/40 L=0.538 Lq=-0.1273 Le=-0.376 rA=0.136 rB=0.264 a_out=9 u_out=7 mem=21.005603790283203
p4 c012 35/40 L=0.546 Lq=-0.1243 Le=-0.374 rA=0.138 rB=0.262 a_out=8 u_out=7 mem=21.005603790283203
p4 c012 36/40 L=0.543 Lq=-0.1254 Le=-0.376 rA=0.137 rB=0.263 a_out=8 u_out=7 mem=21.005603790283203
p4 c012 37/40 L=0.524 Lq=-0.1335 Le=-0.392 rA=0.133 rB=0.267 a_out=9 u_out=7 mem=21.005603790283203
p4 c012 38/40 L=0.522 Lq=-0.1370 Le=-0.389 rA=0.131 rB=0.269 a_out=9 u_out=7 mem=21.005603790283203
p4 c012 39/40 L=0.518 Lq=-0.1389 Le=-0.393 rA=0.131 rB=0.269 a_out=9 u_out=7 mem=21.005603790283203
p4 c012 40/40 L=0.518 Lq=-0.1391 Le=-0.393 rA=0.130 rB=0.270 a_out=9 u_out=7 mem=21.005603790283203
== p4 attack c013 (11/32) ==
p4 c013 1/40 L=1.011 Lq=-0.0394 Le=-0.195 rA=0.180 rB=0.220 a_out=0 u_out=0 mem=21.005603790283203
p4 c013 2/40 L=0.994 Lq=-0.0498 Le=-0.209 rA=0.175 rB=0.225 a_out=0 u_out=0 mem=21.005603790283203
p4 c013 3/40 L=0.973 Lq=-0.0610 Le=-0.223 rA=0.170 rB=0.230 a_out=1 u_out=1 mem=21.005603790283203
p4 c013 4/40 L=0.978 Lq=-0.0563 Le=-0.221 rA=0.172 rB=0.228 a_out=1 u_out=1 mem=21.005603790283203
p4 c013 5/40 L=0.931 Lq=-0.0732 Le=-0.262 rA=0.163 rB=0.237 a_out=2 u_out=2 mem=21.005603790283203
p4 c013 6/40 L=0.979 Lq=-0.0619 Le=-0.213 rA=0.169 rB=0.231 a_out=1 u_out=1 mem=21.005603790283203
p4 c013 7/40 L=0.972 Lq=-0.0589 Le=-0.229 rA=0.171 rB=0.229 a_out=1 u_out=1 mem=21.005603790283203
p4 c013 8/40 L=0.946 Lq=-0.0675 Le=-0.266 rA=0.166 rB=0.234 a_out=1 u_out=1 mem=21.005603790283203
p4 c013 9/40 L=0.925 Lq=-0.0738 Le=-0.275 rA=0.163 rB=0.237 a_out=2 u_out=2 mem=21.005603790283203
p4 c013 10/40 L=0.907 Lq=-0.0781 Le=-0.301 rA=0.161 rB=0.239 a_out=2 u_out=2 mem=21.005603790283203
p4 c013 11/40 L=0.868 Lq=-0.0964 Le=-0.329 rA=0.152 rB=0.248 a_out=3 u_out=3 mem=21.005603790283203
p4 c013 12/40 L=0.604 Lq=-0.1133 Le=-0.352 rA=0.143 rB=0.257 a_out=4 u_out=4 mem=21.005603790283203
p4 c013 13/40 L=0.584 Lq=-0.1155 Le=-0.352 rA=0.142 rB=0.258 a_out=5 u_out=5 mem=21.005603790283203
p4 c013 14/40 L=0.620 Lq=-0.1069 Le=-0.333 rA=0.147 rB=0.253 a_out=4 u_out=4 mem=21.005603790283203
p4 c013 15/40 L=0.619 Lq=-0.1098 Le=-0.330 rA=0.145 rB=0.255 a_out=4 u_out=4 mem=21.005603790283203
p4 c013 16/40 L=0.539 Lq=-0.1317 Le=-0.369 rA=0.134 rB=0.266 a_out=6 u_out=6 mem=21.005603790283203
p4 c013 17/40 L=0.606 Lq=-0.1141 Le=-0.345 rA=0.143 rB=0.257 a_out=4 u_out=4 mem=21.005603790283203
p4 c013 18/40 L=0.577 Lq=-0.1199 Le=-0.357 rA=0.140 rB=0.260 a_out=5 u_out=5 mem=21.005603790283203
p4 c013 19/40 L=0.577 Lq=-0.1211 Le=-0.354 rA=0.139 rB=0.261 a_out=5 u_out=5 mem=21.005603790283203
p4 c013 20/40 L=0.586 Lq=-0.1158 Le=-0.346 rA=0.142 rB=0.258 a_out=5 u_out=5 mem=21.005603790283203
p4 c013 21/40 L=0.568 Lq=-0.1256 Le=-0.363 rA=0.137 rB=0.263 a_out=5 u_out=5 mem=21.005603790283203
p4 c013 22/40 L=0.536 Lq=-0.1328 Le=-0.373 rA=0.134 rB=0.266 a_out=6 u_out=6 mem=21.005603790283203
p4 c013 23/40 L=0.535 Lq=-0.1343 Le=-0.373 rA=0.133 rB=0.267 a_out=6 u_out=6 mem=21.005603790283203
p4 c013 24/40 L=0.527 Lq=-0.1391 Le=-0.378 rA=0.130 rB=0.270 a_out=6 u_out=6 mem=21.005603790283203
p4 c013 25/40 L=0.560 Lq=-0.1296 Le=-0.370 rA=0.135 rB=0.265 a_out=5 u_out=5 mem=21.005603790283203
p4 c013 26/40 L=0.521 Lq=-0.1424 Le=-0.384 rA=0.129 rB=0.271 a_out=6 u_out=6 mem=21.005603790283203
p4 c013 27/40 L=0.536 Lq=-0.1316 Le=-0.375 rA=0.134 rB=0.266 a_out=6 u_out=6 mem=21.005603790283203
p4 c013 28/40 L=0.517 Lq=-0.1438 Le=-0.390 rA=0.128 rB=0.272 a_out=6 u_out=6 mem=21.005603790283203
p4 c013 29/40 L=0.515 Lq=-0.1452 Le=-0.392 rA=0.127 rB=0.273 a_out=6 u_out=6 mem=21.005603790283203
p4 c013 30/40 L=0.519 Lq=-0.1438 Le=-0.386 rA=0.128 rB=0.272 a_out=6 u_out=6 mem=21.005603790283203
p4 c013 31/40 L=0.490 Lq=-0.1471 Le=-0.392 rA=0.126 rB=0.274 a_out=7 u_out=6 mem=21.005603790283203
p4 c013 32/40 L=0.475 Lq=-0.1563 Le=-0.405 rA=0.122 rB=0.278 a_out=7 u_out=6 mem=21.005603790283203
p4 c013 33/40 L=0.378 Lq=-0.1629 Le=-0.415 rA=0.119 rB=0.281 a_out=8 u_out=6 mem=21.005603790283203
p4 c013 34/40 L=0.372 Lq=-0.1666 Le=-0.419 rA=0.117 rB=0.283 a_out=8 u_out=6 mem=21.005603790283203
p4 c013 35/40 L=0.377 Lq=-0.1636 Le=-0.416 rA=0.118 rB=0.282 a_out=8 u_out=6 mem=21.005603790283203
p4 c013 36/40 L=0.365 Lq=-0.1730 Le=-0.421 rA=0.113 rB=0.287 a_out=8 u_out=6 mem=21.005603790283203
p4 c013 37/40 L=0.333 Lq=-0.1798 Le=-0.429 rA=0.110 rB=0.290 a_out=9 u_out=6 mem=21.005603790283203
p4 c013 38/40 L=0.369 Lq=-0.1699 Le=-0.419 rA=0.115 rB=0.285 a_out=8 u_out=6 mem=21.005603790283203
p4 c013 39/40 L=0.358 Lq=-0.1768 Le=-0.427 rA=0.112 rB=0.288 a_out=8 u_out=6 mem=21.005603790283203
p4 c013 40/40 L=0.334 Lq=-0.1786 Le=-0.429 rA=0.111 rB=0.289 a_out=9 u_out=6 mem=21.005603790283203
== p4 attack c015 (12/32) ==
p4 c015 1/40 L=1.082 Lq=-0.0534 Le=-0.010 rA=0.173 rB=0.227 a_out=0 u_out=0 mem=21.005603790283203
p4 c015 2/40 L=1.049 Lq=-0.0497 Le=-0.084 rA=0.175 rB=0.225 a_out=0 u_out=0 mem=21.005603790283203
p4 c015 3/40 L=1.051 Lq=-0.0517 Le=-0.077 rA=0.174 rB=0.226 a_out=0 u_out=0 mem=21.005603790283203
p4 c015 4/40 L=1.037 Lq=-0.0548 Le=-0.099 rA=0.173 rB=0.227 a_out=0 u_out=0 mem=21.005603790283203
p4 c015 5/40 L=0.954 Lq=-0.0619 Le=-0.129 rA=0.169 rB=0.231 a_out=1 u_out=1 mem=21.005603790283203
p4 c015 6/40 L=0.958 Lq=-0.0611 Le=-0.122 rA=0.169 rB=0.231 a_out=1 u_out=1 mem=21.005603790283203
p4 c015 7/40 L=0.938 Lq=-0.0624 Le=-0.160 rA=0.169 rB=0.231 a_out=1 u_out=1 mem=21.005603790283203
p4 c015 8/40 L=0.872 Lq=-0.0773 Le=-0.207 rA=0.161 rB=0.239 a_out=2 u_out=2 mem=21.005603790283203
p4 c015 9/40 L=0.860 Lq=-0.0830 Le=-0.219 rA=0.159 rB=0.241 a_out=2 u_out=2 mem=21.005603790283203
p4 c015 10/40 L=0.887 Lq=-0.0751 Le=-0.181 rA=0.162 rB=0.238 a_out=2 u_out=2 mem=21.005603790283203
p4 c015 11/40 L=0.924 Lq=-0.0725 Le=-0.171 rA=0.164 rB=0.236 a_out=1 u_out=1 mem=21.005603790283203
p4 c015 12/40 L=0.840 Lq=-0.0929 Le=-0.207 rA=0.154 rB=0.246 a_out=3 u_out=3 mem=21.005603790283203
p4 c015 13/40 L=0.857 Lq=-0.0851 Le=-0.222 rA=0.157 rB=0.243 a_out=2 u_out=2 mem=21.005603790283203
p4 c015 14/40 L=0.828 Lq=-0.0907 Le=-0.236 rA=0.155 rB=0.245 a_out=3 u_out=3 mem=21.005603790283203
p4 c015 15/40 L=0.854 Lq=-0.0872 Le=-0.224 rA=0.156 rB=0.244 a_out=2 u_out=2 mem=21.005603790283203
p4 c015 16/40 L=0.819 Lq=-0.0965 Le=-0.242 rA=0.152 rB=0.248 a_out=3 u_out=3 mem=21.005603790283203
p4 c015 17/40 L=0.804 Lq=-0.1013 Le=-0.263 rA=0.149 rB=0.251 a_out=3 u_out=3 mem=21.005603790283203
p4 c015 18/40 L=0.781 Lq=-0.1075 Le=-0.283 rA=0.146 rB=0.254 a_out=4 u_out=4 mem=21.005603790283203
p4 c015 19/40 L=0.792 Lq=-0.1056 Le=-0.279 rA=0.147 rB=0.253 a_out=3 u_out=3 mem=21.005603790283203
p4 c015 20/40 L=0.800 Lq=-0.1050 Le=-0.264 rA=0.148 rB=0.252 a_out=3 u_out=3 mem=21.005603790283203
p4 c015 21/40 L=0.785 Lq=-0.1073 Le=-0.277 rA=0.146 rB=0.254 a_out=4 u_out=4 mem=21.005603790283203
p4 c015 22/40 L=0.801 Lq=-0.1019 Le=-0.268 rA=0.149 rB=0.251 a_out=3 u_out=3 mem=21.005603790283203
p4 c015 23/40 L=0.779 Lq=-0.1105 Le=-0.283 rA=0.145 rB=0.255 a_out=4 u_out=4 mem=21.005603790283203
p4 c015 24/40 L=0.802 Lq=-0.1016 Le=-0.267 rA=0.149 rB=0.251 a_out=3 u_out=3 mem=21.005603790283203
p4 c015 25/40 L=0.786 Lq=-0.1070 Le=-0.275 rA=0.146 rB=0.254 a_out=4 u_out=4 mem=21.005603790283203
p4 c015 26/40 L=0.774 Lq=-0.1164 Le=-0.281 rA=0.142 rB=0.258 a_out=4 u_out=4 mem=21.005603790283203
p4 c015 27/40 L=0.783 Lq=-0.1085 Le=-0.278 rA=0.146 rB=0.254 a_out=4 u_out=4 mem=21.005603790283203
p4 c015 28/40 L=0.770 Lq=-0.1147 Le=-0.292 rA=0.143 rB=0.257 a_out=4 u_out=4 mem=21.005603790283203
p4 c015 29/40 L=0.686 Lq=-0.1224 Le=-0.304 rA=0.139 rB=0.261 a_out=5 u_out=5 mem=21.005603790283203
p4 c015 30/40 L=0.769 Lq=-0.1181 Le=-0.287 rA=0.141 rB=0.259 a_out=4 u_out=4 mem=21.005603790283203
p4 c015 31/40 L=0.784 Lq=-0.1101 Le=-0.274 rA=0.145 rB=0.255 a_out=4 u_out=4 mem=21.005603790283203
p4 c015 32/40 L=0.768 Lq=-0.1154 Le=-0.295 rA=0.142 rB=0.258 a_out=4 u_out=4 mem=21.005603790283203
p4 c015 33/40 L=0.688 Lq=-0.1236 Le=-0.298 rA=0.138 rB=0.262 a_out=5 u_out=5 mem=21.005603790283203
p4 c015 34/40 L=0.691 Lq=-0.1224 Le=-0.296 rA=0.139 rB=0.261 a_out=5 u_out=5 mem=21.005603790283203
p4 c015 35/40 L=0.772 Lq=-0.1152 Le=-0.288 rA=0.142 rB=0.258 a_out=4 u_out=4 mem=21.005603790283203
p4 c015 36/40 L=0.689 Lq=-0.1230 Le=-0.298 rA=0.139 rB=0.261 a_out=5 u_out=5 mem=21.005603790283203
p4 c015 37/40 L=0.694 Lq=-0.1247 Le=-0.285 rA=0.138 rB=0.262 a_out=5 u_out=5 mem=21.005603790283203
p4 c015 38/40 L=0.686 Lq=-0.1244 Le=-0.302 rA=0.138 rB=0.262 a_out=5 u_out=5 mem=21.005603790283203
p4 c015 39/40 L=0.671 Lq=-0.1357 Le=-0.309 rA=0.132 rB=0.268 a_out=5 u_out=5 mem=21.005603790283203
p4 c015 40/40 L=0.769 Lq=-0.1164 Le=-0.291 rA=0.142 rB=0.258 a_out=4 u_out=4 mem=21.005603790283203
== p4 attack c016 (13/32) ==
p4 c016 1/40 L=1.004 Lq=-0.0314 Le=-0.169 rA=0.184 rB=0.216 a_out=0 u_out=0 mem=21.005603790283203
p4 c016 2/40 L=0.982 Lq=-0.0308 Le=-0.215 rA=0.185 rB=0.215 a_out=0 u_out=0 mem=21.005603790283203
p4 c016 3/40 L=0.939 Lq=-0.0392 Le=-0.249 rA=0.180 rB=0.220 a_out=1 u_out=1 mem=21.005603790283203
p4 c016 4/40 L=0.908 Lq=-0.0545 Le=-0.268 rA=0.173 rB=0.227 a_out=2 u_out=2 mem=21.005603790283203
p4 c016 5/40 L=0.916 Lq=-0.0439 Le=-0.285 rA=0.178 rB=0.222 a_out=1 u_out=1 mem=21.005603790283203
p4 c016 6/40 L=0.893 Lq=-0.0548 Le=-0.299 rA=0.173 rB=0.227 a_out=2 u_out=2 mem=21.005603790283203
p4 c016 7/40 L=0.880 Lq=-0.0603 Le=-0.312 rA=0.170 rB=0.230 a_out=2 u_out=2 mem=21.005603790283203
p4 c016 8/40 L=0.769 Lq=-0.0709 Le=-0.337 rA=0.165 rB=0.235 a_out=3 u_out=3 mem=21.005603790283203
p4 c016 9/40 L=0.762 Lq=-0.0725 Le=-0.346 rA=0.164 rB=0.236 a_out=3 u_out=3 mem=21.005603790283203
p4 c016 10/40 L=0.715 Lq=-0.0855 Le=-0.363 rA=0.157 rB=0.243 a_out=4 u_out=4 mem=21.005603790283203
p4 c016 11/40 L=0.723 Lq=-0.0805 Le=-0.358 rA=0.160 rB=0.240 a_out=4 u_out=4 mem=21.005603790283203
p4 c016 12/40 L=0.689 Lq=-0.0960 Le=-0.374 rA=0.152 rB=0.248 a_out=5 u_out=5 mem=21.005603790283203
p4 c016 13/40 L=0.700 Lq=-0.0940 Le=-0.377 rA=0.153 rB=0.247 a_out=4 u_out=4 mem=21.005603790283203
p4 c016 14/40 L=0.675 Lq=-0.1034 Le=-0.387 rA=0.148 rB=0.252 a_out=5 u_out=5 mem=21.005603790283203
p4 c016 15/40 L=0.664 Lq=-0.1091 Le=-0.398 rA=0.145 rB=0.255 a_out=5 u_out=5 mem=21.005603790283203
p4 c016 16/40 L=0.665 Lq=-0.1085 Le=-0.398 rA=0.146 rB=0.254 a_out=5 u_out=5 mem=21.005603790283203
p4 c016 17/40 L=0.669 Lq=-0.1053 Le=-0.397 rA=0.147 rB=0.253 a_out=5 u_out=5 mem=21.005603790283203
p4 c016 18/40 L=0.627 Lq=-0.1179 Le=-0.408 rA=0.141 rB=0.259 a_out=6 u_out=6 mem=21.005603790283203
p4 c016 19/40 L=0.598 Lq=-0.1268 Le=-0.416 rA=0.137 rB=0.263 a_out=7 u_out=6 mem=21.005603790283203
p4 c016 20/40 L=0.619 Lq=-0.1231 Le=-0.413 rA=0.138 rB=0.262 a_out=6 u_out=6 mem=21.005603790283203
p4 c016 21/40 L=0.620 Lq=-0.1222 Le=-0.414 rA=0.139 rB=0.261 a_out=6 u_out=6 mem=21.005603790283203
p4 c016 22/40 L=0.592 Lq=-0.1306 Le=-0.423 rA=0.135 rB=0.265 a_out=7 u_out=6 mem=21.005603790283203
p4 c016 23/40 L=0.576 Lq=-0.1413 Le=-0.434 rA=0.129 rB=0.271 a_out=7 u_out=6 mem=21.005603790283203
p4 c016 24/40 L=0.508 Lq=-0.1442 Le=-0.436 rA=0.128 rB=0.272 a_out=8 u_out=6 mem=21.005603790283203
p4 c016 25/40 L=0.499 Lq=-0.1511 Le=-0.441 rA=0.124 rB=0.276 a_out=8 u_out=6 mem=21.005603790283203
p4 c016 26/40 L=0.505 Lq=-0.1468 Le=-0.437 rA=0.127 rB=0.273 a_out=8 u_out=6 mem=21.005603790283203
p4 c016 27/40 L=0.505 Lq=-0.1461 Le=-0.438 rA=0.127 rB=0.273 a_out=8 u_out=6 mem=21.005603790283203
p4 c016 28/40 L=0.481 Lq=-0.1601 Le=-0.451 rA=0.120 rB=0.280 a_out=9 u_out=6 mem=21.005603790283203
p4 c016 29/40 L=0.490 Lq=-0.1576 Le=-0.446 rA=0.121 rB=0.279 a_out=8 u_out=6 mem=21.005603790283203
p4 c016 30/40 L=0.507 Lq=-0.1455 Le=-0.436 rA=0.127 rB=0.273 a_out=8 u_out=6 mem=21.005603790283203
p4 c016 31/40 L=0.504 Lq=-0.1474 Le=-0.437 rA=0.126 rB=0.274 a_out=8 u_out=6 mem=21.005603790283203
p4 c016 32/40 L=0.484 Lq=-0.1588 Le=-0.448 rA=0.121 rB=0.279 a_out=9 u_out=6 mem=21.005603790283203
p4 c016 33/40 L=0.489 Lq=-0.1572 Le=-0.448 rA=0.121 rB=0.279 a_out=8 u_out=6 mem=21.005603790283203
p4 c016 34/40 L=0.494 Lq=-0.1542 Le=-0.445 rA=0.123 rB=0.277 a_out=8 u_out=6 mem=21.005603790283203
p4 c016 35/40 L=0.509 Lq=-0.1442 Le=-0.434 rA=0.128 rB=0.272 a_out=8 u_out=6 mem=21.005603790283203
p4 c016 36/40 L=0.494 Lq=-0.1543 Le=-0.445 rA=0.123 rB=0.277 a_out=8 u_out=6 mem=21.005603790283203
p4 c016 37/40 L=0.441 Lq=-0.1737 Le=-0.461 rA=0.113 rB=0.287 a_out=10 u_out=6 mem=21.005603790283203
p4 c016 38/40 L=0.466 Lq=-0.1717 Le=-0.460 rA=0.114 rB=0.286 a_out=9 u_out=6 mem=21.005603790283203
p4 c016 39/40 L=0.436 Lq=-0.1772 Le=-0.464 rA=0.111 rB=0.289 a_out=10 u_out=6 mem=21.005603790283203
p4 c016 40/40 L=0.435 Lq=-0.1784 Le=-0.464 rA=0.111 rB=0.289 a_out=10 u_out=6 mem=21.005603790283203
== p4 attack c018 (14/32) ==
p4 c018 1/40 L=1.002 Lq=-0.0505 Le=-0.119 rA=0.175 rB=0.225 a_out=0 u_out=0 mem=21.005603790283203
p4 c018 2/40 L=0.947 Lq=-0.0628 Le=-0.178 rA=0.169 rB=0.231 a_out=1 u_out=1 mem=21.005603790283203
p4 c018 3/40 L=0.923 Lq=-0.0711 Le=-0.210 rA=0.164 rB=0.236 a_out=1 u_out=1 mem=21.005603790283203
p4 c018 4/40 L=0.861 Lq=-0.0903 Le=-0.268 rA=0.155 rB=0.245 a_out=2 u_out=2 mem=21.005603790283203
p4 c018 5/40 L=0.746 Lq=-0.1027 Le=-0.302 rA=0.149 rB=0.251 a_out=3 u_out=3 mem=21.005603790283203
p4 c018 6/40 L=0.725 Lq=-0.1082 Le=-0.316 rA=0.146 rB=0.254 a_out=4 u_out=4 mem=21.005603790283203
p4 c018 7/40 L=0.742 Lq=-0.1031 Le=-0.308 rA=0.148 rB=0.252 a_out=3 u_out=3 mem=21.005603790283203
p4 c018 8/40 L=0.747 Lq=-0.1018 Le=-0.300 rA=0.149 rB=0.251 a_out=3 u_out=3 mem=21.005603790283203
p4 c018 9/40 L=0.716 Lq=-0.1127 Le=-0.325 rA=0.144 rB=0.256 a_out=4 u_out=4 mem=21.005603790283203
p4 c018 10/40 L=0.723 Lq=-0.1087 Le=-0.321 rA=0.146 rB=0.254 a_out=4 u_out=4 mem=21.005603790283203
p4 c018 11/40 L=0.714 Lq=-0.1155 Le=-0.324 rA=0.142 rB=0.258 a_out=4 u_out=4 mem=21.005603790283203
p4 c018 12/40 L=0.718 Lq=-0.1118 Le=-0.322 rA=0.144 rB=0.256 a_out=4 u_out=4 mem=21.005603790283203
p4 c018 13/40 L=0.718 Lq=-0.1073 Le=-0.330 rA=0.146 rB=0.254 a_out=4 u_out=4 mem=21.005603790283203
p4 c018 14/40 L=0.717 Lq=-0.1108 Le=-0.325 rA=0.145 rB=0.255 a_out=4 u_out=4 mem=21.005603790283203
p4 c018 15/40 L=0.718 Lq=-0.1075 Le=-0.331 rA=0.146 rB=0.254 a_out=4 u_out=4 mem=21.005603790283203
p4 c018 16/40 L=0.717 Lq=-0.1098 Le=-0.329 rA=0.145 rB=0.255 a_out=4 u_out=4 mem=21.005603790283203
p4 c018 17/40 L=0.699 Lq=-0.1198 Le=-0.347 rA=0.140 rB=0.260 a_out=4 u_out=4 mem=21.005603790283203
p4 c018 18/40 L=0.707 Lq=-0.1142 Le=-0.341 rA=0.143 rB=0.257 a_out=4 u_out=4 mem=21.005603790283203
p4 c018 19/40 L=0.704 Lq=-0.1154 Le=-0.344 rA=0.142 rB=0.258 a_out=4 u_out=4 mem=21.005603790283203
p4 c018 20/40 L=0.688 Lq=-0.1225 Le=-0.346 rA=0.139 rB=0.261 a_out=5 u_out=5 mem=21.005603790283203
p4 c018 21/40 L=0.680 Lq=-0.1274 Le=-0.355 rA=0.136 rB=0.264 a_out=5 u_out=5 mem=21.005603790283203
p4 c018 22/40 L=0.681 Lq=-0.1271 Le=-0.353 rA=0.136 rB=0.264 a_out=5 u_out=5 mem=21.005603790283203
p4 c018 23/40 L=0.677 Lq=-0.1292 Le=-0.356 rA=0.135 rB=0.265 a_out=5 u_out=5 mem=21.005603790283203
p4 c018 24/40 L=0.667 Lq=-0.1334 Le=-0.368 rA=0.133 rB=0.267 a_out=5 u_out=5 mem=21.005603790283203
p4 c018 25/40 L=0.664 Lq=-0.1372 Le=-0.368 rA=0.131 rB=0.269 a_out=5 u_out=5 mem=21.005603790283203
p4 c018 26/40 L=0.665 Lq=-0.1364 Le=-0.366 rA=0.132 rB=0.268 a_out=5 u_out=5 mem=21.005603790283203
p4 c018 27/40 L=0.606 Lq=-0.1447 Le=-0.374 rA=0.128 rB=0.272 a_out=6 u_out=6 mem=21.005603790283203
p4 c018 28/40 L=0.611 Lq=-0.1422 Le=-0.370 rA=0.129 rB=0.271 a_out=6 u_out=6 mem=21.005603790283203
p4 c018 29/40 L=0.615 Lq=-0.1395 Le=-0.368 rA=0.130 rB=0.270 a_out=6 u_out=6 mem=21.005603790283203
p4 c018 30/40 L=0.603 Lq=-0.1458 Le=-0.380 rA=0.127 rB=0.273 a_out=6 u_out=6 mem=21.005603790283203
p4 c018 31/40 L=0.601 Lq=-0.1468 Le=-0.381 rA=0.127 rB=0.273 a_out=6 u_out=6 mem=21.005603790283203
p4 c018 32/40 L=0.599 Lq=-0.1474 Le=-0.384 rA=0.126 rB=0.274 a_out=6 u_out=6 mem=21.005603790283203
p4 c018 33/40 L=0.594 Lq=-0.1510 Le=-0.388 rA=0.124 rB=0.276 a_out=6 u_out=6 mem=21.005603790283203
p4 c018 34/40 L=0.456 Lq=-0.1584 Le=-0.395 rA=0.121 rB=0.279 a_out=7 u_out=6 mem=21.005603790283203
p4 c018 35/40 L=0.452 Lq=-0.1607 Le=-0.398 rA=0.120 rB=0.280 a_out=7 u_out=6 mem=21.005603790283203
p4 c018 36/40 L=0.440 Lq=-0.1688 Le=-0.406 rA=0.116 rB=0.284 a_out=7 u_out=6 mem=21.005603790283203
p4 c018 37/40 L=0.413 Lq=-0.1733 Le=-0.409 rA=0.113 rB=0.287 a_out=8 u_out=6 mem=21.005603790283203
p4 c018 38/40 L=0.418 Lq=-0.1702 Le=-0.405 rA=0.115 rB=0.285 a_out=8 u_out=6 mem=21.005603790283203
p4 c018 39/40 L=0.453 Lq=-0.1601 Le=-0.397 rA=0.120 rB=0.280 a_out=7 u_out=6 mem=21.005603790283203
p4 c018 40/40 L=0.451 Lq=-0.1610 Le=-0.400 rA=0.119 rB=0.281 a_out=7 u_out=6 mem=21.005603790283203
== p4 attack c020 (15/32) ==
p4 c020 1/40 L=2.191 Lq=-0.0218 Le=0.188 rA=0.189 rB=0.211 a_out=0 u_out=0 mem=21.005603790283203
p4 c020 2/40 L=2.106 Lq=-0.0278 Le=0.031 rA=0.186 rB=0.214 a_out=0 u_out=0 mem=21.005603790283203
p4 c020 3/40 L=2.149 Lq=-0.0209 Le=0.101 rA=0.190 rB=0.210 a_out=0 u_out=0 mem=21.005603790283203
p4 c020 4/40 L=2.076 Lq=-0.0302 Le=-0.026 rA=0.185 rB=0.215 a_out=0 u_out=0 mem=21.005603790283203
p4 c020 5/40 L=1.945 Lq=-0.0439 Le=-0.053 rA=0.178 rB=0.222 a_out=1 u_out=0 mem=21.005603790283203
p4 c020 6/40 L=1.842 Lq=-0.0547 Le=-0.117 rA=0.173 rB=0.227 a_out=2 u_out=0 mem=21.005603790283203
p4 c020 7/40 L=1.814 Lq=-0.0583 Le=-0.166 rA=0.171 rB=0.229 a_out=2 u_out=0 mem=21.005603790283203
p4 c020 8/40 L=1.758 Lq=-0.0793 Le=-0.219 rA=0.160 rB=0.240 a_out=3 u_out=0 mem=21.005603790283203
p4 c020 9/40 L=1.753 Lq=-0.0795 Le=-0.228 rA=0.160 rB=0.240 a_out=3 u_out=0 mem=21.005603790283203
p4 c020 10/40 L=1.734 Lq=-0.0812 Le=-0.213 rA=0.159 rB=0.241 a_out=4 u_out=0 mem=21.005603790283203
p4 c020 11/40 L=1.701 Lq=-0.0936 Le=-0.254 rA=0.153 rB=0.247 a_out=4 u_out=0 mem=21.005603790283203
p4 c020 12/40 L=1.649 Lq=-0.0984 Le=-0.255 rA=0.151 rB=0.249 a_out=5 u_out=0 mem=21.005603790283203
p4 c020 13/40 L=1.704 Lq=-0.0891 Le=-0.256 rA=0.155 rB=0.245 a_out=4 u_out=0 mem=21.005603790283203
p4 c020 14/40 L=1.645 Lq=-0.0959 Le=-0.268 rA=0.152 rB=0.248 a_out=5 u_out=0 mem=21.005603790283203
p4 c020 15/40 L=1.624 Lq=-0.1089 Le=-0.282 rA=0.146 rB=0.254 a_out=5 u_out=0 mem=21.005603790283203
p4 c020 16/40 L=1.608 Lq=-0.1119 Le=-0.268 rA=0.144 rB=0.256 a_out=6 u_out=0 mem=21.005603790283203
p4 c020 17/40 L=1.598 Lq=-0.1136 Le=-0.286 rA=0.143 rB=0.257 a_out=6 u_out=0 mem=21.005603790283203
p4 c020 18/40 L=1.581 Lq=-0.1248 Le=-0.297 rA=0.138 rB=0.262 a_out=6 u_out=0 mem=21.005603790283203
p4 c020 19/40 L=1.478 Lq=-0.1320 Le=-0.299 rA=0.134 rB=0.266 a_out=7 u_out=0 mem=21.005603790283203
p4 c020 20/40 L=1.466 Lq=-0.1378 Le=-0.313 rA=0.131 rB=0.269 a_out=7 u_out=0 mem=21.005603790283203
p4 c020 21/40 L=1.428 Lq=-0.1463 Le=-0.323 rA=0.127 rB=0.273 a_out=8 u_out=0 mem=21.005603790283203
p4 c020 22/40 L=1.432 Lq=-0.1481 Le=-0.312 rA=0.126 rB=0.274 a_out=8 u_out=0 mem=21.005603790283203
p4 c020 23/40 L=1.467 Lq=-0.1337 Le=-0.317 rA=0.133 rB=0.267 a_out=7 u_out=0 mem=21.005603790283203
p4 c020 24/40 L=1.464 Lq=-0.1412 Le=-0.310 rA=0.129 rB=0.271 a_out=7 u_out=0 mem=21.005603790283203
p4 c020 25/40 L=1.473 Lq=-0.1342 Le=-0.306 rA=0.133 rB=0.267 a_out=7 u_out=0 mem=21.005603790283203
p4 c020 26/40 L=1.436 Lq=-0.1451 Le=-0.311 rA=0.127 rB=0.273 a_out=8 u_out=0 mem=21.005603790283203
p4 c020 27/40 L=1.469 Lq=-0.1346 Le=-0.314 rA=0.133 rB=0.267 a_out=7 u_out=0 mem=21.005603790283203
p4 c020 28/40 L=1.433 Lq=-0.1454 Le=-0.317 rA=0.127 rB=0.273 a_out=8 u_out=0 mem=21.005603790283203
p4 c020 29/40 L=1.419 Lq=-0.1519 Le=-0.331 rA=0.124 rB=0.276 a_out=8 u_out=0 mem=21.005603790283203
p4 c020 30/40 L=1.416 Lq=-0.1554 Le=-0.330 rA=0.122 rB=0.278 a_out=8 u_out=0 mem=21.005603790283203
p4 c020 31/40 L=1.424 Lq=-0.1486 Le=-0.327 rA=0.126 rB=0.274 a_out=8 u_out=0 mem=21.005603790283203
p4 c020 32/40 L=1.378 Lq=-0.1604 Le=-0.331 rA=0.120 rB=0.280 a_out=9 u_out=0 mem=21.005603790283203
p4 c020 33/40 L=1.413 Lq=-0.1554 Le=-0.336 rA=0.122 rB=0.278 a_out=8 u_out=0 mem=21.005603790283203
p4 c020 34/40 L=1.365 Lq=-0.1656 Le=-0.346 rA=0.117 rB=0.283 a_out=9 u_out=0 mem=21.005603790283203
p4 c020 35/40 L=1.354 Lq=-0.1724 Le=-0.356 rA=0.114 rB=0.286 a_out=9 u_out=0 mem=21.005603790283203
p4 c020 36/40 L=1.272 Lq=-0.1800 Le=-0.362 rA=0.110 rB=0.290 a_out=10 u_out=0 mem=21.005603790283203
p4 c020 37/40 L=1.269 Lq=-0.1814 Le=-0.366 rA=0.109 rB=0.291 a_out=10 u_out=0 mem=21.005603790283203
p4 c020 38/40 L=1.273 Lq=-0.1779 Le=-0.364 rA=0.111 rB=0.289 a_out=10 u_out=0 mem=21.005603790283203
p4 c020 39/40 L=1.238 Lq=-0.1969 Le=-0.379 rA=0.102 rB=0.298 a_out=11 u_out=0 mem=21.005603790283203
p4 c020 40/40 L=1.248 Lq=-0.1895 Le=-0.374 rA=0.105 rB=0.295 a_out=11 u_out=0 mem=21.005603790283203
== p4 attack c021 (16/32) ==
p4 c021 1/40 L=0.962 Lq=-0.0592 Le=-0.202 rA=0.170 rB=0.230 a_out=0 u_out=0 mem=21.005603790283203
p4 c021 2/40 L=0.959 Lq=-0.0590 Le=-0.209 rA=0.170 rB=0.230 a_out=0 u_out=0 mem=21.005603790283203
p4 c021 3/40 L=0.954 Lq=-0.0650 Le=-0.208 rA=0.167 rB=0.233 a_out=0 u_out=0 mem=21.005603790283203
p4 c021 4/40 L=0.940 Lq=-0.0680 Le=-0.230 rA=0.166 rB=0.234 a_out=0 u_out=0 mem=21.005603790283203
p4 c021 5/40 L=0.912 Lq=-0.0752 Le=-0.250 rA=0.162 rB=0.238 a_out=1 u_out=1 mem=21.005603790283203
p4 c021 6/40 L=0.927 Lq=-0.0770 Le=-0.219 rA=0.161 rB=0.239 a_out=1 u_out=1 mem=21.005603790283203
p4 c021 7/40 L=0.903 Lq=-0.0850 Le=-0.253 rA=0.158 rB=0.242 a_out=1 u_out=1 mem=21.005603790283203
p4 c021 8/40 L=0.870 Lq=-0.0938 Le=-0.263 rA=0.153 rB=0.247 a_out=2 u_out=2 mem=21.005603790283203
p4 c021 9/40 L=0.873 Lq=-0.0914 Le=-0.263 rA=0.154 rB=0.246 a_out=2 u_out=2 mem=21.005603790283203
p4 c021 10/40 L=0.866 Lq=-0.0909 Le=-0.278 rA=0.155 rB=0.245 a_out=2 u_out=2 mem=21.005603790283203
p4 c021 11/40 L=0.865 Lq=-0.0921 Le=-0.277 rA=0.154 rB=0.246 a_out=2 u_out=2 mem=21.005603790283203
p4 c021 12/40 L=0.850 Lq=-0.1006 Le=-0.289 rA=0.150 rB=0.250 a_out=2 u_out=2 mem=21.005603790283203
p4 c021 13/40 L=0.849 Lq=-0.1007 Le=-0.291 rA=0.150 rB=0.250 a_out=2 u_out=2 mem=21.005603790283203
p4 c021 14/40 L=0.836 Lq=-0.1042 Le=-0.310 rA=0.148 rB=0.252 a_out=2 u_out=2 mem=21.005603790283203
p4 c021 15/40 L=0.723 Lq=-0.1097 Le=-0.314 rA=0.145 rB=0.255 a_out=3 u_out=3 mem=21.005603790283203
p4 c021 16/40 L=0.709 Lq=-0.1175 Le=-0.327 rA=0.141 rB=0.259 a_out=3 u_out=3 mem=21.005603790283203
p4 c021 17/40 L=0.622 Lq=-0.1223 Le=-0.346 rA=0.139 rB=0.261 a_out=4 u_out=4 mem=21.005603790283203
p4 c021 18/40 L=0.619 Lq=-0.1262 Le=-0.345 rA=0.137 rB=0.263 a_out=4 u_out=4 mem=21.005603790283203
p4 c021 19/40 L=0.607 Lq=-0.1319 Le=-0.357 rA=0.134 rB=0.266 a_out=4 u_out=4 mem=21.005603790283203
p4 c021 20/40 L=0.610 Lq=-0.1323 Le=-0.349 rA=0.134 rB=0.266 a_out=4 u_out=4 mem=21.005603790283203
p4 c021 21/40 L=0.620 Lq=-0.1257 Le=-0.343 rA=0.137 rB=0.263 a_out=4 u_out=4 mem=21.005603790283203
p4 c021 22/40 L=0.616 Lq=-0.1287 Le=-0.345 rA=0.136 rB=0.264 a_out=4 u_out=4 mem=21.005603790283203
p4 c021 23/40 L=0.703 Lq=-0.1214 Le=-0.331 rA=0.139 rB=0.261 a_out=3 u_out=3 mem=21.005603790283203
p4 c021 24/40 L=0.604 Lq=-0.1350 Le=-0.356 rA=0.133 rB=0.267 a_out=4 u_out=4 mem=21.005603790283203
p4 c021 25/40 L=0.613 Lq=-0.1303 Le=-0.347 rA=0.135 rB=0.265 a_out=4 u_out=4 mem=21.005603790283203
p4 c021 26/40 L=0.705 Lq=-0.1182 Le=-0.333 rA=0.141 rB=0.259 a_out=3 u_out=3 mem=21.005603790283203
p4 c021 27/40 L=0.705 Lq=-0.1204 Le=-0.330 rA=0.140 rB=0.260 a_out=3 u_out=3 mem=21.005603790283203
p4 c021 28/40 L=0.708 Lq=-0.1169 Le=-0.329 rA=0.142 rB=0.258 a_out=3 u_out=3 mem=21.005603790283203
p4 c021 29/40 L=0.701 Lq=-0.1202 Le=-0.338 rA=0.140 rB=0.260 a_out=3 u_out=3 mem=21.005603790283203
p4 c021 30/40 L=0.719 Lq=-0.1136 Le=-0.315 rA=0.143 rB=0.257 a_out=3 u_out=3 mem=21.005603790283203
p4 c021 31/40 L=0.623 Lq=-0.1297 Le=-0.331 rA=0.135 rB=0.265 a_out=4 u_out=4 mem=21.005603790283203
p4 c021 32/40 L=0.593 Lq=-0.1400 Le=-0.353 rA=0.130 rB=0.270 a_out=5 u_out=5 mem=21.005603790283203
p4 c021 33/40 L=0.577 Lq=-0.1477 Le=-0.370 rA=0.126 rB=0.274 a_out=5 u_out=5 mem=21.005603790283203
p4 c021 34/40 L=0.608 Lq=-0.1360 Le=-0.348 rA=0.132 rB=0.268 a_out=4 u_out=4 mem=21.005603790283203
p4 c021 35/40 L=0.507 Lq=-0.1545 Le=-0.381 rA=0.123 rB=0.277 a_out=6 u_out=5 mem=21.005603790283203
p4 c021 36/40 L=0.505 Lq=-0.1563 Le=-0.380 rA=0.122 rB=0.278 a_out=6 u_out=5 mem=21.005603790283203
p4 c021 37/40 L=0.509 Lq=-0.1541 Le=-0.377 rA=0.123 rB=0.277 a_out=6 u_out=5 mem=21.005603790283203
p4 c021 38/40 L=0.574 Lq=-0.1495 Le=-0.371 rA=0.125 rB=0.275 a_out=5 u_out=5 mem=21.005603790283203
p4 c021 39/40 L=0.567 Lq=-0.1522 Le=-0.380 rA=0.124 rB=0.276 a_out=5 u_out=5 mem=21.005603790283203
p4 c021 40/40 L=0.583 Lq=-0.1443 Le=-0.364 rA=0.128 rB=0.272 a_out=5 u_out=5 mem=21.005603790283203
== p4 attack c022 (17/32) ==
p4 c022 1/40 L=0.955 Lq=-0.0754 Le=-0.255 rA=0.162 rB=0.238 a_out=0 u_out=0 mem=21.005603790283203
p4 c022 2/40 L=0.889 Lq=-0.0914 Le=-0.305 rA=0.154 rB=0.246 a_out=1 u_out=1 mem=21.005603790283203
p4 c022 3/40 L=0.870 Lq=-0.1030 Le=-0.321 rA=0.149 rB=0.251 a_out=1 u_out=1 mem=21.005603790283203
p4 c022 4/40 L=0.875 Lq=-0.1016 Le=-0.313 rA=0.149 rB=0.251 a_out=1 u_out=1 mem=21.005603790283203
p4 c022 5/40 L=0.817 Lq=-0.1089 Le=-0.340 rA=0.146 rB=0.254 a_out=2 u_out=2 mem=21.005603790283203
p4 c022 6/40 L=0.812 Lq=-0.1144 Le=-0.340 rA=0.143 rB=0.257 a_out=2 u_out=2 mem=21.005603790283203
p4 c022 7/40 L=0.779 Lq=-0.1253 Le=-0.365 rA=0.137 rB=0.263 a_out=3 u_out=3 mem=21.005603790283203
p4 c022 8/40 L=0.759 Lq=-0.1370 Le=-0.381 rA=0.132 rB=0.268 a_out=3 u_out=3 mem=21.005603790283203
p4 c022 9/40 L=0.723 Lq=-0.1491 Le=-0.396 rA=0.125 rB=0.275 a_out=4 u_out=4 mem=21.005603790283203
p4 c022 10/40 L=0.717 Lq=-0.1527 Le=-0.400 rA=0.124 rB=0.276 a_out=4 u_out=4 mem=21.005603790283203
p4 c022 11/40 L=0.704 Lq=-0.1609 Le=-0.410 rA=0.120 rB=0.280 a_out=5 u_out=5 mem=21.005603790283203
p4 c022 12/40 L=0.703 Lq=-0.1617 Le=-0.410 rA=0.119 rB=0.281 a_out=5 u_out=5 mem=21.005603790283203
p4 c022 13/40 L=0.697 Lq=-0.1651 Le=-0.414 rA=0.117 rB=0.283 a_out=5 u_out=5 mem=21.005603790283203
p4 c022 14/40 L=0.705 Lq=-0.1594 Le=-0.410 rA=0.120 rB=0.280 a_out=5 u_out=5 mem=21.005603790283203
p4 c022 15/40 L=0.641 Lq=-0.1723 Le=-0.422 rA=0.114 rB=0.286 a_out=6 u_out=6 mem=21.005603790283203
p4 c022 16/40 L=0.637 Lq=-0.1748 Le=-0.426 rA=0.113 rB=0.287 a_out=6 u_out=6 mem=21.005603790283203
p4 c022 17/40 L=0.631 Lq=-0.1790 Le=-0.429 rA=0.110 rB=0.290 a_out=6 u_out=6 mem=21.005603790283203
p4 c022 18/40 L=0.622 Lq=-0.1855 Le=-0.436 rA=0.107 rB=0.293 a_out=6 u_out=6 mem=21.005603790283203
p4 c022 19/40 L=0.605 Lq=-0.1858 Le=-0.435 rA=0.107 rB=0.293 a_out=7 u_out=7 mem=21.005603790283203
p4 c022 20/40 L=0.599 Lq=-0.1901 Le=-0.439 rA=0.105 rB=0.295 a_out=7 u_out=7 mem=21.005603790283203
p4 c022 21/40 L=0.605 Lq=-0.1857 Le=-0.436 rA=0.107 rB=0.293 a_out=7 u_out=7 mem=21.005603790283203
p4 c022 22/40 L=0.601 Lq=-0.1880 Le=-0.438 rA=0.106 rB=0.294 a_out=7 u_out=7 mem=21.005603790283203
p4 c022 23/40 L=0.595 Lq=-0.1929 Le=-0.441 rA=0.104 rB=0.296 a_out=7 u_out=7 mem=21.005603790283203
p4 c022 24/40 L=0.596 Lq=-0.1924 Le=-0.441 rA=0.104 rB=0.296 a_out=7 u_out=7 mem=21.005603790283203
p4 c022 25/40 L=0.627 Lq=-0.1819 Le=-0.432 rA=0.109 rB=0.291 a_out=6 u_out=6 mem=21.005603790283203
p4 c022 26/40 L=0.588 Lq=-0.1974 Le=-0.446 rA=0.101 rB=0.299 a_out=7 u_out=7 mem=21.005603790283203
p4 c022 27/40 L=0.599 Lq=-0.1901 Le=-0.440 rA=0.105 rB=0.295 a_out=7 u_out=7 mem=21.005603790283203
p4 c022 28/40 L=0.583 Lq=-0.2014 Le=-0.449 rA=0.099 rB=0.301 a_out=7 u_out=7 mem=21.005603790283203
p4 c022 29/40 L=0.513 Lq=-0.2060 Le=-0.450 rA=0.097 rB=0.303 a_out=8 u_out=8 mem=21.005603790283203
p4 c022 30/40 L=0.514 Lq=-0.2050 Le=-0.451 rA=0.098 rB=0.302 a_out=8 u_out=8 mem=21.005603790283203
p4 c022 31/40 L=0.512 Lq=-0.2059 Le=-0.452 rA=0.097 rB=0.303 a_out=8 u_out=8 mem=21.005603790283203
p4 c022 32/40 L=0.498 Lq=-0.2166 Le=-0.459 rA=0.092 rB=0.308 a_out=8 u_out=8 mem=21.005603790283203
p4 c022 33/40 L=0.509 Lq=-0.2085 Le=-0.454 rA=0.096 rB=0.304 a_out=8 u_out=8 mem=21.005603790283203
p4 c022 34/40 L=0.505 Lq=-0.2114 Le=-0.454 rA=0.094 rB=0.306 a_out=8 u_out=8 mem=21.005603790283203
p4 c022 35/40 L=0.506 Lq=-0.2112 Le=-0.454 rA=0.094 rB=0.306 a_out=8 u_out=8 mem=21.005603790283203
p4 c022 36/40 L=0.588 Lq=-0.1973 Le=-0.447 rA=0.101 rB=0.299 a_out=7 u_out=7 mem=21.005603790283203
p4 c022 37/40 L=0.498 Lq=-0.2166 Le=-0.458 rA=0.092 rB=0.308 a_out=8 u_out=8 mem=21.005603790283203
p4 c022 38/40 L=0.509 Lq=-0.2084 Le=-0.452 rA=0.096 rB=0.304 a_out=8 u_out=8 mem=21.005603790283203
p4 c022 39/40 L=0.449 Lq=-0.2214 Le=-0.461 rA=0.089 rB=0.311 a_out=9 u_out=9 mem=21.005603790283203
p4 c022 40/40 L=0.499 Lq=-0.2164 Le=-0.457 rA=0.092 rB=0.308 a_out=8 u_out=8 mem=21.005603790283203
== p4 attack c023 (18/32) ==
p4 c023 1/40 L=1.024 Lq=-0.0262 Le=-0.189 rA=0.187 rB=0.213 a_out=0 u_out=0 mem=21.005603790283203
p4 c023 2/40 L=1.041 Lq=-0.0212 Le=-0.166 rA=0.189 rB=0.211 a_out=0 u_out=0 mem=21.005603790283203
p4 c023 3/40 L=1.002 Lq=-0.0334 Le=-0.219 rA=0.183 rB=0.217 a_out=0 u_out=0 mem=21.005603790283203
p4 c023 4/40 L=0.997 Lq=-0.0382 Le=-0.218 rA=0.181 rB=0.219 a_out=0 u_out=0 mem=21.005603790283203
p4 c023 5/40 L=0.947 Lq=-0.0458 Le=-0.257 rA=0.177 rB=0.223 a_out=1 u_out=1 mem=21.005603790283203
p4 c023 6/40 L=0.938 Lq=-0.0535 Le=-0.259 rA=0.173 rB=0.227 a_out=1 u_out=1 mem=21.005603790283203
p4 c023 7/40 L=0.911 Lq=-0.0608 Le=-0.295 rA=0.170 rB=0.230 a_out=2 u_out=2 mem=21.005603790283203
p4 c023 8/40 L=0.919 Lq=-0.0568 Le=-0.286 rA=0.172 rB=0.228 a_out=2 u_out=2 mem=21.005603790283203
p4 c023 9/40 L=0.866 Lq=-0.0757 Le=-0.323 rA=0.162 rB=0.238 a_out=3 u_out=3 mem=21.005603790283203
p4 c023 10/40 L=0.899 Lq=-0.0672 Le=-0.306 rA=0.166 rB=0.234 a_out=2 u_out=2 mem=21.005603790283203
p4 c023 11/40 L=0.899 Lq=-0.0673 Le=-0.305 rA=0.166 rB=0.234 a_out=2 u_out=2 mem=21.005603790283203
p4 c023 12/40 L=0.917 Lq=-0.0601 Le=-0.283 rA=0.170 rB=0.230 a_out=2 u_out=2 mem=21.005603790283203
p4 c023 13/40 L=0.924 Lq=-0.0570 Le=-0.275 rA=0.171 rB=0.229 a_out=2 u_out=2 mem=21.005603790283203
p4 c023 14/40 L=0.906 Lq=-0.0638 Le=-0.298 rA=0.168 rB=0.232 a_out=2 u_out=2 mem=21.005603790283203
p4 c023 15/40 L=0.913 Lq=-0.0632 Le=-0.286 rA=0.168 rB=0.232 a_out=2 u_out=2 mem=21.005603790283203
p4 c023 16/40 L=0.875 Lq=-0.0712 Le=-0.314 rA=0.164 rB=0.236 a_out=3 u_out=3 mem=21.005603790283203
p4 c023 17/40 L=0.878 Lq=-0.0713 Le=-0.309 rA=0.164 rB=0.236 a_out=3 u_out=3 mem=21.005603790283203
p4 c023 18/40 L=0.883 Lq=-0.0716 Le=-0.297 rA=0.164 rB=0.236 a_out=3 u_out=3 mem=21.005603790283203
p4 c023 19/40 L=0.879 Lq=-0.0712 Le=-0.308 rA=0.164 rB=0.236 a_out=3 u_out=3 mem=21.005603790283203
p4 c023 20/40 L=0.914 Lq=-0.0614 Le=-0.287 rA=0.169 rB=0.231 a_out=2 u_out=2 mem=21.005603790283203
p4 c023 21/40 L=0.912 Lq=-0.0640 Le=-0.288 rA=0.168 rB=0.232 a_out=2 u_out=2 mem=21.005603790283203
p4 c023 22/40 L=0.893 Lq=-0.0685 Le=-0.317 rA=0.166 rB=0.234 a_out=2 u_out=2 mem=21.005603790283203
p4 c023 23/40 L=0.870 Lq=-0.0742 Le=-0.320 rA=0.163 rB=0.237 a_out=3 u_out=3 mem=21.005603790283203
p4 c023 24/40 L=0.879 Lq=-0.0723 Le=-0.305 rA=0.164 rB=0.236 a_out=3 u_out=3 mem=21.005603790283203
p4 c023 25/40 L=0.855 Lq=-0.0842 Le=-0.330 rA=0.158 rB=0.242 a_out=3 u_out=3 mem=21.005603790283203
p4 c023 26/40 L=0.850 Lq=-0.0833 Le=-0.342 rA=0.158 rB=0.242 a_out=3 u_out=3 mem=21.005603790283203
p4 c023 27/40 L=0.859 Lq=-0.0842 Le=-0.322 rA=0.158 rB=0.242 a_out=3 u_out=3 mem=21.005603790283203
p4 c023 28/40 L=0.867 Lq=-0.0753 Le=-0.323 rA=0.162 rB=0.238 a_out=3 u_out=3 mem=21.005603790283203
p4 c023 29/40 L=0.669 Lq=-0.0860 Le=-0.332 rA=0.157 rB=0.243 a_out=4 u_out=4 mem=21.005603790283203
p4 c023 30/40 L=0.611 Lq=-0.1017 Le=-0.362 rA=0.149 rB=0.251 a_out=5 u_out=5 mem=21.005603790283203
p4 c023 31/40 L=0.647 Lq=-0.0975 Le=-0.355 rA=0.151 rB=0.249 a_out=4 u_out=4 mem=21.005603790283203
p4 c023 32/40 L=0.649 Lq=-0.0949 Le=-0.355 rA=0.153 rB=0.247 a_out=4 u_out=4 mem=21.005603790283203
p4 c023 33/40 L=0.860 Lq=-0.0809 Le=-0.326 rA=0.160 rB=0.240 a_out=3 u_out=3 mem=21.005603790283203
p4 c023 34/40 L=0.666 Lq=-0.0880 Le=-0.336 rA=0.156 rB=0.244 a_out=4 u_out=4 mem=21.005603790283203
p4 c023 35/40 L=0.608 Lq=-0.1028 Le=-0.366 rA=0.149 rB=0.251 a_out=5 u_out=5 mem=21.005603790283203
p4 c023 36/40 L=0.603 Lq=-0.1043 Le=-0.373 rA=0.148 rB=0.252 a_out=5 u_out=5 mem=21.005603790283203
p4 c023 37/40 L=0.654 Lq=-0.0920 Le=-0.351 rA=0.154 rB=0.246 a_out=4 u_out=4 mem=21.005603790283203
p4 c023 38/40 L=0.650 Lq=-0.0931 Le=-0.357 rA=0.153 rB=0.247 a_out=4 u_out=4 mem=21.005603790283203
p4 c023 39/40 L=0.650 Lq=-0.0956 Le=-0.351 rA=0.152 rB=0.248 a_out=4 u_out=4 mem=21.005603790283203
p4 c023 40/40 L=0.608 Lq=-0.1015 Le=-0.368 rA=0.149 rB=0.251 a_out=5 u_out=5 mem=21.005603790283203
== p4 attack c025 (19/32) ==
p4 c025 1/40 L=1.230 Lq=-0.0179 Le=-0.095 rA=0.191 rB=0.209 a_out=0 u_out=0 mem=21.005603790283203
p4 c025 2/40 L=1.157 Lq=-0.0211 Le=-0.132 rA=0.189 rB=0.211 a_out=1 u_out=1 mem=21.005603790283203
p4 c025 3/40 L=1.161 Lq=-0.0275 Le=-0.110 rA=0.186 rB=0.214 a_out=1 u_out=1 mem=21.005603790283203
p4 c025 4/40 L=1.185 Lq=-0.0182 Le=-0.082 rA=0.191 rB=0.209 a_out=1 u_out=1 mem=21.005603790283203
p4 c025 5/40 L=1.137 Lq=-0.0314 Le=-0.150 rA=0.184 rB=0.216 a_out=1 u_out=1 mem=21.005603790283203
p4 c025 6/40 L=1.094 Lq=-0.0401 Le=-0.186 rA=0.180 rB=0.220 a_out=2 u_out=2 mem=21.005603790283203
p4 c025 7/40 L=1.082 Lq=-0.0419 Le=-0.206 rA=0.179 rB=0.221 a_out=2 u_out=2 mem=21.005603790283203
p4 c025 8/40 L=0.821 Lq=-0.0510 Le=-0.229 rA=0.175 rB=0.225 a_out=3 u_out=3 mem=21.005603790283203
p4 c025 9/40 L=0.802 Lq=-0.0578 Le=-0.254 rA=0.171 rB=0.229 a_out=3 u_out=3 mem=21.005603790283203
p4 c025 10/40 L=0.749 Lq=-0.0710 Le=-0.261 rA=0.165 rB=0.235 a_out=4 u_out=4 mem=21.005603790283203
p4 c025 11/40 L=0.759 Lq=-0.0629 Le=-0.256 rA=0.169 rB=0.231 a_out=4 u_out=4 mem=21.005603790283203
p4 c025 12/40 L=0.750 Lq=-0.0700 Le=-0.259 rA=0.165 rB=0.235 a_out=4 u_out=4 mem=21.005603790283203
p4 c025 13/40 L=0.764 Lq=-0.0637 Le=-0.246 rA=0.168 rB=0.232 a_out=4 u_out=4 mem=21.005603790283203
p4 c025 14/40 L=0.821 Lq=-0.0564 Le=-0.221 rA=0.172 rB=0.228 a_out=3 u_out=3 mem=21.005603790283203
p4 c025 15/40 L=0.839 Lq=-0.0502 Le=-0.195 rA=0.175 rB=0.225 a_out=3 u_out=3 mem=21.005603790283203
p4 c025 16/40 L=1.085 Lq=-0.0443 Le=-0.198 rA=0.178 rB=0.222 a_out=2 u_out=2 mem=21.005603790283203
p4 c025 17/40 L=0.839 Lq=-0.0472 Le=-0.204 rA=0.176 rB=0.224 a_out=3 u_out=3 mem=21.005603790283203
p4 c025 18/40 L=1.139 Lq=-0.0223 Le=-0.164 rA=0.189 rB=0.211 a_out=1 u_out=1 mem=21.005603790283203
p4 c025 19/40 L=0.818 Lq=-0.0493 Le=-0.236 rA=0.175 rB=0.225 a_out=3 u_out=3 mem=21.005603790283203
p4 c025 20/40 L=0.792 Lq=-0.0595 Le=-0.270 rA=0.170 rB=0.230 a_out=3 u_out=3 mem=21.005603790283203
p4 c025 21/40 L=0.751 Lq=-0.0638 Le=-0.270 rA=0.168 rB=0.232 a_out=4 u_out=4 mem=21.005603790283203
p4 c025 22/40 L=0.760 Lq=-0.0607 Le=-0.261 rA=0.170 rB=0.230 a_out=4 u_out=4 mem=21.005603790283203
p4 c025 23/40 L=0.683 Lq=-0.0800 Le=-0.299 rA=0.160 rB=0.240 a_out=5 u_out=5 mem=21.005603790283203
p4 c025 24/40 L=0.758 Lq=-0.0641 Le=-0.259 rA=0.168 rB=0.232 a_out=4 u_out=4 mem=21.005603790283203
p4 c025 25/40 L=0.763 Lq=-0.0617 Le=-0.250 rA=0.169 rB=0.231 a_out=4 u_out=4 mem=21.005603790283203
p4 c025 26/40 L=0.759 Lq=-0.0633 Le=-0.256 rA=0.168 rB=0.232 a_out=4 u_out=4 mem=21.005603790283203
p4 c025 27/40 L=0.741 Lq=-0.0700 Le=-0.281 rA=0.165 rB=0.235 a_out=4 u_out=4 mem=21.005603790283203
p4 c025 28/40 L=0.766 Lq=-0.0604 Le=-0.252 rA=0.170 rB=0.230 a_out=4 u_out=4 mem=21.005603790283203
p4 c025 29/40 L=0.697 Lq=-0.0764 Le=-0.281 rA=0.162 rB=0.238 a_out=5 u_out=5 mem=21.005603790283203
p4 c025 30/40 L=0.742 Lq=-0.0711 Le=-0.278 rA=0.164 rB=0.236 a_out=4 u_out=4 mem=21.005603790283203
p4 c025 31/40 L=0.773 Lq=-0.0619 Le=-0.235 rA=0.169 rB=0.231 a_out=4 u_out=4 mem=21.005603790283203
p4 c025 32/40 L=0.702 Lq=-0.0749 Le=-0.275 rA=0.163 rB=0.237 a_out=5 u_out=5 mem=21.005603790283203
p4 c025 33/40 L=0.683 Lq=-0.0848 Le=-0.293 rA=0.158 rB=0.242 a_out=5 u_out=5 mem=21.005603790283203
p4 c025 34/40 L=0.584 Lq=-0.0921 Le=-0.316 rA=0.154 rB=0.246 a_out=6 u_out=6 mem=21.005603790283203
p4 c025 35/40 L=0.573 Lq=-0.0983 Le=-0.326 rA=0.151 rB=0.249 a_out=6 u_out=6 mem=21.005603790283203
p4 c025 36/40 L=0.683 Lq=-0.0785 Le=-0.306 rA=0.161 rB=0.239 a_out=5 u_out=5 mem=21.005603790283203
p4 c025 37/40 L=0.595 Lq=-0.0887 Le=-0.302 rA=0.156 rB=0.244 a_out=6 u_out=6 mem=21.005603790283203
p4 c025 38/40 L=0.586 Lq=-0.0894 Le=-0.318 rA=0.155 rB=0.245 a_out=6 u_out=6 mem=21.005603790283203
p4 c025 39/40 L=0.588 Lq=-0.0951 Le=-0.303 rA=0.152 rB=0.248 a_out=6 u_out=6 mem=21.005603790283203
p4 c025 40/40 L=0.498 Lq=-0.1048 Le=-0.336 rA=0.148 rB=0.252 a_out=7 u_out=7 mem=21.005603790283203
== p4 attack c026 (20/32) ==
p4 c026 1/40 L=0.975 Lq=-0.0469 Le=-0.192 rA=0.177 rB=0.223 a_out=0 u_out=0 mem=21.005603790283203
p4 c026 2/40 L=0.985 Lq=-0.0428 Le=-0.183 rA=0.179 rB=0.221 a_out=0 u_out=0 mem=21.005603790283203
p4 c026 3/40 L=0.913 Lq=-0.0635 Le=-0.261 rA=0.168 rB=0.232 a_out=1 u_out=1 mem=21.005603790283203
p4 c026 4/40 L=0.918 Lq=-0.0567 Le=-0.266 rA=0.172 rB=0.228 a_out=1 u_out=1 mem=21.005603790283203
p4 c026 5/40 L=0.961 Lq=-0.0503 Le=-0.216 rA=0.175 rB=0.225 a_out=0 u_out=0 mem=21.005603790283203
p4 c026 6/40 L=0.937 Lq=-0.0540 Le=-0.232 rA=0.173 rB=0.227 a_out=1 u_out=1 mem=21.005603790283203
p4 c026 7/40 L=0.902 Lq=-0.0657 Le=-0.279 rA=0.167 rB=0.233 a_out=1 u_out=1 mem=21.005603790283203
p4 c026 8/40 L=0.831 Lq=-0.0769 Le=-0.294 rA=0.162 rB=0.238 a_out=2 u_out=2 mem=21.005603790283203
p4 c026 9/40 L=0.824 Lq=-0.0808 Le=-0.301 rA=0.160 rB=0.240 a_out=2 u_out=2 mem=21.005603790283203
p4 c026 10/40 L=0.910 Lq=-0.0607 Le=-0.275 rA=0.170 rB=0.230 a_out=1 u_out=1 mem=21.005603790283203
p4 c026 11/40 L=0.766 Lq=-0.0887 Le=-0.321 rA=0.156 rB=0.244 a_out=3 u_out=3 mem=21.005603790283203
p4 c026 12/40 L=0.908 Lq=-0.0605 Le=-0.278 rA=0.170 rB=0.230 a_out=1 u_out=1 mem=21.005603790283203
p4 c026 13/40 L=0.976 Lq=-0.0475 Le=-0.192 rA=0.176 rB=0.224 a_out=0 u_out=0 mem=21.005603790283203
p4 c026 14/40 L=0.922 Lq=-0.0630 Le=-0.246 rA=0.168 rB=0.232 a_out=1 u_out=1 mem=21.005603790283203
p4 c026 15/40 L=0.932 Lq=-0.0564 Le=-0.238 rA=0.172 rB=0.228 a_out=1 u_out=1 mem=21.005603790283203
p4 c026 16/40 L=0.907 Lq=-0.0662 Le=-0.269 rA=0.167 rB=0.233 a_out=1 u_out=1 mem=21.005603790283203
p4 c026 17/40 L=0.940 Lq=-0.0548 Le=-0.226 rA=0.173 rB=0.227 a_out=1 u_out=1 mem=21.005603790283203
p4 c026 18/40 L=0.846 Lq=-0.0758 Le=-0.267 rA=0.162 rB=0.238 a_out=2 u_out=2 mem=21.005603790283203
p4 c026 19/40 L=0.838 Lq=-0.0756 Le=-0.283 rA=0.162 rB=0.238 a_out=2 u_out=2 mem=21.005603790283203
p4 c026 20/40 L=0.980 Lq=-0.0421 Le=-0.196 rA=0.179 rB=0.221 a_out=0 u_out=0 mem=21.005603790283203
p4 c026 21/40 L=0.931 Lq=-0.0567 Le=-0.241 rA=0.172 rB=0.228 a_out=1 u_out=1 mem=21.005603790283203
p4 c026 22/40 L=1.042 Lq=-0.0359 Le=-0.144 rA=0.182 rB=0.218 a_out=0 u_out=0 mem=21.005603790283203
p4 c026 23/40 L=0.857 Lq=-0.0698 Le=-0.258 rA=0.165 rB=0.235 a_out=2 u_out=2 mem=21.005603790283203
p4 c026 24/40 L=0.848 Lq=-0.0725 Le=-0.271 rA=0.164 rB=0.236 a_out=2 u_out=2 mem=21.005603790283203
p4 c026 25/40 L=0.915 Lq=-0.0644 Le=-0.257 rA=0.168 rB=0.232 a_out=1 u_out=1 mem=21.005603790283203
p4 c026 26/40 L=0.850 Lq=-0.0709 Le=-0.268 rA=0.165 rB=0.235 a_out=2 u_out=2 mem=21.005603790283203
p4 c026 27/40 L=0.965 Lq=-0.0454 Le=-0.219 rA=0.177 rB=0.223 a_out=0 u_out=0 mem=21.005603790283203
p4 c026 28/40 L=0.901 Lq=-0.0687 Le=-0.277 rA=0.166 rB=0.234 a_out=1 u_out=1 mem=21.005603790283203
p4 c026 29/40 L=0.928 Lq=-0.0583 Le=-0.243 rA=0.171 rB=0.229 a_out=1 u_out=1 mem=21.005603790283203
p4 c026 30/40 L=0.907 Lq=-0.0633 Le=-0.276 rA=0.168 rB=0.232 a_out=1 u_out=1 mem=21.005603790283203
p4 c026 31/40 L=0.838 Lq=-0.0739 Le=-0.284 rA=0.163 rB=0.237 a_out=2 u_out=2 mem=21.005603790283203
p4 c026 32/40 L=0.803 Lq=-0.0831 Le=-0.337 rA=0.158 rB=0.242 a_out=2 u_out=2 mem=21.005603790283203
p4 c026 33/40 L=0.761 Lq=-0.0903 Le=-0.329 rA=0.155 rB=0.245 a_out=3 u_out=3 mem=21.005603790283203
p4 c026 34/40 L=0.828 Lq=-0.0772 Le=-0.300 rA=0.161 rB=0.239 a_out=2 u_out=2 mem=21.005603790283203
p4 c026 35/40 L=0.834 Lq=-0.0726 Le=-0.297 rA=0.164 rB=0.236 a_out=2 u_out=2 mem=21.005603790283203
p4 c026 36/40 L=0.835 Lq=-0.0750 Le=-0.289 rA=0.163 rB=0.237 a_out=2 u_out=2 mem=21.005603790283203
p4 c026 37/40 L=0.823 Lq=-0.0765 Le=-0.311 rA=0.162 rB=0.238 a_out=2 u_out=2 mem=21.005603790283203
p4 c026 38/40 L=0.725 Lq=-0.1008 Le=-0.339 rA=0.150 rB=0.250 a_out=4 u_out=4 mem=21.005603790283203
p4 c026 39/40 L=0.824 Lq=-0.0777 Le=-0.306 rA=0.161 rB=0.239 a_out=2 u_out=2 mem=21.005603790283203
p4 c026 40/40 L=0.845 Lq=-0.0705 Le=-0.279 rA=0.165 rB=0.235 a_out=2 u_out=2 mem=21.005603790283203
== p4 attack c028 (21/32) ==
p4 c028 1/40 L=1.141 Lq=+0.0106 Le=0.018 rA=0.205 rB=0.195 a_out=0 u_out=0 mem=21.005603790283203
p4 c028 2/40 L=0.991 Lq=-0.0200 Le=-0.088 rA=0.190 rB=0.210 a_out=2 u_out=2 mem=21.005603790283203
p4 c028 3/40 L=0.932 Lq=-0.0344 Le=-0.141 rA=0.183 rB=0.217 a_out=3 u_out=3 mem=21.005603790283203
p4 c028 4/40 L=0.887 Lq=-0.0412 Le=-0.194 rA=0.179 rB=0.221 a_out=4 u_out=4 mem=21.005603790283203
p4 c028 5/40 L=0.853 Lq=-0.0514 Le=-0.242 rA=0.174 rB=0.226 a_out=4 u_out=4 mem=21.005603790283203
p4 c028 6/40 L=0.818 Lq=-0.0540 Le=-0.269 rA=0.173 rB=0.227 a_out=5 u_out=5 mem=21.005603790283203
p4 c028 7/40 L=1.082 Lq=-0.0066 Le=0.014 rA=0.197 rB=0.203 a_out=1 u_out=1 mem=21.005603790283203
p4 c028 8/40 L=0.896 Lq=-0.0358 Le=-0.212 rA=0.182 rB=0.218 a_out=3 u_out=3 mem=21.005603790283203
p4 c028 9/40 L=0.855 Lq=-0.0496 Le=-0.242 rA=0.175 rB=0.225 a_out=4 u_out=4 mem=21.005603790283203
p4 c028 10/40 L=0.805 Lq=-0.0603 Le=-0.284 rA=0.170 rB=0.230 a_out=5 u_out=5 mem=21.005603790283203
p4 c028 11/40 L=0.772 Lq=-0.0728 Le=-0.295 rA=0.164 rB=0.236 a_out=6 u_out=6 mem=21.005603790283203
p4 c028 12/40 L=0.776 Lq=-0.0687 Le=-0.294 rA=0.166 rB=0.234 a_out=6 u_out=6 mem=21.005603790283203
p4 c028 13/40 L=0.758 Lq=-0.0748 Le=-0.319 rA=0.163 rB=0.237 a_out=6 u_out=6 mem=21.005603790283203
p4 c028 14/40 L=0.788 Lq=-0.0648 Le=-0.310 rA=0.168 rB=0.232 a_out=5 u_out=5 mem=21.005603790283203
p4 c028 15/40 L=0.714 Lq=-0.0815 Le=-0.311 rA=0.159 rB=0.241 a_out=7 u_out=7 mem=21.005603790283203
p4 c028 16/40 L=0.701 Lq=-0.0859 Le=-0.328 rA=0.157 rB=0.243 a_out=7 u_out=7 mem=21.005603790283203
p4 c028 17/40 L=0.704 Lq=-0.0837 Le=-0.325 rA=0.158 rB=0.242 a_out=7 u_out=7 mem=21.005603790283203
p4 c028 18/40 L=0.684 Lq=-0.0926 Le=-0.348 rA=0.154 rB=0.246 a_out=7 u_out=7 mem=21.005603790283203
p4 c028 19/40 L=0.585 Lq=-0.0998 Le=-0.357 rA=0.150 rB=0.250 a_out=8 u_out=7 mem=21.005603790283203
p4 c028 20/40 L=0.587 Lq=-0.0989 Le=-0.355 rA=0.151 rB=0.249 a_out=8 u_out=7 mem=21.005603790283203
p4 c028 21/40 L=0.686 Lq=-0.0954 Le=-0.339 rA=0.152 rB=0.248 a_out=7 u_out=7 mem=21.005603790283203
p4 c028 22/40 L=0.587 Lq=-0.0988 Le=-0.357 rA=0.151 rB=0.249 a_out=8 u_out=7 mem=21.005603790283203
p4 c028 23/40 L=0.564 Lq=-0.1134 Le=-0.369 rA=0.143 rB=0.257 a_out=9 u_out=7 mem=21.005603790283203
p4 c028 24/40 L=0.551 Lq=-0.1219 Le=-0.378 rA=0.139 rB=0.261 a_out=9 u_out=7 mem=21.005603790283203
p4 c028 25/40 L=0.532 Lq=-0.1297 Le=-0.387 rA=0.135 rB=0.265 a_out=10 u_out=7 mem=21.005603790283203
p4 c028 26/40 L=0.529 Lq=-0.1317 Le=-0.391 rA=0.134 rB=0.266 a_out=10 u_out=7 mem=21.005603790283203
p4 c028 27/40 L=0.523 Lq=-0.1344 Le=-0.396 rA=0.133 rB=0.267 a_out=10 u_out=7 mem=21.005603790283203
p4 c028 28/40 L=0.498 Lq=-0.1431 Le=-0.407 rA=0.128 rB=0.272 a_out=11 u_out=7 mem=21.005603790283203
p4 c028 29/40 L=0.492 Lq=-0.1479 Le=-0.410 rA=0.126 rB=0.274 a_out=11 u_out=7 mem=21.005603790283203
p4 c028 30/40 L=0.485 Lq=-0.1514 Le=-0.415 rA=0.124 rB=0.276 a_out=11 u_out=7 mem=21.005603790283203
p4 c028 31/40 L=0.487 Lq=-0.1508 Le=-0.413 rA=0.125 rB=0.275 a_out=11 u_out=7 mem=21.005603790283203
p4 c028 32/40 L=0.430 Lq=-0.1597 Le=-0.423 rA=0.120 rB=0.280 a_out=12 u_out=7 mem=21.005603790283203
p4 c028 33/40 L=0.420 Lq=-0.1668 Le=-0.428 rA=0.117 rB=0.283 a_out=12 u_out=7 mem=21.005603790283203
p4 c028 34/40 L=0.404 Lq=-0.1706 Le=-0.432 rA=0.115 rB=0.285 a_out=13 u_out=7 mem=21.005603790283203
p4 c028 35/40 L=0.428 Lq=-0.1608 Le=-0.423 rA=0.120 rB=0.280 a_out=12 u_out=7 mem=21.005603790283203
p4 c028 36/40 L=0.421 Lq=-0.1671 Le=-0.427 rA=0.116 rB=0.284 a_out=12 u_out=7 mem=21.005603790283203
p4 c028 37/40 L=0.399 Lq=-0.1742 Le=-0.434 rA=0.113 rB=0.287 a_out=13 u_out=7 mem=21.005603790283203
p4 c028 38/40 L=0.366 Lq=-0.1870 Le=-0.443 rA=0.106 rB=0.294 a_out=14 u_out=7 mem=21.005603790283203
p4 c028 39/40 L=0.362 Lq=-0.1893 Le=-0.446 rA=0.105 rB=0.295 a_out=14 u_out=7 mem=21.005603790283203
p4 c028 40/40 L=0.367 Lq=-0.1852 Le=-0.444 rA=0.107 rB=0.293 a_out=14 u_out=7 mem=21.005603790283203
== p4 attack c029 (22/32) ==
p4 c029 1/40 L=0.903 Lq=-0.0702 Le=-0.258 rA=0.165 rB=0.235 a_out=0 u_out=0 mem=21.005603790283203
p4 c029 2/40 L=0.885 Lq=-0.0772 Le=-0.269 rA=0.161 rB=0.239 a_out=1 u_out=1 mem=21.005603790283203
p4 c029 3/40 L=0.914 Lq=-0.0645 Le=-0.248 rA=0.168 rB=0.232 a_out=0 u_out=0 mem=21.005603790283203
p4 c029 4/40 L=0.826 Lq=-0.0882 Le=-0.306 rA=0.156 rB=0.244 a_out=2 u_out=2 mem=21.005603790283203
p4 c029 5/40 L=0.881 Lq=-0.0745 Le=-0.281 rA=0.163 rB=0.237 a_out=1 u_out=1 mem=21.005603790283203
p4 c029 6/40 L=0.821 Lq=-0.0893 Le=-0.316 rA=0.155 rB=0.245 a_out=2 u_out=2 mem=21.005603790283203
p4 c029 7/40 L=0.821 Lq=-0.0894 Le=-0.313 rA=0.155 rB=0.245 a_out=2 u_out=2 mem=21.005603790283203
p4 c029 8/40 L=0.860 Lq=-0.0835 Le=-0.308 rA=0.158 rB=0.242 a_out=1 u_out=1 mem=21.005603790283203
p4 c029 9/40 L=0.787 Lq=-0.1024 Le=-0.330 rA=0.149 rB=0.251 a_out=3 u_out=3 mem=21.005603790283203
p4 c029 10/40 L=0.782 Lq=-0.1034 Le=-0.340 rA=0.148 rB=0.252 a_out=3 u_out=3 mem=21.005603790283203
p4 c029 11/40 L=0.789 Lq=-0.1015 Le=-0.329 rA=0.149 rB=0.251 a_out=3 u_out=3 mem=21.005603790283203
p4 c029 12/40 L=0.776 Lq=-0.1080 Le=-0.342 rA=0.146 rB=0.254 a_out=3 u_out=3 mem=21.005603790283203
p4 c029 13/40 L=0.772 Lq=-0.1112 Le=-0.345 rA=0.144 rB=0.256 a_out=3 u_out=3 mem=21.005603790283203
p4 c029 14/40 L=0.725 Lq=-0.1177 Le=-0.352 rA=0.141 rB=0.259 a_out=4 u_out=4 mem=21.005603790283203
p4 c029 15/40 L=0.770 Lq=-0.1126 Le=-0.348 rA=0.144 rB=0.256 a_out=3 u_out=3 mem=21.005603790283203
p4 c029 16/40 L=0.719 Lq=-0.1200 Le=-0.359 rA=0.140 rB=0.260 a_out=4 u_out=4 mem=21.005603790283203
p4 c029 17/40 L=0.783 Lq=-0.1025 Le=-0.340 rA=0.149 rB=0.251 a_out=3 u_out=3 mem=21.005603790283203
p4 c029 18/40 L=0.771 Lq=-0.1095 Le=-0.349 rA=0.145 rB=0.255 a_out=3 u_out=3 mem=21.005603790283203
p4 c029 19/40 L=0.777 Lq=-0.1053 Le=-0.347 rA=0.147 rB=0.253 a_out=3 u_out=3 mem=21.005603790283203
p4 c029 20/40 L=0.761 Lq=-0.1136 Le=-0.362 rA=0.143 rB=0.257 a_out=3 u_out=3 mem=21.005603790283203
p4 c029 21/40 L=0.721 Lq=-0.1177 Le=-0.359 rA=0.141 rB=0.259 a_out=4 u_out=4 mem=21.005603790283203
p4 c029 22/40 L=0.714 Lq=-0.1211 Le=-0.367 rA=0.139 rB=0.261 a_out=4 u_out=4 mem=21.005603790283203
p4 c029 23/40 L=0.705 Lq=-0.1246 Le=-0.377 rA=0.138 rB=0.262 a_out=4 u_out=4 mem=21.005603790283203
p4 c029 24/40 L=0.705 Lq=-0.1259 Le=-0.375 rA=0.137 rB=0.263 a_out=4 u_out=4 mem=21.005603790283203
p4 c029 25/40 L=0.701 Lq=-0.1277 Le=-0.379 rA=0.136 rB=0.264 a_out=4 u_out=4 mem=21.005603790283203
p4 c029 26/40 L=0.613 Lq=-0.1309 Le=-0.382 rA=0.135 rB=0.265 a_out=5 u_out=5 mem=21.005603790283203
p4 c029 27/40 L=0.720 Lq=-0.1161 Le=-0.366 rA=0.142 rB=0.258 a_out=4 u_out=4 mem=21.005603790283203
p4 c029 28/40 L=0.594 Lq=-0.1422 Le=-0.399 rA=0.129 rB=0.271 a_out=5 u_out=5 mem=21.005603790283203
p4 c029 29/40 L=0.711 Lq=-0.1230 Le=-0.370 rA=0.138 rB=0.262 a_out=4 u_out=4 mem=21.005603790283203
p4 c029 30/40 L=0.598 Lq=-0.1388 Le=-0.397 rA=0.131 rB=0.269 a_out=5 u_out=5 mem=21.005603790283203
p4 c029 31/40 L=0.602 Lq=-0.1380 Le=-0.392 rA=0.131 rB=0.269 a_out=5 u_out=5 mem=21.005603790283203
p4 c029 32/40 L=0.699 Lq=-0.1282 Le=-0.384 rA=0.136 rB=0.264 a_out=4 u_out=4 mem=21.005603790283203
p4 c029 33/40 L=0.706 Lq=-0.1213 Le=-0.385 rA=0.139 rB=0.261 a_out=4 u_out=4 mem=21.005603790283203
p4 c029 34/40 L=0.592 Lq=-0.1420 Le=-0.405 rA=0.129 rB=0.271 a_out=5 u_out=5 mem=21.005603790283203
p4 c029 35/40 L=0.597 Lq=-0.1406 Le=-0.398 rA=0.130 rB=0.270 a_out=5 u_out=5 mem=21.005603790283203
p4 c029 36/40 L=0.700 Lq=-0.1251 Le=-0.389 rA=0.137 rB=0.263 a_out=4 u_out=4 mem=21.005603790283203
p4 c029 37/40 L=0.594 Lq=-0.1419 Le=-0.402 rA=0.129 rB=0.271 a_out=5 u_out=5 mem=21.005603790283203
p4 c029 38/40 L=0.709 Lq=-0.1217 Le=-0.379 rA=0.139 rB=0.261 a_out=4 u_out=4 mem=21.005603790283203
p4 c029 39/40 L=0.602 Lq=-0.1344 Le=-0.400 rA=0.133 rB=0.267 a_out=5 u_out=5 mem=21.005603790283203
p4 c029 40/40 L=0.595 Lq=-0.1402 Le=-0.403 rA=0.130 rB=0.270 a_out=5 u_out=5 mem=21.005603790283203
== p4 attack c030 (23/32) ==
p4 c030 1/40 L=1.178 Lq=-0.0119 Le=-0.121 rA=0.194 rB=0.206 a_out=0 u_out=0 mem=21.005603790283203
p4 c030 2/40 L=1.016 Lq=-0.0522 Le=-0.240 rA=0.174 rB=0.226 a_out=2 u_out=2 mem=21.005603790283203
p4 c030 3/40 L=0.974 Lq=-0.0580 Le=-0.268 rA=0.171 rB=0.229 a_out=3 u_out=3 mem=21.005603790283203
p4 c030 4/40 L=0.959 Lq=-0.0609 Le=-0.292 rA=0.170 rB=0.230 a_out=3 u_out=3 mem=21.005603790283203
p4 c030 5/40 L=1.000 Lq=-0.0537 Le=-0.269 rA=0.173 rB=0.227 a_out=2 u_out=2 mem=21.005603790283203
p4 c030 6/40 L=0.891 Lq=-0.0722 Le=-0.319 rA=0.164 rB=0.236 a_out=4 u_out=4 mem=21.005603790283203
p4 c030 7/40 L=0.950 Lq=-0.0666 Le=-0.297 rA=0.167 rB=0.233 a_out=3 u_out=3 mem=21.005603790283203
p4 c030 8/40 L=0.787 Lq=-0.0852 Le=-0.337 rA=0.157 rB=0.243 a_out=5 u_out=5 mem=21.005603790283203
p4 c030 9/40 L=0.760 Lq=-0.0971 Le=-0.368 rA=0.151 rB=0.249 a_out=5 u_out=5 mem=21.005603790283203
p4 c030 10/40 L=0.720 Lq=-0.1031 Le=-0.370 rA=0.148 rB=0.252 a_out=6 u_out=6 mem=21.005603790283203
p4 c030 11/40 L=0.754 Lq=-0.0997 Le=-0.374 rA=0.150 rB=0.250 a_out=5 u_out=5 mem=21.005603790283203
p4 c030 12/40 L=0.758 Lq=-0.0991 Le=-0.367 rA=0.150 rB=0.250 a_out=5 u_out=5 mem=21.005603790283203
p4 c030 13/40 L=0.720 Lq=-0.1030 Le=-0.369 rA=0.148 rB=0.252 a_out=6 u_out=6 mem=21.005603790283203
p4 c030 14/40 L=0.704 Lq=-0.1114 Le=-0.384 rA=0.144 rB=0.256 a_out=6 u_out=6 mem=21.005603790283203
p4 c030 15/40 L=0.716 Lq=-0.1052 Le=-0.375 rA=0.147 rB=0.253 a_out=6 u_out=6 mem=21.005603790283203
p4 c030 16/40 L=0.599 Lq=-0.1186 Le=-0.396 rA=0.141 rB=0.259 a_out=7 u_out=7 mem=21.005603790283203
p4 c030 17/40 L=0.599 Lq=-0.1188 Le=-0.396 rA=0.141 rB=0.259 a_out=7 u_out=7 mem=21.005603790283203
p4 c030 18/40 L=0.508 Lq=-0.1321 Le=-0.414 rA=0.134 rB=0.266 a_out=8 u_out=8 mem=21.005603790283203
p4 c030 19/40 L=0.503 Lq=-0.1361 Le=-0.416 rA=0.132 rB=0.268 a_out=8 u_out=8 mem=21.005603790283203
p4 c030 20/40 L=0.499 Lq=-0.1392 Le=-0.419 rA=0.130 rB=0.270 a_out=8 u_out=8 mem=21.005603790283203
p4 c030 21/40 L=0.490 Lq=-0.1453 Le=-0.424 rA=0.127 rB=0.273 a_out=8 u_out=8 mem=21.005603790283203
p4 c030 22/40 L=0.500 Lq=-0.1375 Le=-0.420 rA=0.131 rB=0.269 a_out=8 u_out=8 mem=21.005603790283203
p4 c030 23/40 L=0.453 Lq=-0.1508 Le=-0.430 rA=0.125 rB=0.275 a_out=9 u_out=9 mem=21.005603790283203
p4 c030 24/40 L=0.445 Lq=-0.1559 Le=-0.435 rA=0.122 rB=0.278 a_out=9 u_out=9 mem=21.005603790283203
p4 c030 25/40 L=0.441 Lq=-0.1581 Le=-0.439 rA=0.121 rB=0.279 a_out=9 u_out=9 mem=21.005603790283203
p4 c030 26/40 L=0.442 Lq=-0.1570 Le=-0.437 rA=0.122 rB=0.278 a_out=9 u_out=9 mem=21.005603790283203
p4 c030 27/40 L=0.459 Lq=-0.1465 Le=-0.425 rA=0.127 rB=0.273 a_out=9 u_out=9 mem=21.005603790283203
p4 c030 28/40 L=0.448 Lq=-0.1539 Le=-0.433 rA=0.123 rB=0.277 a_out=9 u_out=9 mem=21.005603790283203
p4 c030 29/40 L=0.448 Lq=-0.1534 Le=-0.433 rA=0.123 rB=0.277 a_out=9 u_out=9 mem=21.005603790283203
p4 c030 30/40 L=0.445 Lq=-0.1551 Le=-0.436 rA=0.122 rB=0.278 a_out=9 u_out=9 mem=21.005603790283203
p4 c030 31/40 L=0.449 Lq=-0.1529 Le=-0.433 rA=0.124 rB=0.276 a_out=9 u_out=9 mem=21.005603790283203
p4 c030 32/40 L=0.445 Lq=-0.1553 Le=-0.435 rA=0.122 rB=0.278 a_out=9 u_out=9 mem=21.005603790283203
p4 c030 33/40 L=0.459 Lq=-0.1464 Le=-0.425 rA=0.127 rB=0.273 a_out=9 u_out=9 mem=21.005603790283203
p4 c030 34/40 L=0.445 Lq=-0.1550 Le=-0.437 rA=0.123 rB=0.277 a_out=9 u_out=9 mem=21.005603790283203
p4 c030 35/40 L=0.447 Lq=-0.1546 Le=-0.434 rA=0.123 rB=0.277 a_out=9 u_out=9 mem=21.005603790283203
p4 c030 36/40 L=0.424 Lq=-0.1646 Le=-0.444 rA=0.118 rB=0.282 a_out=10 u_out=10 mem=21.005603790283203
p4 c030 37/40 L=0.407 Lq=-0.1763 Le=-0.454 rA=0.112 rB=0.288 a_out=10 u_out=10 mem=21.005603790283203
p4 c030 38/40 L=0.341 Lq=-0.1807 Le=-0.459 rA=0.110 rB=0.290 a_out=11 u_out=10 mem=21.005603790283203
p4 c030 39/40 L=0.408 Lq=-0.1756 Le=-0.453 rA=0.112 rB=0.288 a_out=10 u_out=10 mem=21.005603790283203
p4 c030 40/40 L=0.337 Lq=-0.1846 Le=-0.459 rA=0.108 rB=0.292 a_out=11 u_out=10 mem=21.005603790283203
== p4 attack c031 (24/32) ==
p4 c031 1/40 L=3.293 Lq=-0.0472 Le=0.270 rA=0.176 rB=0.224 a_out=0 u_out=0 mem=21.005603790283203
p4 c031 2/40 L=3.311 Lq=-0.0534 Le=0.318 rA=0.173 rB=0.227 a_out=0 u_out=0 mem=21.005603790283203
p4 c031 3/40 L=3.234 Lq=-0.0579 Le=0.172 rA=0.171 rB=0.229 a_out=0 u_out=0 mem=21.005603790283203
p4 c031 4/40 L=3.170 Lq=-0.0653 Le=0.182 rA=0.167 rB=0.233 a_out=1 u_out=0 mem=21.005603790283203
p4 c031 5/40 L=3.111 Lq=-0.0653 Le=0.065 rA=0.167 rB=0.233 a_out=1 u_out=0 mem=21.005603790283203
p4 c031 6/40 L=3.132 Lq=-0.0653 Le=0.106 rA=0.167 rB=0.233 a_out=1 u_out=0 mem=21.005603790283203
p4 c031 7/40 L=3.123 Lq=-0.0608 Le=0.079 rA=0.170 rB=0.230 a_out=1 u_out=0 mem=21.005603790283203
p4 c031 8/40 L=3.289 Lq=-0.0583 Le=0.283 rA=0.171 rB=0.229 a_out=0 u_out=0 mem=21.005603790283203
p4 c031 9/40 L=3.162 Lq=-0.0703 Le=0.176 rA=0.165 rB=0.235 a_out=1 u_out=0 mem=21.005603790283203
p4 c031 10/40 L=3.149 Lq=-0.0660 Le=0.141 rA=0.167 rB=0.233 a_out=1 u_out=0 mem=21.005603790283203
p4 c031 11/40 L=3.142 Lq=-0.0662 Le=0.128 rA=0.167 rB=0.233 a_out=1 u_out=0 mem=21.005603790283203
p4 c031 12/40 L=3.105 Lq=-0.0737 Le=0.068 rA=0.163 rB=0.237 a_out=1 u_out=0 mem=21.005603790283203
p4 c031 13/40 L=3.114 Lq=-0.0723 Le=0.084 rA=0.164 rB=0.236 a_out=1 u_out=0 mem=21.005603790283203
p4 c031 14/40 L=3.089 Lq=-0.0683 Le=0.026 rA=0.166 rB=0.234 a_out=1 u_out=0 mem=21.005603790283203
p4 c031 15/40 L=2.992 Lq=-0.0760 Le=0.005 rA=0.162 rB=0.238 a_out=2 u_out=0 mem=21.005603790283203
p4 c031 16/40 L=3.002 Lq=-0.0783 Le=0.031 rA=0.161 rB=0.239 a_out=2 u_out=0 mem=21.005603790283203
p4 c031 17/40 L=2.987 Lq=-0.0761 Le=-0.002 rA=0.162 rB=0.238 a_out=2 u_out=0 mem=21.005603790283203
p4 c031 18/40 L=2.943 Lq=-0.0863 Le=-0.072 rA=0.157 rB=0.243 a_out=2 u_out=0 mem=21.005603790283203
p4 c031 19/40 L=2.956 Lq=-0.0875 Le=-0.042 rA=0.156 rB=0.244 a_out=2 u_out=0 mem=21.005603790283203
p4 c031 20/40 L=2.929 Lq=-0.0889 Le=-0.094 rA=0.156 rB=0.244 a_out=2 u_out=0 mem=21.005603790283203
p4 c031 21/40 L=2.938 Lq=-0.0856 Le=-0.082 rA=0.157 rB=0.243 a_out=2 u_out=0 mem=21.005603790283203
p4 c031 22/40 L=2.899 Lq=-0.0914 Le=-0.065 rA=0.154 rB=0.246 a_out=3 u_out=0 mem=21.005603790283203
p4 c031 23/40 L=2.972 Lq=-0.0809 Le=-0.024 rA=0.160 rB=0.240 a_out=2 u_out=0 mem=21.005603790283203
p4 c031 24/40 L=2.943 Lq=-0.0878 Le=-0.067 rA=0.156 rB=0.244 a_out=2 u_out=0 mem=21.005603790283203
p4 c031 25/40 L=2.892 Lq=-0.0919 Le=-0.078 rA=0.154 rB=0.246 a_out=3 u_out=0 mem=21.005603790283203
p4 c031 26/40 L=2.857 Lq=-0.1053 Le=-0.119 rA=0.147 rB=0.253 a_out=3 u_out=0 mem=21.005603790283203
p4 c031 27/40 L=2.871 Lq=-0.1005 Le=-0.102 rA=0.150 rB=0.250 a_out=3 u_out=0 mem=21.005603790283203
p4 c031 28/40 L=2.889 Lq=-0.0964 Le=-0.075 rA=0.152 rB=0.248 a_out=3 u_out=0 mem=21.005603790283203
p4 c031 29/40 L=2.875 Lq=-0.0941 Le=-0.108 rA=0.153 rB=0.247 a_out=3 u_out=0 mem=21.005603790283203
p4 c031 30/40 L=2.876 Lq=-0.0990 Le=-0.095 rA=0.151 rB=0.249 a_out=3 u_out=0 mem=21.005603790283203
p4 c031 31/40 L=2.864 Lq=-0.1042 Le=-0.110 rA=0.148 rB=0.252 a_out=3 u_out=0 mem=21.005603790283203
p4 c031 32/40 L=2.872 Lq=-0.1016 Le=-0.097 rA=0.149 rB=0.251 a_out=3 u_out=0 mem=21.005603790283203
p4 c031 33/40 L=2.694 Lq=-0.1169 Le=-0.098 rA=0.142 rB=0.258 a_out=4 u_out=0 mem=21.005603790283203
p4 c031 34/40 L=2.682 Lq=-0.1142 Le=-0.128 rA=0.143 rB=0.257 a_out=4 u_out=0 mem=21.005603790283203
p4 c031 35/40 L=2.666 Lq=-0.1144 Le=-0.159 rA=0.143 rB=0.257 a_out=4 u_out=0 mem=21.005603790283203
p4 c031 36/40 L=2.635 Lq=-0.1245 Le=-0.172 rA=0.138 rB=0.262 a_out=5 u_out=0 mem=21.005603790283203
p4 c031 37/40 L=2.622 Lq=-0.1278 Le=-0.192 rA=0.136 rB=0.264 a_out=5 u_out=0 mem=21.005603790283203
p4 c031 38/40 L=2.559 Lq=-0.1405 Le=-0.200 rA=0.130 rB=0.270 a_out=6 u_out=0 mem=21.005603790283203
p4 c031 39/40 L=2.603 Lq=-0.1370 Le=-0.213 rA=0.131 rB=0.269 a_out=5 u_out=0 mem=21.005603790283203
p4 c031 40/40 L=2.608 Lq=-0.1317 Le=-0.213 rA=0.134 rB=0.266 a_out=5 u_out=0 mem=21.005603790283203
== p4 attack c032 (25/32) ==
p4 c032 1/40 L=1.591 Lq=-0.0397 Le=-0.088 rA=0.180 rB=0.220 a_out=0 u_out=0 mem=21.005603790283203
p4 c032 2/40 L=1.701 Lq=-0.0325 Le=-0.079 rA=0.184 rB=0.216 a_out=0 u_out=0 mem=21.005603790283203
p4 c032 3/40 L=1.716 Lq=-0.0255 Le=-0.064 rA=0.187 rB=0.213 a_out=0 u_out=0 mem=21.005603790283203
p4 c032 4/40 L=1.695 Lq=-0.0368 Le=-0.084 rA=0.182 rB=0.218 a_out=0 u_out=0 mem=21.005603790283203
p4 c032 5/40 L=1.602 Lq=-0.0417 Le=-0.064 rA=0.179 rB=0.221 a_out=0 u_out=0 mem=21.005603790283203
p4 c032 6/40 L=1.694 Lq=-0.0312 Le=-0.098 rA=0.184 rB=0.216 a_out=0 u_out=0 mem=21.005603790283203
p4 c032 7/40 L=1.434 Lq=-0.0593 Le=-0.157 rA=0.170 rB=0.230 a_out=1 u_out=1 mem=21.005603790283203
p4 c032 8/40 L=1.434 Lq=-0.0633 Le=-0.152 rA=0.168 rB=0.232 a_out=1 u_out=1 mem=21.005603790283203
p4 c032 9/40 L=1.395 Lq=-0.0688 Le=-0.218 rA=0.166 rB=0.234 a_out=1 u_out=1 mem=21.005603790283203
p4 c032 10/40 L=1.356 Lq=-0.0772 Le=-0.179 rA=0.161 rB=0.239 a_out=2 u_out=2 mem=21.005603790283203
p4 c032 11/40 L=1.365 Lq=-0.0733 Le=-0.171 rA=0.163 rB=0.237 a_out=2 u_out=2 mem=21.005603790283203
p4 c032 12/40 L=1.339 Lq=-0.0754 Le=-0.218 rA=0.162 rB=0.238 a_out=2 u_out=2 mem=21.005603790283203
p4 c032 13/40 L=1.429 Lq=-0.0581 Le=-0.171 rA=0.171 rB=0.229 a_out=1 u_out=1 mem=21.005603790283203
p4 c032 14/40 L=1.426 Lq=-0.0615 Le=-0.172 rA=0.169 rB=0.231 a_out=1 u_out=1 mem=21.005603790283203
p4 c032 15/40 L=1.430 Lq=-0.0627 Le=-0.160 rA=0.169 rB=0.231 a_out=1 u_out=1 mem=21.005603790283203
p4 c032 16/40 L=1.367 Lq=-0.0699 Le=-0.173 rA=0.165 rB=0.235 a_out=2 u_out=2 mem=21.005603790283203
p4 c032 17/40 L=1.344 Lq=-0.0772 Le=-0.203 rA=0.161 rB=0.239 a_out=2 u_out=2 mem=21.005603790283203
p4 c032 18/40 L=1.322 Lq=-0.0808 Le=-0.242 rA=0.160 rB=0.240 a_out=2 u_out=2 mem=21.005603790283203
p4 c032 19/40 L=1.325 Lq=-0.0783 Le=-0.240 rA=0.161 rB=0.239 a_out=2 u_out=2 mem=21.005603790283203
p4 c032 20/40 L=1.192 Lq=-0.0859 Le=-0.228 rA=0.157 rB=0.243 a_out=3 u_out=3 mem=21.005603790283203
p4 c032 21/40 L=1.182 Lq=-0.0929 Le=-0.234 rA=0.154 rB=0.246 a_out=3 u_out=3 mem=21.005603790283203
p4 c032 22/40 L=1.436 Lq=-0.0653 Le=-0.145 rA=0.167 rB=0.233 a_out=1 u_out=1 mem=21.005603790283203
p4 c032 23/40 L=1.176 Lq=-0.0968 Le=-0.239 rA=0.152 rB=0.248 a_out=3 u_out=3 mem=21.005603790283203
p4 c032 24/40 L=1.340 Lq=-0.0782 Le=-0.211 rA=0.161 rB=0.239 a_out=2 u_out=2 mem=21.005603790283203
p4 c032 25/40 L=1.087 Lq=-0.1106 Le=-0.266 rA=0.145 rB=0.255 a_out=4 u_out=4 mem=21.005603790283203
p4 c032 26/40 L=1.105 Lq=-0.1043 Le=-0.242 rA=0.148 rB=0.252 a_out=4 u_out=4 mem=21.005603790283203
p4 c032 27/40 L=1.104 Lq=-0.1026 Le=-0.248 rA=0.149 rB=0.251 a_out=4 u_out=4 mem=21.005603790283203
p4 c032 28/40 L=1.185 Lq=-0.0933 Le=-0.228 rA=0.153 rB=0.247 a_out=3 u_out=3 mem=21.005603790283203
p4 c032 29/40 L=1.182 Lq=-0.0979 Le=-0.226 rA=0.151 rB=0.249 a_out=3 u_out=3 mem=21.005603790283203
p4 c032 30/40 L=1.098 Lq=-0.1008 Le=-0.264 rA=0.150 rB=0.250 a_out=4 u_out=4 mem=21.005603790283203
p4 c032 31/40 L=1.175 Lq=-0.0953 Le=-0.243 rA=0.152 rB=0.248 a_out=3 u_out=3 mem=21.005603790283203
p4 c032 32/40 L=1.081 Lq=-0.1089 Le=-0.281 rA=0.146 rB=0.254 a_out=4 u_out=4 mem=21.005603790283203
p4 c032 33/40 L=1.092 Lq=-0.1062 Le=-0.265 rA=0.147 rB=0.253 a_out=4 u_out=4 mem=21.005603790283203
p4 c032 34/40 L=0.691 Lq=-0.1201 Le=-0.293 rA=0.140 rB=0.260 a_out=5 u_out=5 mem=21.005603790283203
p4 c032 35/40 L=1.094 Lq=-0.1035 Le=-0.267 rA=0.148 rB=0.252 a_out=4 u_out=4 mem=21.005603790283203
p4 c032 36/40 L=1.080 Lq=-0.1097 Le=-0.281 rA=0.145 rB=0.255 a_out=4 u_out=4 mem=21.005603790283203
p4 c032 37/40 L=1.086 Lq=-0.1056 Le=-0.278 rA=0.147 rB=0.253 a_out=4 u_out=4 mem=21.005603790283203
p4 c032 38/40 L=1.078 Lq=-0.1112 Le=-0.283 rA=0.144 rB=0.256 a_out=4 u_out=4 mem=21.005603790283203
p4 c032 39/40 L=0.680 Lq=-0.1245 Le=-0.308 rA=0.138 rB=0.262 a_out=5 u_out=5 mem=21.005603790283203
p4 c032 40/40 L=1.160 Lq=-0.0976 Le=-0.271 rA=0.151 rB=0.249 a_out=3 u_out=3 mem=21.005603790283203
== p4 attack c033 (26/32) ==
p4 c033 1/40 L=1.143 Lq=-0.0169 Le=-0.132 rA=0.192 rB=0.208 a_out=0 u_out=0 mem=21.005603790283203
p4 c033 2/40 L=1.191 Lq=-0.0122 Le=-0.047 rA=0.194 rB=0.206 a_out=0 u_out=0 mem=21.005603790283203
p4 c033 3/40 L=0.999 Lq=-0.0460 Le=-0.232 rA=0.177 rB=0.223 a_out=2 u_out=2 mem=21.005603790283203
p4 c033 4/40 L=0.968 Lq=-0.0534 Le=-0.280 rA=0.173 rB=0.227 a_out=2 u_out=2 mem=21.005603790283203
p4 c033 5/40 L=0.974 Lq=-0.0519 Le=-0.271 rA=0.174 rB=0.226 a_out=2 u_out=2 mem=21.005603790283203
p4 c033 6/40 L=0.853 Lq=-0.0636 Le=-0.281 rA=0.168 rB=0.232 a_out=3 u_out=3 mem=21.005603790283203
p4 c033 7/40 L=0.732 Lq=-0.0735 Le=-0.304 rA=0.163 rB=0.237 a_out=4 u_out=4 mem=21.005603790283203
p4 c033 8/40 L=0.835 Lq=-0.0690 Le=-0.307 rA=0.165 rB=0.235 a_out=3 u_out=3 mem=21.005603790283203
p4 c033 9/40 L=0.722 Lq=-0.0782 Le=-0.315 rA=0.161 rB=0.239 a_out=4 u_out=4 mem=21.005603790283203
p4 c033 10/40 L=0.730 Lq=-0.0761 Le=-0.304 rA=0.162 rB=0.238 a_out=4 u_out=4 mem=21.005603790283203
p4 c033 11/40 L=0.496 Lq=-0.0915 Le=-0.344 rA=0.154 rB=0.246 a_out=5 u_out=5 mem=21.005603790283203
p4 c033 12/40 L=0.711 Lq=-0.0795 Le=-0.335 rA=0.160 rB=0.240 a_out=4 u_out=4 mem=21.005603790283203
p4 c033 13/40 L=0.495 Lq=-0.0906 Le=-0.348 rA=0.155 rB=0.245 a_out=5 u_out=5 mem=21.005603790283203
p4 c033 14/40 L=0.357 Lq=-0.1060 Le=-0.373 rA=0.147 rB=0.253 a_out=6 u_out=6 mem=21.005603790283203
p4 c033 15/40 L=0.348 Lq=-0.1148 Le=-0.374 rA=0.143 rB=0.257 a_out=6 u_out=6 mem=21.005603790283203
p4 c033 16/40 L=0.355 Lq=-0.1098 Le=-0.371 rA=0.145 rB=0.255 a_out=6 u_out=6 mem=21.005603790283203
p4 c033 17/40 L=0.309 Lq=-0.1236 Le=-0.384 rA=0.138 rB=0.262 a_out=7 u_out=6 mem=21.005603790283203
p4 c033 18/40 L=0.316 Lq=-0.1191 Le=-0.380 rA=0.140 rB=0.260 a_out=7 u_out=6 mem=21.005603790283203
p4 c033 19/40 L=0.318 Lq=-0.1191 Le=-0.376 rA=0.140 rB=0.260 a_out=7 u_out=6 mem=21.005603790283203
p4 c033 20/40 L=0.304 Lq=-0.1262 Le=-0.389 rA=0.137 rB=0.263 a_out=7 u_out=6 mem=21.005603790283203
p4 c033 21/40 L=0.289 Lq=-0.1321 Le=-0.390 rA=0.134 rB=0.266 a_out=8 u_out=6 mem=21.005603790283203
p4 c033 22/40 L=0.311 Lq=-0.1206 Le=-0.385 rA=0.140 rB=0.260 a_out=7 u_out=6 mem=21.005603790283203
p4 c033 23/40 L=0.313 Lq=-0.1193 Le=-0.382 rA=0.140 rB=0.260 a_out=7 u_out=6 mem=21.005603790283203
p4 c033 24/40 L=0.304 Lq=-0.1270 Le=-0.385 rA=0.137 rB=0.263 a_out=7 u_out=6 mem=21.005603790283203
p4 c033 25/40 L=0.314 Lq=-0.1222 Le=-0.375 rA=0.139 rB=0.261 a_out=7 u_out=6 mem=21.005603790283203
p4 c033 26/40 L=0.300 Lq=-0.1293 Le=-0.389 rA=0.135 rB=0.265 a_out=7 u_out=6 mem=21.005603790283203
p4 c033 27/40 L=0.304 Lq=-0.1275 Le=-0.385 rA=0.136 rB=0.264 a_out=7 u_out=6 mem=21.005603790283203
p4 c033 28/40 L=0.291 Lq=-0.1310 Le=-0.389 rA=0.134 rB=0.266 a_out=8 u_out=6 mem=21.005603790283203
p4 c033 29/40 L=0.306 Lq=-0.1236 Le=-0.388 rA=0.138 rB=0.262 a_out=7 u_out=6 mem=21.005603790283203
p4 c033 30/40 L=0.272 Lq=-0.1424 Le=-0.404 rA=0.129 rB=0.271 a_out=8 u_out=6 mem=21.005603790283203
p4 c033 31/40 L=0.300 Lq=-0.1295 Le=-0.391 rA=0.135 rB=0.265 a_out=7 u_out=6 mem=21.005603790283203
p4 c033 32/40 L=0.276 Lq=-0.1401 Le=-0.402 rA=0.130 rB=0.270 a_out=8 u_out=6 mem=21.005603790283203
p4 c033 33/40 L=0.233 Lq=-0.1462 Le=-0.410 rA=0.127 rB=0.273 a_out=9 u_out=6 mem=21.005603790283203
p4 c033 34/40 L=0.227 Lq=-0.1483 Le=-0.416 rA=0.126 rB=0.274 a_out=9 u_out=6 mem=21.005603790283203
p4 c033 35/40 L=0.222 Lq=-0.1538 Le=-0.415 rA=0.123 rB=0.277 a_out=9 u_out=6 mem=21.005603790283203
p4 c033 36/40 L=0.228 Lq=-0.1496 Le=-0.411 rA=0.125 rB=0.275 a_out=9 u_out=6 mem=21.005603790283203
p4 c033 37/40 L=0.225 Lq=-0.1517 Le=-0.415 rA=0.124 rB=0.276 a_out=9 u_out=6 mem=21.005603790283203
p4 c033 38/40 L=0.221 Lq=-0.1529 Le=-0.418 rA=0.124 rB=0.276 a_out=9 u_out=6 mem=21.005603790283203
p4 c033 39/40 L=0.221 Lq=-0.1534 Le=-0.417 rA=0.123 rB=0.277 a_out=9 u_out=6 mem=21.005603790283203
p4 c033 40/40 L=0.269 Lq=-0.1451 Le=-0.405 rA=0.127 rB=0.273 a_out=8 u_out=6 mem=21.005603790283203
== p4 attack c034 (27/32) ==
p4 c034 1/40 L=1.074 Lq=-0.0269 Le=-0.129 rA=0.187 rB=0.213 a_out=0 u_out=0 mem=21.005603790283203
p4 c034 2/40 L=0.887 Lq=-0.0485 Le=-0.192 rA=0.176 rB=0.224 a_out=2 u_out=2 mem=21.005603790283203
p4 c034 3/40 L=0.830 Lq=-0.0635 Le=-0.255 rA=0.168 rB=0.232 a_out=3 u_out=3 mem=21.005603790283203
p4 c034 4/40 L=0.823 Lq=-0.0643 Le=-0.266 rA=0.168 rB=0.232 a_out=3 u_out=3 mem=21.005603790283203
p4 c034 5/40 L=0.815 Lq=-0.0679 Le=-0.275 rA=0.166 rB=0.234 a_out=3 u_out=3 mem=21.005603790283203
p4 c034 6/40 L=0.823 Lq=-0.0645 Le=-0.268 rA=0.168 rB=0.232 a_out=3 u_out=3 mem=21.005603790283203
p4 c034 7/40 L=0.831 Lq=-0.0612 Le=-0.258 rA=0.169 rB=0.231 a_out=3 u_out=3 mem=21.005603790283203
p4 c034 8/40 L=0.769 Lq=-0.0813 Le=-0.284 rA=0.159 rB=0.241 a_out=4 u_out=4 mem=21.005603790283203
p4 c034 9/40 L=0.766 Lq=-0.0786 Le=-0.298 rA=0.161 rB=0.239 a_out=4 u_out=4 mem=21.005603790283203
p4 c034 10/40 L=0.753 Lq=-0.0807 Le=-0.318 rA=0.160 rB=0.240 a_out=4 u_out=4 mem=21.005603790283203
p4 c034 11/40 L=0.727 Lq=-0.0918 Le=-0.316 rA=0.154 rB=0.246 a_out=5 u_out=5 mem=21.005603790283203
p4 c034 12/40 L=0.806 Lq=-0.0728 Le=-0.286 rA=0.164 rB=0.236 a_out=3 u_out=3 mem=21.005603790283203
p4 c034 13/40 L=0.717 Lq=-0.0951 Le=-0.331 rA=0.152 rB=0.248 a_out=5 u_out=5 mem=21.005603790283203
p4 c034 14/40 L=0.638 Lq=-0.1086 Le=-0.354 rA=0.146 rB=0.254 a_out=6 u_out=6 mem=21.005603790283203
p4 c034 15/40 L=0.638 Lq=-0.1088 Le=-0.353 rA=0.146 rB=0.254 a_out=6 u_out=6 mem=21.005603790283203
p4 c034 16/40 L=0.640 Lq=-0.1072 Le=-0.352 rA=0.146 rB=0.254 a_out=6 u_out=6 mem=21.005603790283203
p4 c034 17/40 L=0.702 Lq=-0.0996 Le=-0.352 rA=0.150 rB=0.250 a_out=5 u_out=5 mem=21.005603790283203
p4 c034 18/40 L=0.614 Lq=-0.1191 Le=-0.380 rA=0.140 rB=0.260 a_out=6 u_out=6 mem=21.005603790283203
p4 c034 19/40 L=0.631 Lq=-0.1093 Le=-0.366 rA=0.145 rB=0.255 a_out=6 u_out=6 mem=21.005603790283203
p4 c034 20/40 L=0.467 Lq=-0.1235 Le=-0.380 rA=0.138 rB=0.262 a_out=7 u_out=6 mem=21.005603790283203
p4 c034 21/40 L=0.455 Lq=-0.1312 Le=-0.389 rA=0.134 rB=0.266 a_out=7 u_out=6 mem=21.005603790283203
p4 c034 22/40 L=0.716 Lq=-0.0928 Le=-0.338 rA=0.154 rB=0.246 a_out=5 u_out=5 mem=21.005603790283203
p4 c034 23/40 L=0.451 Lq=-0.1311 Le=-0.397 rA=0.134 rB=0.266 a_out=7 u_out=6 mem=21.005603790283203
p4 c034 24/40 L=0.441 Lq=-0.1369 Le=-0.405 rA=0.132 rB=0.268 a_out=7 u_out=6 mem=21.005603790283203
p4 c034 25/40 L=0.370 Lq=-0.1419 Le=-0.408 rA=0.129 rB=0.271 a_out=8 u_out=6 mem=21.005603790283203
p4 c034 26/40 L=0.350 Lq=-0.1573 Le=-0.408 rA=0.121 rB=0.279 a_out=9 u_out=6 mem=21.005603790283203
p4 c034 27/40 L=0.446 Lq=-0.1351 Le=-0.400 rA=0.132 rB=0.268 a_out=7 u_out=6 mem=21.005603790283203
p4 c034 28/40 L=0.370 Lq=-0.1426 Le=-0.408 rA=0.129 rB=0.271 a_out=8 u_out=6 mem=21.005603790283203
p4 c034 29/40 L=0.341 Lq=-0.1586 Le=-0.424 rA=0.121 rB=0.279 a_out=9 u_out=6 mem=21.005603790283203
p4 c034 30/40 L=0.461 Lq=-0.1252 Le=-0.389 rA=0.137 rB=0.263 a_out=7 u_out=6 mem=21.005603790283203
p4 c034 31/40 L=0.364 Lq=-0.1508 Le=-0.404 rA=0.125 rB=0.275 a_out=8 u_out=6 mem=21.005603790283203
p4 c034 32/40 L=0.446 Lq=-0.1357 Le=-0.398 rA=0.132 rB=0.268 a_out=7 u_out=6 mem=21.005603790283203
p4 c034 33/40 L=0.458 Lq=-0.1271 Le=-0.391 rA=0.136 rB=0.264 a_out=7 u_out=6 mem=21.005603790283203
p4 c034 34/40 L=0.445 Lq=-0.1365 Le=-0.398 rA=0.132 rB=0.268 a_out=7 u_out=6 mem=21.005603790283203
p4 c034 35/40 L=0.377 Lq=-0.1394 Le=-0.399 rA=0.130 rB=0.270 a_out=8 u_out=6 mem=21.005603790283203
p4 c034 36/40 L=0.444 Lq=-0.1364 Le=-0.400 rA=0.132 rB=0.268 a_out=7 u_out=6 mem=21.005603790283203
p4 c034 37/40 L=0.352 Lq=-0.1553 Le=-0.410 rA=0.122 rB=0.278 a_out=9 u_out=6 mem=21.005603790283203
p4 c034 38/40 L=0.376 Lq=-0.1403 Le=-0.400 rA=0.130 rB=0.270 a_out=8 u_out=6 mem=21.005603790283203
p4 c034 39/40 L=0.357 Lq=-0.1562 Le=-0.397 rA=0.122 rB=0.278 a_out=9 u_out=6 mem=21.005603790283203
p4 c034 40/40 L=0.338 Lq=-0.1688 Le=-0.410 rA=0.116 rB=0.284 a_out=9 u_out=6 mem=21.005603790283203
== p4 attack c035 (28/32) ==
p4 c035 1/40 L=1.026 Lq=-0.0457 Le=-0.229 rA=0.177 rB=0.223 a_out=0 u_out=0 mem=21.005603790283203
p4 c035 2/40 L=1.000 Lq=-0.0549 Le=-0.261 rA=0.173 rB=0.227 a_out=0 u_out=0 mem=21.005603790283203
p4 c035 3/40 L=1.015 Lq=-0.0508 Le=-0.241 rA=0.175 rB=0.225 a_out=0 u_out=0 mem=21.005603790283203
p4 c035 4/40 L=1.190 Lq=-0.0199 Le=-0.106 rA=0.190 rB=0.210 a_out=0 u_out=0 mem=21.005603790283203
p4 c035 5/40 L=1.161 Lq=-0.0263 Le=-0.152 rA=0.187 rB=0.213 a_out=0 u_out=0 mem=21.005603790283203
p4 c035 6/40 L=1.062 Lq=-0.0376 Le=-0.211 rA=0.181 rB=0.219 a_out=0 u_out=0 mem=21.005603790283203
p4 c035 7/40 L=1.064 Lq=-0.0342 Le=-0.214 rA=0.183 rB=0.217 a_out=0 u_out=0 mem=21.005603790283203
p4 c035 8/40 L=1.017 Lq=-0.0514 Le=-0.239 rA=0.174 rB=0.226 a_out=0 u_out=0 mem=21.005603790283203
p4 c035 9/40 L=1.095 Lq=-0.0284 Le=-0.163 rA=0.186 rB=0.214 a_out=0 u_out=0 mem=21.005603790283203
p4 c035 10/40 L=1.012 Lq=-0.0456 Le=-0.258 rA=0.177 rB=0.223 a_out=0 u_out=0 mem=21.005603790283203
p4 c035 11/40 L=1.013 Lq=-0.0508 Le=-0.248 rA=0.175 rB=0.225 a_out=0 u_out=0 mem=21.005603790283203
p4 c035 12/40 L=1.034 Lq=-0.0471 Le=-0.212 rA=0.176 rB=0.224 a_out=0 u_out=0 mem=21.005603790283203
p4 c035 13/40 L=1.053 Lq=-0.0410 Le=-0.221 rA=0.180 rB=0.220 a_out=0 u_out=0 mem=21.005603790283203
p4 c035 14/40 L=1.038 Lq=-0.0489 Le=-0.201 rA=0.176 rB=0.224 a_out=0 u_out=0 mem=21.005603790283203
p4 c035 15/40 L=1.033 Lq=-0.0486 Le=-0.212 rA=0.176 rB=0.224 a_out=0 u_out=0 mem=21.005603790283203
p4 c035 16/40 L=0.957 Lq=-0.0609 Le=-0.266 rA=0.170 rB=0.230 a_out=1 u_out=1 mem=21.005603790283203
p4 c035 17/40 L=0.956 Lq=-0.0606 Le=-0.268 rA=0.170 rB=0.230 a_out=1 u_out=1 mem=21.005603790283203
p4 c035 18/40 L=1.012 Lq=-0.0528 Le=-0.245 rA=0.174 rB=0.226 a_out=0 u_out=0 mem=21.005603790283203
p4 c035 19/40 L=1.019 Lq=-0.0542 Le=-0.228 rA=0.173 rB=0.227 a_out=0 u_out=0 mem=21.005603790283203
p4 c035 20/40 L=1.001 Lq=-0.0572 Le=-0.260 rA=0.171 rB=0.229 a_out=0 u_out=0 mem=21.005603790283203
p4 c035 21/40 L=0.884 Lq=-0.0782 Le=-0.307 rA=0.161 rB=0.239 a_out=2 u_out=2 mem=21.005603790283203
p4 c035 22/40 L=0.951 Lq=-0.0628 Le=-0.273 rA=0.169 rB=0.231 a_out=1 u_out=1 mem=21.005603790283203
p4 c035 23/40 L=0.933 Lq=-0.0715 Le=-0.292 rA=0.164 rB=0.236 a_out=1 u_out=1 mem=21.005603790283203
p4 c035 24/40 L=0.939 Lq=-0.0704 Le=-0.282 rA=0.165 rB=0.235 a_out=1 u_out=1 mem=21.005603790283203
p4 c035 25/40 L=0.959 Lq=-0.0616 Le=-0.259 rA=0.169 rB=0.231 a_out=1 u_out=1 mem=21.005603790283203
p4 c035 26/40 L=0.944 Lq=-0.0667 Le=-0.278 rA=0.167 rB=0.233 a_out=1 u_out=1 mem=21.005603790283203
p4 c035 27/40 L=0.926 Lq=-0.0733 Le=-0.302 rA=0.163 rB=0.237 a_out=1 u_out=1 mem=21.005603790283203
p4 c035 28/40 L=0.938 Lq=-0.0687 Le=-0.287 rA=0.166 rB=0.234 a_out=1 u_out=1 mem=21.005603790283203
p4 c035 29/40 L=0.885 Lq=-0.0805 Le=-0.301 rA=0.160 rB=0.240 a_out=2 u_out=2 mem=21.005603790283203
p4 c035 30/40 L=0.898 Lq=-0.0763 Le=-0.285 rA=0.162 rB=0.238 a_out=2 u_out=2 mem=21.005603790283203
p4 c035 31/40 L=0.891 Lq=-0.0759 Le=-0.299 rA=0.162 rB=0.238 a_out=2 u_out=2 mem=21.005603790283203
p4 c035 32/40 L=0.946 Lq=-0.0646 Le=-0.280 rA=0.168 rB=0.232 a_out=1 u_out=1 mem=21.005603790283203
p4 c035 33/40 L=0.945 Lq=-0.0667 Le=-0.278 rA=0.167 rB=0.233 a_out=1 u_out=1 mem=21.005603790283203
p4 c035 34/40 L=0.957 Lq=-0.0638 Le=-0.259 rA=0.168 rB=0.232 a_out=1 u_out=1 mem=21.005603790283203
p4 c035 35/40 L=0.994 Lq=-0.0566 Le=-0.275 rA=0.172 rB=0.228 a_out=0 u_out=0 mem=21.005603790283203
p4 c035 36/40 L=0.947 Lq=-0.0625 Le=-0.283 rA=0.169 rB=0.231 a_out=1 u_out=1 mem=21.005603790283203
p4 c035 37/40 L=0.886 Lq=-0.0775 Le=-0.306 rA=0.161 rB=0.239 a_out=2 u_out=2 mem=21.005603790283203
p4 c035 38/40 L=0.932 Lq=-0.0708 Le=-0.296 rA=0.165 rB=0.235 a_out=1 u_out=1 mem=21.005603790283203
p4 c035 39/40 L=0.898 Lq=-0.0776 Le=-0.283 rA=0.161 rB=0.239 a_out=2 u_out=2 mem=21.005603790283203
p4 c035 40/40 L=0.885 Lq=-0.0755 Le=-0.313 rA=0.162 rB=0.238 a_out=2 u_out=2 mem=21.005603790283203
== p4 attack c036 (29/32) ==
p4 c036 1/40 L=0.987 Lq=-0.0489 Le=-0.165 rA=0.176 rB=0.224 a_out=0 u_out=0 mem=21.005603790283203
p4 c036 2/40 L=0.919 Lq=-0.0597 Le=-0.198 rA=0.170 rB=0.230 a_out=1 u_out=1 mem=21.005603790283203
p4 c036 3/40 L=1.130 Lq=-0.0282 Le=-0.137 rA=0.186 rB=0.214 a_out=0 u_out=0 mem=21.005603790283203
p4 c036 4/40 L=1.136 Lq=-0.0333 Le=-0.115 rA=0.183 rB=0.217 a_out=0 u_out=0 mem=21.005603790283203
p4 c036 5/40 L=1.158 Lq=-0.0279 Le=-0.083 rA=0.186 rB=0.214 a_out=0 u_out=0 mem=21.005603790283203
p4 c036 6/40 L=1.012 Lq=-0.0450 Le=-0.127 rA=0.178 rB=0.222 a_out=0 u_out=0 mem=21.005603790283203
p4 c036 7/40 L=1.007 Lq=-0.0455 Le=-0.135 rA=0.177 rB=0.223 a_out=0 u_out=0 mem=21.005603790283203
p4 c036 8/40 L=0.931 Lq=-0.0591 Le=-0.176 rA=0.170 rB=0.230 a_out=1 u_out=1 mem=21.005603790283203
p4 c036 9/40 L=0.912 Lq=-0.0610 Le=-0.211 rA=0.169 rB=0.231 a_out=1 u_out=1 mem=21.005603790283203
p4 c036 10/40 L=0.897 Lq=-0.0711 Le=-0.218 rA=0.164 rB=0.236 a_out=2 u_out=2 mem=21.005603790283203
p4 c036 11/40 L=0.898 Lq=-0.0696 Le=-0.219 rA=0.165 rB=0.235 a_out=2 u_out=2 mem=21.005603790283203
p4 c036 12/40 L=0.909 Lq=-0.0663 Le=-0.208 rA=0.167 rB=0.233 a_out=1 u_out=1 mem=21.005603790283203
p4 c036 13/40 L=0.905 Lq=-0.0701 Le=-0.204 rA=0.165 rB=0.235 a_out=2 u_out=2 mem=21.005603790283203
p4 c036 14/40 L=0.915 Lq=-0.0545 Le=-0.219 rA=0.173 rB=0.227 a_out=1 u_out=1 mem=21.005603790283203
p4 c036 15/40 L=0.898 Lq=-0.0628 Le=-0.235 rA=0.169 rB=0.231 a_out=1 u_out=1 mem=21.005603790283203
p4 c036 16/40 L=0.896 Lq=-0.0701 Le=-0.222 rA=0.165 rB=0.235 a_out=2 u_out=2 mem=21.005603790283203
p4 c036 17/40 L=0.888 Lq=-0.0701 Le=-0.238 rA=0.165 rB=0.235 a_out=2 u_out=2 mem=21.005603790283203
p4 c036 18/40 L=0.912 Lq=-0.0580 Le=-0.218 rA=0.171 rB=0.229 a_out=1 u_out=1 mem=21.005603790283203
p4 c036 19/40 L=0.921 Lq=-0.0580 Le=-0.200 rA=0.171 rB=0.229 a_out=1 u_out=1 mem=21.005603790283203
p4 c036 20/40 L=0.898 Lq=-0.0665 Le=-0.228 rA=0.167 rB=0.233 a_out=1 u_out=1 mem=21.005603790283203
p4 c036 21/40 L=0.891 Lq=-0.0707 Le=-0.231 rA=0.165 rB=0.235 a_out=2 u_out=2 mem=21.005603790283203
p4 c036 22/40 L=0.893 Lq=-0.0702 Le=-0.226 rA=0.165 rB=0.235 a_out=2 u_out=2 mem=21.005603790283203
p4 c036 23/40 L=0.875 Lq=-0.0730 Le=-0.258 rA=0.163 rB=0.237 a_out=2 u_out=2 mem=21.005603790283203
p4 c036 24/40 L=0.921 Lq=-0.0590 Le=-0.199 rA=0.170 rB=0.230 a_out=1 u_out=1 mem=21.005603790283203
p4 c036 25/40 L=1.012 Lq=-0.0408 Le=-0.134 rA=0.180 rB=0.220 a_out=0 u_out=0 mem=21.005603790283203
p4 c036 26/40 L=0.919 Lq=-0.0581 Le=-0.204 rA=0.171 rB=0.229 a_out=1 u_out=1 mem=21.005603790283203
p4 c036 27/40 L=0.927 Lq=-0.0556 Le=-0.194 rA=0.172 rB=0.228 a_out=1 u_out=1 mem=21.005603790283203
p4 c036 28/40 L=0.918 Lq=-0.0536 Le=-0.215 rA=0.173 rB=0.227 a_out=1 u_out=1 mem=21.005603790283203
p4 c036 29/40 L=0.879 Lq=-0.0717 Le=-0.252 rA=0.164 rB=0.236 a_out=2 u_out=2 mem=21.005603790283203
p4 c036 30/40 L=0.885 Lq=-0.0719 Le=-0.241 rA=0.164 rB=0.236 a_out=2 u_out=2 mem=21.005603790283203
p4 c036 31/40 L=0.880 Lq=-0.0741 Le=-0.246 rA=0.163 rB=0.237 a_out=2 u_out=2 mem=21.005603790283203
p4 c036 32/40 L=0.871 Lq=-0.0788 Le=-0.253 rA=0.161 rB=0.239 a_out=2 u_out=2 mem=21.005603790283203
p4 c036 33/40 L=0.918 Lq=-0.0610 Le=-0.200 rA=0.170 rB=0.230 a_out=1 u_out=1 mem=21.005603790283203
p4 c036 34/40 L=0.796 Lq=-0.0829 Le=-0.263 rA=0.159 rB=0.241 a_out=3 u_out=3 mem=21.005603790283203
p4 c036 35/40 L=0.769 Lq=-0.0952 Le=-0.293 rA=0.152 rB=0.248 a_out=3 u_out=3 mem=21.005603790283203
p4 c036 36/40 L=0.769 Lq=-0.0954 Le=-0.291 rA=0.152 rB=0.248 a_out=3 u_out=3 mem=21.005603790283203
p4 c036 37/40 L=0.756 Lq=-0.0977 Le=-0.297 rA=0.151 rB=0.249 a_out=4 u_out=4 mem=21.005603790283203
p4 c036 38/40 L=0.737 Lq=-0.1074 Le=-0.316 rA=0.146 rB=0.254 a_out=4 u_out=4 mem=21.005603790283203
p4 c036 39/40 L=0.742 Lq=-0.1068 Le=-0.307 rA=0.147 rB=0.253 a_out=4 u_out=4 mem=21.005603790283203
p4 c036 40/40 L=0.779 Lq=-0.0908 Le=-0.282 rA=0.155 rB=0.245 a_out=3 u_out=3 mem=21.005603790283203
== p4 attack c037 (30/32) ==
p4 c037 1/40 L=0.974 Lq=-0.0254 Le=-0.191 rA=0.187 rB=0.213 a_out=0 u_out=0 mem=21.005603790283203
p4 c037 2/40 L=0.949 Lq=-0.0274 Le=-0.177 rA=0.186 rB=0.214 a_out=1 u_out=1 mem=21.005603790283203
p4 c037 3/40 L=0.946 Lq=-0.0332 Le=-0.171 rA=0.183 rB=0.217 a_out=1 u_out=1 mem=21.005603790283203
p4 c037 4/40 L=0.896 Lq=-0.0455 Le=-0.235 rA=0.177 rB=0.223 a_out=2 u_out=2 mem=21.005603790283203
p4 c037 5/40 L=0.912 Lq=-0.0427 Le=-0.220 rA=0.179 rB=0.221 a_out=1 u_out=1 mem=21.005603790283203
p4 c037 6/40 L=0.868 Lq=-0.0572 Le=-0.271 rA=0.171 rB=0.229 a_out=2 u_out=2 mem=21.005603790283203
p4 c037 7/40 L=0.820 Lq=-0.0656 Le=-0.315 rA=0.167 rB=0.233 a_out=3 u_out=3 mem=21.005603790283203
p4 c037 8/40 L=0.821 Lq=-0.0716 Le=-0.303 rA=0.164 rB=0.236 a_out=3 u_out=3 mem=21.005603790283203
p4 c037 9/40 L=0.825 Lq=-0.0689 Le=-0.301 rA=0.166 rB=0.234 a_out=3 u_out=3 mem=21.005603790283203
p4 c037 10/40 L=0.814 Lq=-0.0728 Le=-0.314 rA=0.164 rB=0.236 a_out=3 u_out=3 mem=21.005603790283203
p4 c037 11/40 L=0.801 Lq=-0.0761 Le=-0.314 rA=0.162 rB=0.238 a_out=4 u_out=4 mem=21.005603790283203
p4 c037 12/40 L=0.791 Lq=-0.0800 Le=-0.327 rA=0.160 rB=0.240 a_out=4 u_out=4 mem=21.005603790283203
p4 c037 13/40 L=0.776 Lq=-0.0879 Le=-0.341 rA=0.156 rB=0.244 a_out=4 u_out=4 mem=21.005603790283203
p4 c037 14/40 L=0.780 Lq=-0.0884 Le=-0.331 rA=0.156 rB=0.244 a_out=4 u_out=4 mem=21.005603790283203
p4 c037 15/40 L=0.780 Lq=-0.0865 Le=-0.335 rA=0.157 rB=0.243 a_out=4 u_out=4 mem=21.005603790283203
p4 c037 16/40 L=0.716 Lq=-0.0960 Le=-0.343 rA=0.152 rB=0.248 a_out=5 u_out=5 mem=21.005603790283203
p4 c037 17/40 L=0.777 Lq=-0.0884 Le=-0.337 rA=0.156 rB=0.244 a_out=4 u_out=4 mem=21.005603790283203
p4 c037 18/40 L=0.783 Lq=-0.0869 Le=-0.328 rA=0.157 rB=0.243 a_out=4 u_out=4 mem=21.005603790283203
p4 c037 19/40 L=0.720 Lq=-0.0928 Le=-0.342 rA=0.154 rB=0.246 a_out=5 u_out=5 mem=21.005603790283203
p4 c037 20/40 L=0.709 Lq=-0.0976 Le=-0.356 rA=0.151 rB=0.249 a_out=5 u_out=5 mem=21.005603790283203
p4 c037 21/40 L=0.698 Lq=-0.1043 Le=-0.363 rA=0.148 rB=0.252 a_out=5 u_out=5 mem=21.005603790283203
p4 c037 22/40 L=0.706 Lq=-0.1009 Le=-0.356 rA=0.150 rB=0.250 a_out=5 u_out=5 mem=21.005603790283203
p4 c037 23/40 L=0.660 Lq=-0.1190 Le=-0.383 rA=0.140 rB=0.260 a_out=6 u_out=6 mem=21.005603790283203
p4 c037 24/40 L=0.708 Lq=-0.1004 Le=-0.353 rA=0.150 rB=0.250 a_out=5 u_out=5 mem=21.005603790283203
p4 c037 25/40 L=0.684 Lq=-0.1071 Le=-0.359 rA=0.146 rB=0.254 a_out=6 u_out=6 mem=21.005603790283203
p4 c037 26/40 L=0.683 Lq=-0.1077 Le=-0.358 rA=0.146 rB=0.254 a_out=6 u_out=6 mem=21.005603790283203
p4 c037 27/40 L=0.677 Lq=-0.1129 Le=-0.361 rA=0.144 rB=0.256 a_out=6 u_out=6 mem=21.005603790283203
p4 c037 28/40 L=0.627 Lq=-0.1262 Le=-0.385 rA=0.137 rB=0.263 a_out=7 u_out=6 mem=21.005603790283203
p4 c037 29/40 L=0.687 Lq=-0.1070 Le=-0.353 rA=0.146 rB=0.254 a_out=6 u_out=6 mem=21.005603790283203
p4 c037 30/40 L=0.683 Lq=-0.1081 Le=-0.359 rA=0.146 rB=0.254 a_out=6 u_out=6 mem=21.005603790283203
p4 c037 31/40 L=0.672 Lq=-0.1153 Le=-0.367 rA=0.142 rB=0.258 a_out=6 u_out=6 mem=21.005603790283203
p4 c037 32/40 L=0.667 Lq=-0.1196 Le=-0.369 rA=0.140 rB=0.260 a_out=6 u_out=6 mem=21.005603790283203
p4 c037 33/40 L=0.663 Lq=-0.1221 Le=-0.372 rA=0.139 rB=0.261 a_out=6 u_out=6 mem=21.005603790283203
p4 c037 34/40 L=0.673 Lq=-0.1163 Le=-0.363 rA=0.142 rB=0.258 a_out=6 u_out=6 mem=21.005603790283203
p4 c037 35/40 L=0.557 Lq=-0.1404 Le=-0.402 rA=0.130 rB=0.270 a_out=8 u_out=6 mem=21.005603790283203
p4 c037 36/40 L=0.612 Lq=-0.1363 Le=-0.393 rA=0.132 rB=0.268 a_out=7 u_out=6 mem=21.005603790283203
p4 c037 37/40 L=0.631 Lq=-0.1223 Le=-0.382 rA=0.139 rB=0.261 a_out=7 u_out=6 mem=21.005603790283203
p4 c037 38/40 L=0.677 Lq=-0.1132 Le=-0.360 rA=0.143 rB=0.257 a_out=6 u_out=6 mem=21.005603790283203
p4 c037 39/40 L=0.706 Lq=-0.1054 Le=-0.345 rA=0.147 rB=0.253 a_out=5 u_out=5 mem=21.005603790283203
p4 c037 40/40 L=0.686 Lq=-0.1074 Le=-0.354 rA=0.146 rB=0.254 a_out=6 u_out=6 mem=21.005603790283203
== p4 attack c038 (31/32) ==
p4 c038 1/40 L=1.070 Lq=-0.0388 Le=-0.177 rA=0.181 rB=0.219 a_out=0 u_out=0 mem=21.005603790283203
p4 c038 2/40 L=1.089 Lq=-0.0313 Le=-0.155 rA=0.184 rB=0.216 a_out=0 u_out=0 mem=21.005603790283203
p4 c038 3/40 L=1.044 Lq=-0.0456 Le=-0.206 rA=0.177 rB=0.223 a_out=1 u_out=1 mem=21.005603790283203
p4 c038 4/40 L=1.041 Lq=-0.0519 Le=-0.200 rA=0.174 rB=0.226 a_out=1 u_out=1 mem=21.005603790283203
p4 c038 5/40 L=1.052 Lq=-0.0482 Le=-0.185 rA=0.176 rB=0.224 a_out=1 u_out=1 mem=21.005603790283203
p4 c038 6/40 L=0.997 Lq=-0.0599 Le=-0.210 rA=0.170 rB=0.230 a_out=2 u_out=2 mem=21.005603790283203
p4 c038 7/40 L=1.039 Lq=-0.0523 Le=-0.202 rA=0.174 rB=0.226 a_out=1 u_out=1 mem=21.005603790283203
p4 c038 8/40 L=0.983 Lq=-0.0607 Le=-0.237 rA=0.170 rB=0.230 a_out=2 u_out=2 mem=21.005603790283203
p4 c038 9/40 L=1.035 Lq=-0.0538 Le=-0.208 rA=0.173 rB=0.227 a_out=1 u_out=1 mem=21.005603790283203
p4 c038 10/40 L=0.989 Lq=-0.0604 Le=-0.226 rA=0.170 rB=0.230 a_out=2 u_out=2 mem=21.005603790283203
p4 c038 11/40 L=0.991 Lq=-0.0594 Le=-0.224 rA=0.170 rB=0.230 a_out=2 u_out=2 mem=21.005603790283203
p4 c038 12/40 L=1.027 Lq=-0.0540 Le=-0.222 rA=0.173 rB=0.227 a_out=1 u_out=1 mem=21.005603790283203
p4 c038 13/40 L=1.030 Lq=-0.0552 Le=-0.215 rA=0.172 rB=0.228 a_out=1 u_out=1 mem=21.005603790283203
p4 c038 14/40 L=1.030 Lq=-0.0580 Le=-0.210 rA=0.171 rB=0.229 a_out=1 u_out=1 mem=21.005603790283203
p4 c038 15/40 L=1.060 Lq=-0.0448 Le=-0.177 rA=0.178 rB=0.222 a_out=1 u_out=1 mem=21.005603790283203
p4 c038 16/40 L=1.029 Lq=-0.0502 Le=-0.228 rA=0.175 rB=0.225 a_out=1 u_out=1 mem=21.005603790283203
p4 c038 17/40 L=0.977 Lq=-0.0675 Le=-0.239 rA=0.166 rB=0.234 a_out=2 u_out=2 mem=21.005603790283203
p4 c038 18/40 L=1.012 Lq=-0.0578 Le=-0.248 rA=0.171 rB=0.229 a_out=1 u_out=1 mem=21.005603790283203
p4 c038 19/40 L=0.953 Lq=-0.0719 Le=-0.276 rA=0.164 rB=0.236 a_out=2 u_out=2 mem=21.005603790283203
p4 c038 20/40 L=0.957 Lq=-0.0704 Le=-0.273 rA=0.165 rB=0.235 a_out=2 u_out=2 mem=21.005603790283203
p4 c038 21/40 L=0.807 Lq=-0.0770 Le=-0.270 rA=0.161 rB=0.239 a_out=3 u_out=3 mem=21.005603790283203
p4 c038 22/40 L=0.797 Lq=-0.0817 Le=-0.279 rA=0.159 rB=0.241 a_out=3 u_out=3 mem=21.005603790283203
p4 c038 23/40 L=0.687 Lq=-0.0925 Le=-0.306 rA=0.154 rB=0.246 a_out=4 u_out=4 mem=21.005603790283203
p4 c038 24/40 L=0.781 Lq=-0.0876 Le=-0.299 rA=0.156 rB=0.244 a_out=3 u_out=3 mem=21.005603790283203
p4 c038 25/40 L=0.785 Lq=-0.0901 Le=-0.287 rA=0.155 rB=0.245 a_out=3 u_out=3 mem=21.005603790283203
p4 c038 26/40 L=0.794 Lq=-0.0865 Le=-0.275 rA=0.157 rB=0.243 a_out=3 u_out=3 mem=21.005603790283203
p4 c038 27/40 L=0.685 Lq=-0.0953 Le=-0.305 rA=0.152 rB=0.248 a_out=4 u_out=4 mem=21.005603790283203
p4 c038 28/40 L=0.685 Lq=-0.1009 Le=-0.294 rA=0.150 rB=0.250 a_out=4 u_out=4 mem=21.005603790283203
p4 c038 29/40 L=0.683 Lq=-0.1001 Le=-0.299 rA=0.150 rB=0.250 a_out=4 u_out=4 mem=21.005603790283203
p4 c038 30/40 L=0.673 Lq=-0.1045 Le=-0.310 rA=0.148 rB=0.252 a_out=4 u_out=4 mem=21.005603790283203
p4 c038 31/40 L=0.572 Lq=-0.1124 Le=-0.329 rA=0.144 rB=0.256 a_out=5 u_out=5 mem=21.005603790283203
p4 c038 32/40 L=0.573 Lq=-0.1143 Le=-0.321 rA=0.143 rB=0.257 a_out=5 u_out=5 mem=21.005603790283203
p4 c038 33/40 L=0.810 Lq=-0.0820 Le=-0.252 rA=0.159 rB=0.241 a_out=3 u_out=3 mem=21.005603790283203
p4 c038 34/40 L=0.691 Lq=-0.0957 Le=-0.291 rA=0.152 rB=0.248 a_out=4 u_out=4 mem=21.005603790283203
p4 c038 35/40 L=0.577 Lq=-0.1109 Le=-0.320 rA=0.145 rB=0.255 a_out=5 u_out=5 mem=21.005603790283203
p4 c038 36/40 L=0.800 Lq=-0.0840 Le=-0.269 rA=0.158 rB=0.242 a_out=3 u_out=3 mem=21.005603790283203
p4 c038 37/40 L=0.694 Lq=-0.0921 Le=-0.292 rA=0.154 rB=0.246 a_out=4 u_out=4 mem=21.005603790283203
p4 c038 38/40 L=0.691 Lq=-0.0929 Le=-0.297 rA=0.154 rB=0.246 a_out=4 u_out=4 mem=21.005603790283203
p4 c038 39/40 L=0.695 Lq=-0.0942 Le=-0.286 rA=0.153 rB=0.247 a_out=4 u_out=4 mem=21.005603790283203
p4 c038 40/40 L=0.582 Lq=-0.1089 Le=-0.315 rA=0.146 rB=0.254 a_out=5 u_out=5 mem=21.005603790283203
== p4 attack c039 (32/32) ==
p4 c039 1/40 L=1.065 Lq=-0.0522 Le=-0.113 rA=0.174 rB=0.226 a_out=0 u_out=0 mem=21.005603790283203
p4 c039 2/40 L=1.003 Lq=-0.0688 Le=-0.197 rA=0.166 rB=0.234 a_out=1 u_out=1 mem=21.005603790283203
p4 c039 3/40 L=1.014 Lq=-0.0623 Le=-0.188 rA=0.169 rB=0.231 a_out=1 u_out=1 mem=21.005603790283203
p4 c039 4/40 L=0.952 Lq=-0.0773 Le=-0.220 rA=0.161 rB=0.239 a_out=2 u_out=2 mem=21.005603790283203
p4 c039 5/40 L=0.953 Lq=-0.0727 Le=-0.228 rA=0.164 rB=0.236 a_out=2 u_out=2 mem=21.005603790283203
p4 c039 6/40 L=0.756 Lq=-0.0887 Le=-0.240 rA=0.156 rB=0.244 a_out=3 u_out=3 mem=21.005603790283203
p4 c039 7/40 L=0.757 Lq=-0.0883 Le=-0.238 rA=0.156 rB=0.244 a_out=3 u_out=3 mem=21.005603790283203
p4 c039 8/40 L=0.942 Lq=-0.0796 Le=-0.236 rA=0.160 rB=0.240 a_out=2 u_out=2 mem=21.005603790283203
p4 c039 9/40 L=0.944 Lq=-0.0750 Le=-0.241 rA=0.163 rB=0.237 a_out=2 u_out=2 mem=21.005603790283203
p4 c039 10/40 L=0.922 Lq=-0.0833 Le=-0.269 rA=0.158 rB=0.242 a_out=2 u_out=2 mem=21.005603790283203
p4 c039 11/40 L=0.749 Lq=-0.0866 Le=-0.261 rA=0.157 rB=0.243 a_out=3 u_out=3 mem=21.005603790283203
p4 c039 12/40 L=0.739 Lq=-0.0893 Le=-0.275 rA=0.155 rB=0.245 a_out=3 u_out=3 mem=21.005603790283203
p4 c039 13/40 L=0.734 Lq=-0.0947 Le=-0.275 rA=0.153 rB=0.247 a_out=3 u_out=3 mem=21.005603790283203
p4 c039 14/40 L=0.933 Lq=-0.0843 Le=-0.245 rA=0.158 rB=0.242 a_out=2 u_out=2 mem=21.005603790283203
p4 c039 15/40 L=0.733 Lq=-0.0967 Le=-0.271 rA=0.152 rB=0.248 a_out=3 u_out=3 mem=21.005603790283203
p4 c039 16/40 L=0.693 Lq=-0.1038 Le=-0.287 rA=0.148 rB=0.252 a_out=4 u_out=4 mem=21.005603790283203
p4 c039 17/40 L=0.751 Lq=-0.0900 Le=-0.248 rA=0.155 rB=0.245 a_out=3 u_out=3 mem=21.005603790283203
p4 c039 18/40 L=0.743 Lq=-0.0945 Le=-0.257 rA=0.153 rB=0.247 a_out=3 u_out=3 mem=21.005603790283203
p4 c039 19/40 L=0.749 Lq=-0.0898 Le=-0.253 rA=0.155 rB=0.245 a_out=3 u_out=3 mem=21.005603790283203
p4 c039 20/40 L=0.735 Lq=-0.0949 Le=-0.272 rA=0.153 rB=0.247 a_out=3 u_out=3 mem=21.005603790283203
p4 c039 21/40 L=0.692 Lq=-0.1035 Le=-0.292 rA=0.148 rB=0.252 a_out=4 u_out=4 mem=21.005603790283203
p4 c039 22/40 L=0.685 Lq=-0.1097 Le=-0.293 rA=0.145 rB=0.255 a_out=4 u_out=4 mem=21.005603790283203
p4 c039 23/40 L=0.729 Lq=-0.0969 Le=-0.280 rA=0.152 rB=0.248 a_out=3 u_out=3 mem=21.005603790283203
p4 c039 24/40 L=0.648 Lq=-0.1184 Le=-0.317 rA=0.141 rB=0.259 a_out=5 u_out=5 mem=21.005603790283203
p4 c039 25/40 L=0.640 Lq=-0.1217 Le=-0.325 rA=0.139 rB=0.261 a_out=5 u_out=5 mem=21.005603790283203
p4 c039 26/40 L=0.633 Lq=-0.1258 Le=-0.331 rA=0.137 rB=0.263 a_out=5 u_out=5 mem=21.005603790283203
p4 c039 27/40 L=0.646 Lq=-0.1203 Le=-0.317 rA=0.140 rB=0.260 a_out=5 u_out=5 mem=21.005603790283203
p4 c039 28/40 L=0.673 Lq=-0.1142 Le=-0.308 rA=0.143 rB=0.257 a_out=4 u_out=4 mem=21.005603790283203
p4 c039 29/40 L=0.626 Lq=-0.1300 Le=-0.337 rA=0.135 rB=0.265 a_out=5 u_out=5 mem=21.005603790283203
p4 c039 30/40 L=0.634 Lq=-0.1273 Le=-0.327 rA=0.136 rB=0.264 a_out=5 u_out=5 mem=21.005603790283203
p4 c039 31/40 L=0.640 Lq=-0.1255 Le=-0.319 rA=0.137 rB=0.263 a_out=5 u_out=5 mem=21.005603790283203
p4 c039 32/40 L=0.342 Lq=-0.1314 Le=-0.348 rA=0.134 rB=0.266 a_out=6 u_out=6 mem=21.005603790283203
p4 c039 33/40 L=0.303 Lq=-0.1479 Le=-0.357 rA=0.126 rB=0.274 a_out=7 u_out=6 mem=21.005603790283203
p4 c039 34/40 L=0.302 Lq=-0.1470 Le=-0.361 rA=0.126 rB=0.274 a_out=7 u_out=6 mem=21.005603790283203
p4 c039 35/40 L=0.326 Lq=-0.1455 Le=-0.353 rA=0.127 rB=0.273 a_out=6 u_out=6 mem=21.005603790283203
p4 c039 36/40 L=0.305 Lq=-0.1466 Le=-0.354 rA=0.127 rB=0.273 a_out=7 u_out=6 mem=21.005603790283203
p4 c039 37/40 L=0.295 Lq=-0.1511 Le=-0.366 rA=0.124 rB=0.276 a_out=7 u_out=6 mem=21.005603790283203
p4 c039 38/40 L=0.329 Lq=-0.1426 Le=-0.353 rA=0.129 rB=0.271 a_out=6 u_out=6 mem=21.005603790283203
p4 c039 39/40 L=0.328 Lq=-0.1429 Le=-0.352 rA=0.129 rB=0.271 a_out=6 u_out=6 mem=21.005603790283203
p4 c039 40/40 L=0.329 Lq=-0.1442 Le=-0.348 rA=0.128 rB=0.272 a_out=6 u_out=6 mem=21.005603790283203
== extend p4-attack ==
{'n': 32, 'path': '/root/autodl-tmp/multimodal_attack_project/V-CachePoll/out/p4/p4_attack.json'}
[2026-09-17T05:17:13+08:00] STAGE_OK p4-attack
[2026-09-17T05:17:13+08:00] p4 drift: CASR 8/32=0.250
[2026-09-17T05:17:13+08:00] STAGE_START /root/autodl-tmp/conda/envs/vattack/bin/python -u /root/autodl-tmp/multimodal_attack_project/V-CachePoll/scripts/run_extend.py --phase p5 --stage smoke --limit 2 --n-aux 1

===== p5 smoke 2026-09-17T05:17:13+08:00 =====
The argument `trust_remote_code` is to be used with Auto classes. It has no effect here and is ignored.
`Qwen2VLRotaryEmbedding` can now be fully parameterized by passing the model config through the `config` argument. All other arguments will be removed in v4.46
Loading checkpoint shards:   0%|          | 0/5 [00:00<?, ?it/s]Loading checkpoint shards:  20%|██        | 1/5 [00:01<00:04,  1.05s/it]Loading checkpoint shards:  40%|████      | 2/5 [00:01<00:02,  1.18it/s]Loading checkpoint shards:  60%|██████    | 3/5 [00:02<00:01,  1.33it/s]Loading checkpoint shards:  80%|████████  | 4/5 [00:03<00:00,  1.41it/s]Loading checkpoint shards: 100%|██████████| 5/5 [00:03<00:00,  1.87it/s]Loading checkpoint shards: 100%|██████████| 5/5 [00:03<00:00,  1.53it/s]
== p5 smoke c000 ==
p5 c000 1/4 L=0.986 Lq=-0.0524 Le=-0.223 rA=0.174 rB=0.226 a_out=0 u_out=0 mem=20.575724601745605
p5 c000 2/4 L=0.942 Lq=-0.0661 Le=-0.267 rA=0.167 rB=0.233 a_out=1 u_out=1 mem=20.59308433532715
p5 c000 3/4 L=0.790 Lq=-0.0811 Le=-0.304 rA=0.159 rB=0.241 a_out=2 u_out=2 mem=20.59308433532715
p5 c000 4/4 L=0.796 Lq=-0.0782 Le=-0.298 rA=0.161 rB=0.239 a_out=2 u_out=2 mem=20.59308433532715
== p5 smoke c003 ==
p5 c003 1/4 L=1.083 Lq=-0.0237 Le=-0.070 rA=0.188 rB=0.212 a_out=0 u_out=0 mem=20.821008682250977
p5 c003 2/4 L=1.050 Lq=-0.0412 Le=-0.070 rA=0.179 rB=0.221 a_out=1 u_out=1 mem=20.831340789794922
p5 c003 3/4 L=0.991 Lq=-0.0545 Le=-0.127 rA=0.173 rB=0.227 a_out=2 u_out=2 mem=20.831340789794922
p5 c003 4/4 L=0.957 Lq=-0.0677 Le=-0.151 rA=0.166 rB=0.234 a_out=3 u_out=3 mem=20.831340789794922
== extend p5-smoke ==
{'n': 2, 'path': '/root/autodl-tmp/multimodal_attack_project/V-CachePoll/out/p5/p5_smoke.json', 'elapsed_s': 11.412075281143188}
[2026-09-17T05:17:34+08:00] STAGE_OK p5-smoke
[2026-09-17T05:17:34+08:00] STAGE_START /root/autodl-tmp/conda/envs/vattack/bin/python -u /root/autodl-tmp/multimodal_attack_project/V-CachePoll/scripts/run_extend.py --phase p6 --stage smoke --limit 1

===== p6 smoke 2026-09-17T05:17:34+08:00 =====
The argument `trust_remote_code` is to be used with Auto classes. It has no effect here and is ignored.
`Qwen2VLRotaryEmbedding` can now be fully parameterized by passing the model config through the `config` argument. All other arguments will be removed in v4.46
Loading checkpoint shards:   0%|          | 0/5 [00:00<?, ?it/s]Loading checkpoint shards:  20%|██        | 1/5 [00:00<00:03,  1.33it/s]Loading checkpoint shards:  40%|████      | 2/5 [00:01<00:02,  1.46it/s]Loading checkpoint shards:  60%|██████    | 3/5 [00:02<00:01,  1.51it/s]Loading checkpoint shards:  80%|████████  | 4/5 [00:02<00:00,  1.53it/s]Loading checkpoint shards: 100%|██████████| 5/5 [00:02<00:00,  2.01it/s]Loading checkpoint shards: 100%|██████████| 5/5 [00:02<00:00,  1.73it/s]
== p6 smoke c000 ==
p6 c000 1/4 L=0.986 Lq=-0.0524 Le=-0.223 rA=0.174 rB=0.226 a_out=0 u_out=0 mem=20.575724601745605
p6 c000 2/4 L=0.940 Lq=-0.0677 Le=-0.267 rA=0.166 rB=0.234 a_out=1 u_out=1 mem=20.59308433532715
p6 c000 3/4 L=0.920 Lq=-0.0726 Le=-0.299 rA=0.164 rB=0.236 a_out=1 u_out=1 mem=20.59308433532715
p6 c000 4/4 L=0.783 Lq=-0.0836 Le=-0.314 rA=0.158 rB=0.242 a_out=2 u_out=2 mem=20.59308433532715
== extend p6-smoke ==
{'n': 1, 'path': '/root/autodl-tmp/multimodal_attack_project/V-CachePoll/out/p6/p6_smoke.json', 'elapsed_s': 6.1425042152404785}
[2026-09-17T05:17:49+08:00] STAGE_OK p6-smoke
[2026-09-17T05:17:49+08:00] STAGE_START /root/autodl-tmp/conda/envs/vattack/bin/python -u /root/autodl-tmp/multimodal_attack_project/V-CachePoll/scripts/run_extend.py --phase p7 --stage smoke --limit 2

===== p7 smoke 2026-09-17T05:17:49+08:00 =====
The argument `trust_remote_code` is to be used with Auto classes. It has no effect here and is ignored.
`Qwen2VLRotaryEmbedding` can now be fully parameterized by passing the model config through the `config` argument. All other arguments will be removed in v4.46
Loading checkpoint shards:   0%|          | 0/5 [00:00<?, ?it/s]Loading checkpoint shards:  20%|██        | 1/5 [00:00<00:02,  1.36it/s]Loading checkpoint shards:  40%|████      | 2/5 [00:01<00:02,  1.44it/s]Loading checkpoint shards:  60%|██████    | 3/5 [00:02<00:01,  1.47it/s]Loading checkpoint shards:  80%|████████  | 4/5 [00:02<00:00,  1.50it/s]Loading checkpoint shards: 100%|██████████| 5/5 [00:02<00:00,  1.98it/s]Loading checkpoint shards: 100%|██████████| 5/5 [00:02<00:00,  1.71it/s]
== p7 smoke c000 ==
p7 c000 1/4 L=0.986 Lq=-0.0524 Le=-0.223 rA=0.174 rB=0.226 a_out=0 u_out=0 mem=20.575724601745605
p7 c000 2/4 L=0.943 Lq=-0.0664 Le=-0.265 rA=0.167 rB=0.233 a_out=1 u_out=1 mem=20.59308433532715
p7 c000 3/4 L=0.797 Lq=-0.0745 Le=-0.305 rA=0.163 rB=0.237 a_out=2 u_out=2 mem=20.59308433532715
p7 c000 4/4 L=0.786 Lq=-0.0818 Le=-0.313 rA=0.159 rB=0.241 a_out=2 u_out=2 mem=20.59308433532715
== p7 smoke c003 ==
p7 c003 1/4 L=1.083 Lq=-0.0237 Le=-0.070 rA=0.188 rB=0.212 a_out=0 u_out=0 mem=20.821008682250977
p7 c003 2/4 L=1.052 Lq=-0.0413 Le=-0.067 rA=0.179 rB=0.221 a_out=1 u_out=1 mem=20.831340789794922
p7 c003 3/4 L=0.995 Lq=-0.0593 Le=-0.110 rA=0.170 rB=0.230 a_out=2 u_out=2 mem=20.831340789794922
p7 c003 4/4 L=0.953 Lq=-0.0666 Le=-0.160 rA=0.167 rB=0.233 a_out=2 u_out=2 mem=20.831340789794922
== extend p7-smoke ==
{'n': 2, 'path': '/root/autodl-tmp/multimodal_attack_project/V-CachePoll/out/p7/p7_smoke.json', 'elapsed_s': 14.325042963027954}
[2026-09-17T05:18:11+08:00] STAGE_OK p7-smoke
[2026-09-17T05:18:11+08:00] STAGE_START /root/autodl-tmp/conda/envs/vattack/bin/python -u /root/autodl-tmp/multimodal_attack_project/V-CachePoll/scripts/run_extend.py --phase p9 --stage lamp --limit 8

===== p9 lamp 2026-09-17T05:18:11+08:00 =====
The argument `trust_remote_code` is to be used with Auto classes. It has no effect here and is ignored.
`Qwen2VLRotaryEmbedding` can now be fully parameterized by passing the model config through the `config` argument. All other arguments will be removed in v4.46
Loading checkpoint shards:   0%|          | 0/5 [00:00<?, ?it/s]Loading checkpoint shards:  20%|██        | 1/5 [00:00<00:02,  1.39it/s]Loading checkpoint shards:  40%|████      | 2/5 [00:01<00:01,  1.51it/s]Loading checkpoint shards:  60%|██████    | 3/5 [00:01<00:01,  1.53it/s]Loading checkpoint shards:  80%|████████  | 4/5 [00:02<00:00,  1.55it/s]Loading checkpoint shards: 100%|██████████| 5/5 [00:02<00:00,  2.04it/s]Loading checkpoint shards: 100%|██████████| 5/5 [00:02<00:00,  1.76it/s]
== p9-lamp attack c000 (1/8) ==
p9-lamp c000 1/40 L=-0.745 Lq=-0.0524 Le=-0.223 rA=0.174 rB=0.226 a_out=0 u_out=0 mem=20.625311851501465
p9-lamp c000 2/40 L=-1.150 Lq=-0.0750 Le=-0.292 rA=0.162 rB=0.238 a_out=2 u_out=2 mem=20.634687900543213
p9-lamp c000 3/40 L=-1.055 Lq=-0.0694 Le=-0.284 rA=0.165 rB=0.235 a_out=1 u_out=1 mem=20.634687900543213
p9-lamp c000 4/40 L=-1.121 Lq=-0.0711 Le=-0.280 rA=0.164 rB=0.236 a_out=1 u_out=1 mem=20.634687900543213
p9-lamp c000 5/40 L=-1.148 Lq=-0.0732 Le=-0.300 rA=0.163 rB=0.237 a_out=1 u_out=1 mem=20.634687900543213
p9-lamp c000 6/40 L=-1.232 Lq=-0.0791 Le=-0.317 rA=0.160 rB=0.240 a_out=2 u_out=2 mem=20.634687900543213
p9-lamp c000 7/40 L=-1.084 Lq=-0.0712 Le=-0.297 rA=0.164 rB=0.236 a_out=1 u_out=1 mem=20.634687900543213
p9-lamp c000 8/40 L=-1.355 Lq=-0.0859 Le=-0.319 rA=0.157 rB=0.243 a_out=2 u_out=2 mem=20.634687900543213
p9-lamp c000 9/40 L=-1.181 Lq=-0.0755 Le=-0.290 rA=0.162 rB=0.238 a_out=2 u_out=2 mem=20.634687900543213
p9-lamp c000 10/40 L=-1.386 Lq=-0.0868 Le=-0.322 rA=0.157 rB=0.243 a_out=2 u_out=2 mem=20.634687900543213
p9-lamp c000 11/40 L=-1.449 Lq=-0.0899 Le=-0.330 rA=0.155 rB=0.245 a_out=3 u_out=3 mem=20.634687900543213
p9-lamp c000 12/40 L=-1.263 Lq=-0.0804 Le=-0.299 rA=0.160 rB=0.240 a_out=2 u_out=2 mem=20.634687900543213
p9-lamp c000 13/40 L=-1.405 Lq=-0.0877 Le=-0.328 rA=0.156 rB=0.244 a_out=2 u_out=2 mem=20.634687900543213
p9-lamp c000 14/40 L=-1.344 Lq=-0.0855 Le=-0.315 rA=0.157 rB=0.243 a_out=2 u_out=2 mem=20.634687900543213
p9-lamp c000 15/40 L=-1.412 Lq=-0.0884 Le=-0.324 rA=0.156 rB=0.244 a_out=2 u_out=2 mem=20.634687900543213
p9-lamp c000 16/40 L=-1.643 Lq=-0.1010 Le=-0.347 rA=0.150 rB=0.250 a_out=3 u_out=3 mem=20.634687900543213
p9-lamp c000 17/40 L=-1.732 Lq=-0.1061 Le=-0.351 rA=0.147 rB=0.253 a_out=4 u_out=4 mem=20.634687900543213
p9-lamp c000 18/40 L=-1.508 Lq=-0.0940 Le=-0.341 rA=0.153 rB=0.247 a_out=3 u_out=3 mem=20.634687900543213
p9-lamp c000 19/40 L=-1.922 Lq=-0.1158 Le=-0.373 rA=0.142 rB=0.258 a_out=4 u_out=4 mem=20.634687900543213
p9-lamp c000 20/40 L=-1.705 Lq=-0.1033 Le=-0.353 rA=0.148 rB=0.252 a_out=3 u_out=3 mem=20.634687900543213
p9-lamp c000 21/40 L=-1.671 Lq=-0.1017 Le=-0.350 rA=0.149 rB=0.251 a_out=3 u_out=3 mem=20.634687900543213
p9-lamp c000 22/40 L=-1.494 Lq=-0.0922 Le=-0.329 rA=0.154 rB=0.246 a_out=3 u_out=3 mem=20.634687900543213
p9-lamp c000 23/40 L=-1.784 Lq=-0.1069 Le=-0.362 rA=0.147 rB=0.253 a_out=4 u_out=4 mem=20.634687900543213
p9-lamp c000 24/40 L=-1.807 Lq=-0.1086 Le=-0.360 rA=0.146 rB=0.254 a_out=4 u_out=4 mem=20.634687900543213
p9-lamp c000 25/40 L=-1.850 Lq=-0.1111 Le=-0.358 rA=0.144 rB=0.256 a_out=4 u_out=4 mem=20.634687900543213
p9-lamp c000 26/40 L=-2.060 Lq=-0.1222 Le=-0.375 rA=0.139 rB=0.261 a_out=5 u_out=5 mem=20.634687900543213
p9-lamp c000 27/40 L=-1.924 Lq=-0.1150 Le=-0.366 rA=0.142 rB=0.258 a_out=4 u_out=4 mem=20.634687900543213
p9-lamp c000 28/40 L=-1.972 Lq=-0.1172 Le=-0.370 rA=0.141 rB=0.259 a_out=4 u_out=4 mem=20.634687900543213
p9-lamp c000 29/40 L=-2.069 Lq=-0.1222 Le=-0.371 rA=0.139 rB=0.261 a_out=5 u_out=5 mem=20.634687900543213
p9-lamp c000 30/40 L=-2.243 Lq=-0.1319 Le=-0.387 rA=0.134 rB=0.266 a_out=5 u_out=5 mem=20.634687900543213
p9-lamp c000 31/40 L=-2.009 Lq=-0.1199 Le=-0.377 rA=0.140 rB=0.260 a_out=5 u_out=5 mem=20.634687900543213
p9-lamp c000 32/40 L=-2.276 Lq=-0.1335 Le=-0.397 rA=0.133 rB=0.267 a_out=5 u_out=5 mem=20.634687900543213
p9-lamp c000 33/40 L=-2.331 Lq=-0.1361 Le=-0.401 rA=0.132 rB=0.268 a_out=6 u_out=6 mem=20.634687900543213
p9-lamp c000 34/40 L=-2.311 Lq=-0.1354 Le=-0.399 rA=0.132 rB=0.268 a_out=6 u_out=6 mem=20.634687900543213
p9-lamp c000 35/40 L=-2.408 Lq=-0.1395 Le=-0.401 rA=0.130 rB=0.270 a_out=6 u_out=6 mem=20.634687900543213
p9-lamp c000 36/40 L=-2.321 Lq=-0.1357 Le=-0.398 rA=0.132 rB=0.268 a_out=6 u_out=6 mem=20.634687900543213
p9-lamp c000 37/40 L=-2.202 Lq=-0.1298 Le=-0.390 rA=0.135 rB=0.265 a_out=5 u_out=5 mem=20.634687900543213
p9-lamp c000 38/40 L=-2.365 Lq=-0.1382 Le=-0.402 rA=0.131 rB=0.269 a_out=6 u_out=6 mem=20.634687900543213
p9-lamp c000 39/40 L=-2.436 Lq=-0.1412 Le=-0.408 rA=0.129 rB=0.271 a_out=6 u_out=6 mem=20.634687900543213
p9-lamp c000 40/40 L=-2.371 Lq=-0.1380 Le=-0.403 rA=0.131 rB=0.269 a_out=6 u_out=6 mem=20.634687900543213
== p9-lamp attack c003 (2/8) ==
p9-lamp c003 1/40 L=-0.473 Lq=-0.0237 Le=-0.070 rA=0.188 rB=0.212 a_out=0 u_out=0 mem=20.859732627868652
p9-lamp c003 2/40 L=-0.655 Lq=-0.0331 Le=-0.062 rA=0.183 rB=0.217 a_out=1 u_out=1 mem=20.859732627868652
p9-lamp c003 3/40 L=-1.229 Lq=-0.0630 Le=-0.143 rA=0.169 rB=0.231 a_out=3 u_out=3 mem=20.859732627868652
p9-lamp c003 4/40 L=-1.417 Lq=-0.0726 Le=-0.187 rA=0.164 rB=0.236 a_out=3 u_out=3 mem=20.859732627868652
p9-lamp c003 5/40 L=-1.616 Lq=-0.0826 Le=-0.197 rA=0.159 rB=0.241 a_out=4 u_out=4 mem=20.859732627868652
p9-lamp c003 6/40 L=-1.682 Lq=-0.0863 Le=-0.199 rA=0.157 rB=0.243 a_out=4 u_out=4 mem=20.859732627868652
p9-lamp c003 7/40 L=-1.815 Lq=-0.0928 Le=-0.226 rA=0.154 rB=0.246 a_out=5 u_out=5 mem=20.859732627868652
p9-lamp c003 8/40 L=-1.813 Lq=-0.0934 Le=-0.243 rA=0.153 rB=0.247 a_out=5 u_out=5 mem=20.859732627868652
p9-lamp c003 9/40 L=-1.973 Lq=-0.1008 Le=-0.255 rA=0.150 rB=0.250 a_out=5 u_out=5 mem=20.859732627868652
p9-lamp c003 10/40 L=-1.853 Lq=-0.0954 Le=-0.264 rA=0.152 rB=0.248 a_out=5 u_out=5 mem=20.859732627868652
p9-lamp c003 11/40 L=-1.736 Lq=-0.0894 Le=-0.246 rA=0.155 rB=0.245 a_out=5 u_out=5 mem=20.859732627868652
p9-lamp c003 12/40 L=-1.897 Lq=-0.0982 Le=-0.263 rA=0.151 rB=0.249 a_out=5 u_out=5 mem=20.859732627868652
p9-lamp c003 13/40 L=-1.925 Lq=-0.0990 Le=-0.243 rA=0.150 rB=0.250 a_out=5 u_out=5 mem=20.859732627868652
p9-lamp c003 14/40 L=-1.905 Lq=-0.0983 Le=-0.275 rA=0.151 rB=0.249 a_out=5 u_out=5 mem=20.859732627868652
p9-lamp c003 15/40 L=-1.959 Lq=-0.1003 Le=-0.247 rA=0.150 rB=0.250 a_out=5 u_out=5 mem=20.859732627868652
p9-lamp c003 16/40 L=-1.962 Lq=-0.1002 Le=-0.259 rA=0.150 rB=0.250 a_out=5 u_out=5 mem=20.859732627868652
p9-lamp c003 17/40 L=-2.229 Lq=-0.1135 Le=-0.283 rA=0.143 rB=0.257 a_out=6 u_out=6 mem=20.859732627868652
p9-lamp c003 18/40 L=-2.115 Lq=-0.1081 Le=-0.280 rA=0.146 rB=0.254 a_out=6 u_out=6 mem=20.859732627868652
p9-lamp c003 19/40 L=-2.209 Lq=-0.1123 Le=-0.279 rA=0.144 rB=0.256 a_out=6 u_out=6 mem=20.859732627868652
p9-lamp c003 20/40 L=-2.321 Lq=-0.1183 Le=-0.291 rA=0.141 rB=0.259 a_out=7 u_out=7 mem=20.859732627868652
p9-lamp c003 21/40 L=-2.338 Lq=-0.1197 Le=-0.298 rA=0.140 rB=0.260 a_out=7 u_out=7 mem=20.859732627868652
p9-lamp c003 22/40 L=-2.424 Lq=-0.1237 Le=-0.301 rA=0.138 rB=0.262 a_out=7 u_out=7 mem=20.859732627868652
p9-lamp c003 23/40 L=-2.412 Lq=-0.1228 Le=-0.303 rA=0.139 rB=0.261 a_out=7 u_out=7 mem=20.859732627868652
p9-lamp c003 24/40 L=-2.494 Lq=-0.1267 Le=-0.317 rA=0.137 rB=0.263 a_out=7 u_out=7 mem=20.859732627868652
p9-lamp c003 25/40 L=-2.555 Lq=-0.1301 Le=-0.316 rA=0.135 rB=0.265 a_out=8 u_out=7 mem=20.859732627868652
p9-lamp c003 26/40 L=-2.621 Lq=-0.1328 Le=-0.328 rA=0.134 rB=0.266 a_out=8 u_out=7 mem=20.859732627868652
p9-lamp c003 27/40 L=-2.790 Lq=-0.1416 Le=-0.348 rA=0.129 rB=0.271 a_out=8 u_out=7 mem=20.859732627868652
p9-lamp c003 28/40 L=-2.842 Lq=-0.1442 Le=-0.350 rA=0.128 rB=0.272 a_out=9 u_out=7 mem=20.859732627868652
p9-lamp c003 29/40 L=-2.648 Lq=-0.1344 Le=-0.334 rA=0.133 rB=0.267 a_out=8 u_out=7 mem=20.859732627868652
p9-lamp c003 30/40 L=-2.779 Lq=-0.1410 Le=-0.347 rA=0.129 rB=0.271 a_out=8 u_out=7 mem=20.859732627868652
p9-lamp c003 31/40 L=-2.803 Lq=-0.1418 Le=-0.348 rA=0.129 rB=0.271 a_out=8 u_out=7 mem=20.859732627868652
p9-lamp c003 32/40 L=-2.771 Lq=-0.1412 Le=-0.349 rA=0.129 rB=0.271 a_out=8 u_out=7 mem=20.859732627868652
p9-lamp c003 33/40 L=-2.776 Lq=-0.1408 Le=-0.337 rA=0.130 rB=0.270 a_out=8 u_out=7 mem=20.859732627868652
p9-lamp c003 34/40 L=-2.935 Lq=-0.1485 Le=-0.351 rA=0.126 rB=0.274 a_out=9 u_out=7 mem=20.859732627868652
p9-lamp c003 35/40 L=-2.751 Lq=-0.1399 Le=-0.344 rA=0.130 rB=0.270 a_out=8 u_out=7 mem=20.859732627868652
p9-lamp c003 36/40 L=-2.949 Lq=-0.1489 Le=-0.352 rA=0.126 rB=0.274 a_out=9 u_out=7 mem=20.859732627868652
p9-lamp c003 37/40 L=-3.137 Lq=-0.1578 Le=-0.368 rA=0.121 rB=0.279 a_out=10 u_out=7 mem=20.859732627868652
p9-lamp c003 38/40 L=-3.098 Lq=-0.1563 Le=-0.368 rA=0.122 rB=0.278 a_out=9 u_out=7 mem=20.859732627868652
p9-lamp c003 39/40 L=-3.107 Lq=-0.1569 Le=-0.369 rA=0.122 rB=0.278 a_out=9 u_out=7 mem=20.859732627868652
p9-lamp c003 40/40 L=-3.062 Lq=-0.1547 Le=-0.363 rA=0.123 rB=0.277 a_out=9 u_out=7 mem=20.859732627868652
== p9-lamp attack c004 (3/8) ==
p9-lamp c004 1/40 L=0.192 Lq=+0.0021 Le=-0.085 rA=0.201 rB=0.199 a_out=0 u_out=0 mem=20.859732627868652
p9-lamp c004 2/40 L=0.318 Lq=+0.0089 Le=-0.061 rA=0.204 rB=0.196 a_out=0 u_out=0 mem=20.859732627868652
p9-lamp c004 3/40 L=0.030 Lq=-0.0054 Le=-0.125 rA=0.197 rB=0.203 a_out=0 u_out=0 mem=20.859732627868652
p9-lamp c004 4/40 L=-0.126 Lq=-0.0128 Le=-0.154 rA=0.194 rB=0.206 a_out=1 u_out=1 mem=20.859732627868652
p9-lamp c004 5/40 L=-0.359 Lq=-0.0261 Le=-0.176 rA=0.187 rB=0.213 a_out=2 u_out=2 mem=20.859732627868652
p9-lamp c004 6/40 L=-0.582 Lq=-0.0380 Le=-0.193 rA=0.181 rB=0.219 a_out=2 u_out=2 mem=20.859732627868652
p9-lamp c004 7/40 L=-0.672 Lq=-0.0423 Le=-0.207 rA=0.179 rB=0.221 a_out=3 u_out=3 mem=20.859732627868652
p9-lamp c004 8/40 L=-0.737 Lq=-0.0466 Le=-0.235 rA=0.177 rB=0.223 a_out=3 u_out=3 mem=20.859732627868652
p9-lamp c004 9/40 L=-0.554 Lq=-0.0380 Le=-0.236 rA=0.181 rB=0.219 a_out=2 u_out=2 mem=20.859732627868652
p9-lamp c004 10/40 L=-0.374 Lq=-0.0297 Le=-0.235 rA=0.185 rB=0.215 a_out=2 u_out=2 mem=20.859732627868652
p9-lamp c004 11/40 L=-0.741 Lq=-0.0490 Le=-0.259 rA=0.176 rB=0.224 a_out=3 u_out=3 mem=20.859732627868652
p9-lamp c004 12/40 L=-0.868 Lq=-0.0552 Le=-0.276 rA=0.172 rB=0.228 a_out=4 u_out=4 mem=20.859732627868652
p9-lamp c004 13/40 L=-0.522 Lq=-0.0369 Le=-0.236 rA=0.182 rB=0.218 a_out=2 u_out=2 mem=20.859732627868652
p9-lamp c004 14/40 L=-0.621 Lq=-0.0419 Le=-0.232 rA=0.179 rB=0.221 a_out=3 u_out=3 mem=20.859732627868652
p9-lamp c004 15/40 L=-0.487 Lq=-0.0350 Le=-0.223 rA=0.182 rB=0.218 a_out=2 u_out=2 mem=20.859732627868652
p9-lamp c004 16/40 L=-0.563 Lq=-0.0391 Le=-0.249 rA=0.180 rB=0.220 a_out=3 u_out=3 mem=20.859732627868652
p9-lamp c004 17/40 L=-0.947 Lq=-0.0591 Le=-0.285 rA=0.170 rB=0.230 a_out=4 u_out=4 mem=20.859732627868652
p9-lamp c004 18/40 L=-0.903 Lq=-0.0573 Le=-0.267 rA=0.171 rB=0.229 a_out=4 u_out=4 mem=20.859732627868652
p9-lamp c004 19/40 L=-0.813 Lq=-0.0521 Le=-0.276 rA=0.174 rB=0.226 a_out=3 u_out=3 mem=20.859732627868652
p9-lamp c004 20/40 L=-0.650 Lq=-0.0443 Le=-0.250 rA=0.178 rB=0.222 a_out=3 u_out=3 mem=20.859732627868652
p9-lamp c004 21/40 L=-0.761 Lq=-0.0497 Le=-0.279 rA=0.175 rB=0.225 a_out=3 u_out=3 mem=20.859732627868652
p9-lamp c004 22/40 L=-0.745 Lq=-0.0489 Le=-0.265 rA=0.176 rB=0.224 a_out=3 u_out=3 mem=20.859732627868652
p9-lamp c004 23/40 L=-0.705 Lq=-0.0471 Le=-0.250 rA=0.176 rB=0.224 a_out=3 u_out=3 mem=20.859732627868652
p9-lamp c004 24/40 L=-0.628 Lq=-0.0426 Le=-0.261 rA=0.179 rB=0.221 a_out=3 u_out=3 mem=20.859732627868652
p9-lamp c004 25/40 L=-0.582 Lq=-0.0390 Le=-0.241 rA=0.181 rB=0.219 a_out=3 u_out=3 mem=20.859732627868652
p9-lamp c004 26/40 L=-0.818 Lq=-0.0530 Le=-0.284 rA=0.173 rB=0.227 a_out=3 u_out=3 mem=20.859732627868652
p9-lamp c004 27/40 L=-0.848 Lq=-0.0541 Le=-0.286 rA=0.173 rB=0.227 a_out=4 u_out=4 mem=20.859732627868652
p9-lamp c004 28/40 L=-0.877 Lq=-0.0556 Le=-0.294 rA=0.172 rB=0.228 a_out=4 u_out=4 mem=20.859732627868652
p9-lamp c004 29/40 L=-1.001 Lq=-0.0624 Le=-0.304 rA=0.169 rB=0.231 a_out=4 u_out=4 mem=20.859732627868652
p9-lamp c004 30/40 L=-0.734 Lq=-0.0489 Le=-0.278 rA=0.176 rB=0.224 a_out=3 u_out=3 mem=20.859732627868652
p9-lamp c004 31/40 L=-1.124 Lq=-0.0685 Le=-0.311 rA=0.166 rB=0.234 a_out=4 u_out=4 mem=20.859732627868652
p9-lamp c004 32/40 L=-1.219 Lq=-0.0738 Le=-0.322 rA=0.163 rB=0.237 a_out=5 u_out=5 mem=20.859732627868652
p9-lamp c004 33/40 L=-0.956 Lq=-0.0593 Le=-0.293 rA=0.170 rB=0.230 a_out=4 u_out=4 mem=20.859732627868652
p9-lamp c004 34/40 L=-1.062 Lq=-0.0655 Le=-0.309 rA=0.167 rB=0.233 a_out=4 u_out=4 mem=20.859732627868652
p9-lamp c004 35/40 L=-1.372 Lq=-0.0815 Le=-0.342 rA=0.159 rB=0.241 a_out=5 u_out=5 mem=20.859732627868652
p9-lamp c004 36/40 L=-1.440 Lq=-0.0852 Le=-0.344 rA=0.157 rB=0.243 a_out=6 u_out=6 mem=20.859732627868652
p9-lamp c004 37/40 L=-1.332 Lq=-0.0791 Le=-0.332 rA=0.160 rB=0.240 a_out=5 u_out=5 mem=20.859732627868652
p9-lamp c004 38/40 L=-1.327 Lq=-0.0791 Le=-0.337 rA=0.160 rB=0.240 a_out=5 u_out=5 mem=20.859732627868652
p9-lamp c004 39/40 L=-1.098 Lq=-0.0677 Le=-0.322 rA=0.166 rB=0.234 a_out=4 u_out=4 mem=20.859732627868652
p9-lamp c004 40/40 L=-0.954 Lq=-0.0599 Le=-0.315 rA=0.170 rB=0.230 a_out=4 u_out=4 mem=20.859732627868652
== p9-lamp attack c005 (4/8) ==
p9-lamp c005 1/40 L=-0.684 Lq=-0.0363 Le=-0.162 rA=0.182 rB=0.218 a_out=1 u_out=1 mem=20.859732627868652
p9-lamp c005 2/40 L=-0.764 Lq=-0.0406 Le=-0.166 rA=0.180 rB=0.220 a_out=1 u_out=1 mem=20.859732627868652
p9-lamp c005 3/40 L=-0.951 Lq=-0.0529 Le=-0.211 rA=0.174 rB=0.226 a_out=1 u_out=1 mem=20.859732627868652
p9-lamp c005 4/40 L=-1.003 Lq=-0.0548 Le=-0.175 rA=0.173 rB=0.227 a_out=1 u_out=1 mem=20.859732627868652
p9-lamp c005 5/40 L=-1.093 Lq=-0.0601 Le=-0.212 rA=0.170 rB=0.230 a_out=2 u_out=2 mem=20.859732627868652
p9-lamp c005 6/40 L=-1.347 Lq=-0.0744 Le=-0.268 rA=0.163 rB=0.237 a_out=2 u_out=2 mem=20.859732627868652
p9-lamp c005 7/40 L=-1.200 Lq=-0.0679 Le=-0.275 rA=0.166 rB=0.234 a_out=2 u_out=2 mem=20.859732627868652
p9-lamp c005 8/40 L=-1.358 Lq=-0.0751 Le=-0.273 rA=0.162 rB=0.238 a_out=3 u_out=3 mem=20.859732627868652
p9-lamp c005 9/40 L=-1.419 Lq=-0.0778 Le=-0.284 rA=0.161 rB=0.239 a_out=3 u_out=3 mem=20.859732627868652
p9-lamp c005 10/40 L=-1.635 Lq=-0.0888 Le=-0.296 rA=0.156 rB=0.244 a_out=3 u_out=3 mem=20.859732627868652
p9-lamp c005 11/40 L=-1.546 Lq=-0.0839 Le=-0.296 rA=0.158 rB=0.242 a_out=3 u_out=3 mem=20.859732627868652
p9-lamp c005 12/40 L=-1.761 Lq=-0.0957 Le=-0.313 rA=0.152 rB=0.248 a_out=4 u_out=4 mem=20.859732627868652
p9-lamp c005 13/40 L=-1.724 Lq=-0.0931 Le=-0.318 rA=0.153 rB=0.247 a_out=4 u_out=4 mem=20.859732627868652
p9-lamp c005 14/40 L=-1.628 Lq=-0.0877 Le=-0.293 rA=0.156 rB=0.244 a_out=3 u_out=3 mem=20.859732627868652
p9-lamp c005 15/40 L=-1.858 Lq=-0.1007 Le=-0.322 rA=0.150 rB=0.250 a_out=4 u_out=4 mem=20.859732627868652
p9-lamp c005 16/40 L=-1.580 Lq=-0.0856 Le=-0.304 rA=0.157 rB=0.243 a_out=3 u_out=3 mem=20.859732627868652
p9-lamp c005 17/40 L=-1.955 Lq=-0.1057 Le=-0.323 rA=0.147 rB=0.253 a_out=4 u_out=4 mem=20.859732627868652
p9-lamp c005 18/40 L=-1.752 Lq=-0.0949 Le=-0.314 rA=0.153 rB=0.247 a_out=4 u_out=4 mem=20.859732627868652
p9-lamp c005 19/40 L=-1.815 Lq=-0.0981 Le=-0.308 rA=0.151 rB=0.249 a_out=4 u_out=4 mem=20.859732627868652
p9-lamp c005 20/40 L=-1.177 Lq=-0.0645 Le=-0.210 rA=0.168 rB=0.232 a_out=2 u_out=2 mem=20.859732627868652
p9-lamp c005 21/40 L=-1.513 Lq=-0.0824 Le=-0.276 rA=0.159 rB=0.241 a_out=3 u_out=3 mem=20.859732627868652
p9-lamp c005 22/40 L=-1.415 Lq=-0.0758 Le=-0.280 rA=0.162 rB=0.238 a_out=3 u_out=3 mem=20.859732627868652
p9-lamp c005 23/40 L=-1.695 Lq=-0.0912 Le=-0.296 rA=0.154 rB=0.246 a_out=4 u_out=4 mem=20.859732627868652
p9-lamp c005 24/40 L=-1.839 Lq=-0.0989 Le=-0.306 rA=0.151 rB=0.249 a_out=4 u_out=4 mem=20.859732627868652
p9-lamp c005 25/40 L=-1.803 Lq=-0.0981 Le=-0.319 rA=0.151 rB=0.249 a_out=4 u_out=4 mem=20.859732627868652
p9-lamp c005 26/40 L=-1.914 Lq=-0.1026 Le=-0.306 rA=0.149 rB=0.251 a_out=4 u_out=4 mem=20.859732627868652
p9-lamp c005 27/40 L=-1.860 Lq=-0.0996 Le=-0.310 rA=0.150 rB=0.250 a_out=4 u_out=4 mem=20.859732627868652
p9-lamp c005 28/40 L=-1.750 Lq=-0.0954 Le=-0.312 rA=0.152 rB=0.248 a_out=4 u_out=4 mem=20.859732627868652
p9-lamp c005 29/40 L=-1.910 Lq=-0.1030 Le=-0.324 rA=0.149 rB=0.251 a_out=4 u_out=4 mem=20.859732627868652
p9-lamp c005 30/40 L=-2.197 Lq=-0.1174 Le=-0.344 rA=0.141 rB=0.259 a_out=5 u_out=5 mem=20.859732627868652
p9-lamp c005 31/40 L=-1.997 Lq=-0.1077 Le=-0.335 rA=0.146 rB=0.254 a_out=5 u_out=5 mem=20.859732627868652
p9-lamp c005 32/40 L=-2.159 Lq=-0.1159 Le=-0.337 rA=0.142 rB=0.258 a_out=5 u_out=5 mem=20.859732627868652
p9-lamp c005 33/40 L=-2.061 Lq=-0.1114 Le=-0.341 rA=0.144 rB=0.256 a_out=5 u_out=5 mem=20.859732627868652
p9-lamp c005 34/40 L=-2.388 Lq=-0.1257 Le=-0.349 rA=0.137 rB=0.263 a_out=6 u_out=6 mem=20.859732627868652
p9-lamp c005 35/40 L=-2.083 Lq=-0.1107 Le=-0.332 rA=0.145 rB=0.255 a_out=5 u_out=5 mem=20.859732627868652
p9-lamp c005 36/40 L=-1.906 Lq=-0.1025 Le=-0.318 rA=0.149 rB=0.251 a_out=4 u_out=4 mem=20.859732627868652
p9-lamp c005 37/40 L=-1.974 Lq=-0.1063 Le=-0.324 rA=0.147 rB=0.253 a_out=4 u_out=4 mem=20.859732627868652
p9-lamp c005 38/40 L=-2.037 Lq=-0.1085 Le=-0.317 rA=0.146 rB=0.254 a_out=5 u_out=5 mem=20.859732627868652
p9-lamp c005 39/40 L=-2.006 Lq=-0.1072 Le=-0.324 rA=0.146 rB=0.254 a_out=5 u_out=5 mem=20.859732627868652
p9-lamp c005 40/40 L=-2.029 Lq=-0.1090 Le=-0.330 rA=0.146 rB=0.254 a_out=5 u_out=5 mem=20.859732627868652
== p9-lamp attack c006 (5/8) ==
p9-lamp c006 1/40 L=-0.206 Lq=-0.0163 Le=0.023 rA=0.192 rB=0.208 a_out=0 u_out=0 mem=20.859732627868652
p9-lamp c006 2/40 L=-0.277 Lq=-0.0209 Le=-0.007 rA=0.190 rB=0.210 a_out=0 u_out=0 mem=20.859732627868652
p9-lamp c006 3/40 L=-0.428 Lq=-0.0286 Le=0.017 rA=0.186 rB=0.214 a_out=1 u_out=1 mem=20.859732627868652
p9-lamp c006 4/40 L=-0.378 Lq=-0.0259 Le=0.043 rA=0.187 rB=0.213 a_out=1 u_out=1 mem=20.859732627868652
p9-lamp c006 5/40 L=-0.534 Lq=-0.0342 Le=-0.043 rA=0.183 rB=0.217 a_out=1 u_out=1 mem=20.859732627868652
p9-lamp c006 6/40 L=-0.684 Lq=-0.0420 Le=-0.067 rA=0.179 rB=0.221 a_out=2 u_out=2 mem=20.859732627868652
p9-lamp c006 7/40 L=-0.607 Lq=-0.0386 Le=-0.003 rA=0.181 rB=0.219 a_out=2 u_out=2 mem=20.859732627868652
p9-lamp c006 8/40 L=-0.497 Lq=-0.0324 Le=-0.015 rA=0.184 rB=0.216 a_out=1 u_out=1 mem=20.859732627868652
p9-lamp c006 9/40 L=-0.469 Lq=-0.0318 Le=-0.009 rA=0.184 rB=0.216 a_out=1 u_out=1 mem=20.859732627868652
p9-lamp c006 10/40 L=-0.480 Lq=-0.0323 Le=-0.009 rA=0.184 rB=0.216 a_out=1 u_out=1 mem=20.859732627868652
p9-lamp c006 11/40 L=-0.572 Lq=-0.0375 Le=-0.022 rA=0.181 rB=0.219 a_out=1 u_out=1 mem=20.859732627868652
p9-lamp c006 12/40 L=-0.588 Lq=-0.0364 Le=-0.020 rA=0.182 rB=0.218 a_out=1 u_out=1 mem=20.859732627868652
p9-lamp c006 13/40 L=-0.513 Lq=-0.0345 Le=-0.027 rA=0.183 rB=0.217 a_out=1 u_out=1 mem=20.859732627868652
p9-lamp c006 14/40 L=-0.492 Lq=-0.0333 Le=-0.074 rA=0.183 rB=0.217 a_out=1 u_out=1 mem=20.859732627868652
p9-lamp c006 15/40 L=-0.648 Lq=-0.0412 Le=-0.106 rA=0.179 rB=0.221 a_out=2 u_out=2 mem=20.859732627868652
p9-lamp c006 16/40 L=-0.708 Lq=-0.0449 Le=-0.141 rA=0.178 rB=0.222 a_out=2 u_out=2 mem=20.859732627868652
p9-lamp c006 17/40 L=-0.823 Lq=-0.0510 Le=-0.160 rA=0.174 rB=0.226 a_out=2 u_out=2 mem=20.859732627868652
p9-lamp c006 18/40 L=-1.011 Lq=-0.0607 Le=-0.161 rA=0.170 rB=0.230 a_out=3 u_out=3 mem=20.859732627868652
p9-lamp c006 19/40 L=-0.852 Lq=-0.0525 Le=-0.140 rA=0.174 rB=0.226 a_out=2 u_out=2 mem=20.859732627868652
p9-lamp c006 20/40 L=-0.902 Lq=-0.0554 Le=-0.162 rA=0.172 rB=0.228 a_out=3 u_out=3 mem=20.859732627868652
p9-lamp c006 21/40 L=-0.668 Lq=-0.0426 Le=-0.139 rA=0.179 rB=0.221 a_out=2 u_out=2 mem=20.859732627868652
p9-lamp c006 22/40 L=-0.959 Lq=-0.0577 Le=-0.175 rA=0.171 rB=0.229 a_out=3 u_out=3 mem=20.859732627868652
p9-lamp c006 23/40 L=-1.162 Lq=-0.0689 Le=-0.204 rA=0.166 rB=0.234 a_out=3 u_out=3 mem=20.859732627868652
p9-lamp c006 24/40 L=-1.164 Lq=-0.0690 Le=-0.220 rA=0.166 rB=0.234 a_out=3 u_out=3 mem=20.859732627868652
p9-lamp c006 25/40 L=-1.320 Lq=-0.0770 Le=-0.236 rA=0.161 rB=0.239 a_out=4 u_out=4 mem=20.859732627868652
p9-lamp c006 26/40 L=-1.423 Lq=-0.0824 Le=-0.229 rA=0.159 rB=0.241 a_out=4 u_out=4 mem=20.859732627868652
p9-lamp c006 27/40 L=-1.243 Lq=-0.0731 Le=-0.227 rA=0.163 rB=0.237 a_out=4 u_out=4 mem=20.859732627868652
p9-lamp c006 28/40 L=-1.217 Lq=-0.0721 Le=-0.225 rA=0.164 rB=0.236 a_out=4 u_out=4 mem=20.859732627868652
p9-lamp c006 29/40 L=-1.207 Lq=-0.0710 Le=-0.237 rA=0.165 rB=0.235 a_out=4 u_out=4 mem=20.859732627868652
p9-lamp c006 30/40 L=-1.600 Lq=-0.0910 Le=-0.276 rA=0.155 rB=0.245 a_out=5 u_out=5 mem=20.859732627868652
p9-lamp c006 31/40 L=-1.596 Lq=-0.0913 Le=-0.278 rA=0.154 rB=0.246 a_out=5 u_out=5 mem=20.859732627868652
p9-lamp c006 32/40 L=-1.523 Lq=-0.0878 Le=-0.276 rA=0.156 rB=0.244 a_out=5 u_out=5 mem=20.859732627868652
p9-lamp c006 33/40 L=-1.427 Lq=-0.0833 Le=-0.237 rA=0.158 rB=0.242 a_out=4 u_out=4 mem=20.859732627868652
p9-lamp c006 34/40 L=-1.427 Lq=-0.0833 Le=-0.253 rA=0.158 rB=0.242 a_out=4 u_out=4 mem=20.859732627868652
p9-lamp c006 35/40 L=-1.330 Lq=-0.0778 Le=-0.224 rA=0.161 rB=0.239 a_out=4 u_out=4 mem=20.859732627868652
p9-lamp c006 36/40 L=-1.370 Lq=-0.0794 Le=-0.238 rA=0.160 rB=0.240 a_out=4 u_out=4 mem=20.859732627868652
p9-lamp c006 37/40 L=-0.523 Lq=-0.0343 Le=-0.100 rA=0.183 rB=0.217 a_out=1 u_out=1 mem=20.859732627868652
p9-lamp c006 38/40 L=-0.868 Lq=-0.0532 Le=-0.133 rA=0.173 rB=0.227 a_out=2 u_out=2 mem=20.859732627868652
p9-lamp c006 39/40 L=-1.408 Lq=-0.0810 Le=-0.221 rA=0.160 rB=0.240 a_out=4 u_out=4 mem=20.859732627868652
p9-lamp c006 40/40 L=-1.146 Lq=-0.0673 Le=-0.182 rA=0.166 rB=0.234 a_out=3 u_out=3 mem=20.859732627868652
== p9-lamp attack c007 (6/8) ==
p9-lamp c007 1/40 L=-0.180 Lq=-0.0120 Le=-0.096 rA=0.194 rB=0.206 a_out=0 u_out=0 mem=20.859732627868652
p9-lamp c007 2/40 L=-0.409 Lq=-0.0241 Le=-0.116 rA=0.188 rB=0.212 a_out=0 u_out=0 mem=20.859732627868652
p9-lamp c007 3/40 L=-0.427 Lq=-0.0248 Le=-0.110 rA=0.188 rB=0.212 a_out=0 u_out=0 mem=20.859732627868652
p9-lamp c007 4/40 L=-0.248 Lq=-0.0144 Le=-0.125 rA=0.193 rB=0.207 a_out=0 u_out=0 mem=20.859732627868652
p9-lamp c007 5/40 L=-0.612 Lq=-0.0349 Le=-0.154 rA=0.183 rB=0.217 a_out=1 u_out=1 mem=20.859732627868652
p9-lamp c007 6/40 L=-0.744 Lq=-0.0410 Le=-0.164 rA=0.180 rB=0.220 a_out=1 u_out=1 mem=20.859732627868652
p9-lamp c007 7/40 L=-0.903 Lq=-0.0510 Le=-0.185 rA=0.175 rB=0.225 a_out=2 u_out=2 mem=20.859732627868652
p9-lamp c007 8/40 L=-0.659 Lq=-0.0376 Le=-0.171 rA=0.181 rB=0.219 a_out=1 u_out=1 mem=20.859732627868652
p9-lamp c007 9/40 L=-0.793 Lq=-0.0448 Le=-0.206 rA=0.178 rB=0.222 a_out=2 u_out=2 mem=20.859732627868652
p9-lamp c007 10/40 L=-0.923 Lq=-0.0518 Le=-0.209 rA=0.174 rB=0.226 a_out=2 u_out=2 mem=20.859732627868652
p9-lamp c007 11/40 L=-1.150 Lq=-0.0624 Le=-0.230 rA=0.169 rB=0.231 a_out=3 u_out=3 mem=20.859732627868652
p9-lamp c007 12/40 L=-1.201 Lq=-0.0669 Le=-0.255 rA=0.167 rB=0.233 a_out=3 u_out=3 mem=20.859732627868652
p9-lamp c007 13/40 L=-1.435 Lq=-0.0781 Le=-0.295 rA=0.161 rB=0.239 a_out=4 u_out=4 mem=20.859732627868652
p9-lamp c007 14/40 L=-1.621 Lq=-0.0868 Le=-0.313 rA=0.157 rB=0.243 a_out=4 u_out=4 mem=20.859732627868652
p9-lamp c007 15/40 L=-1.349 Lq=-0.0733 Le=-0.299 rA=0.163 rB=0.237 a_out=3 u_out=3 mem=20.859732627868652
p9-lamp c007 16/40 L=-1.343 Lq=-0.0731 Le=-0.268 rA=0.163 rB=0.237 a_out=3 u_out=3 mem=20.859732627868652
p9-lamp c007 17/40 L=-1.479 Lq=-0.0797 Le=-0.290 rA=0.160 rB=0.240 a_out=4 u_out=4 mem=20.859732627868652
p9-lamp c007 18/40 L=-1.527 Lq=-0.0822 Le=-0.314 rA=0.159 rB=0.241 a_out=4 u_out=4 mem=20.859732627868652
p9-lamp c007 19/40 L=-1.541 Lq=-0.0826 Le=-0.313 rA=0.159 rB=0.241 a_out=4 u_out=4 mem=20.859732627868652
p9-lamp c007 20/40 L=-1.759 Lq=-0.0930 Le=-0.319 rA=0.154 rB=0.246 a_out=5 u_out=5 mem=20.859732627868652
p9-lamp c007 21/40 L=-1.790 Lq=-0.0966 Le=-0.325 rA=0.152 rB=0.248 a_out=5 u_out=5 mem=20.859732627868652
p9-lamp c007 22/40 L=-1.763 Lq=-0.0948 Le=-0.324 rA=0.153 rB=0.247 a_out=5 u_out=5 mem=20.859732627868652
p9-lamp c007 23/40 L=-1.895 Lq=-0.1003 Le=-0.334 rA=0.150 rB=0.250 a_out=5 u_out=5 mem=20.859732627868652
p9-lamp c007 24/40 L=-1.741 Lq=-0.0939 Le=-0.325 rA=0.153 rB=0.247 a_out=5 u_out=5 mem=20.859732627868652
p9-lamp c007 25/40 L=-1.777 Lq=-0.0956 Le=-0.315 rA=0.152 rB=0.248 a_out=5 u_out=5 mem=20.859732627868652
p9-lamp c007 26/40 L=-1.766 Lq=-0.0948 Le=-0.320 rA=0.153 rB=0.247 a_out=5 u_out=5 mem=20.859732627868652
p9-lamp c007 27/40 L=-1.800 Lq=-0.0956 Le=-0.327 rA=0.152 rB=0.248 a_out=5 u_out=5 mem=20.859732627868652
p9-lamp c007 28/40 L=-1.825 Lq=-0.0972 Le=-0.325 rA=0.151 rB=0.249 a_out=5 u_out=5 mem=20.859732627868652
p9-lamp c007 29/40 L=-1.805 Lq=-0.0967 Le=-0.322 rA=0.152 rB=0.248 a_out=5 u_out=5 mem=20.859732627868652
p9-lamp c007 30/40 L=-1.792 Lq=-0.0966 Le=-0.316 rA=0.152 rB=0.248 a_out=5 u_out=5 mem=20.859732627868652
p9-lamp c007 31/40 L=-1.755 Lq=-0.0946 Le=-0.319 rA=0.153 rB=0.247 a_out=5 u_out=5 mem=20.859732627868652
p9-lamp c007 32/40 L=-1.487 Lq=-0.0810 Le=-0.303 rA=0.159 rB=0.241 a_out=4 u_out=4 mem=20.859732627868652
p9-lamp c007 33/40 L=-1.775 Lq=-0.0955 Le=-0.332 rA=0.152 rB=0.248 a_out=5 u_out=5 mem=20.859732627868652
p9-lamp c007 34/40 L=-1.816 Lq=-0.0973 Le=-0.328 rA=0.151 rB=0.249 a_out=5 u_out=5 mem=20.859732627868652
p9-lamp c007 35/40 L=-2.110 Lq=-0.1107 Le=-0.342 rA=0.145 rB=0.255 a_out=6 u_out=6 mem=20.859732627868652
p9-lamp c007 36/40 L=-2.221 Lq=-0.1174 Le=-0.348 rA=0.141 rB=0.259 a_out=6 u_out=6 mem=20.859732627868652
p9-lamp c007 37/40 L=-1.866 Lq=-0.1001 Le=-0.311 rA=0.150 rB=0.250 a_out=5 u_out=5 mem=20.859732627868652
p9-lamp c007 38/40 L=-1.375 Lq=-0.0742 Le=-0.279 rA=0.163 rB=0.237 a_out=3 u_out=3 mem=20.859732627868652
p9-lamp c007 39/40 L=-0.824 Lq=-0.0460 Le=-0.189 rA=0.177 rB=0.223 a_out=2 u_out=2 mem=20.859732627868652
p9-lamp c007 40/40 L=-1.669 Lq=-0.0907 Le=-0.303 rA=0.155 rB=0.245 a_out=5 u_out=5 mem=20.859732627868652
== p9-lamp attack c008 (7/8) ==
p9-lamp c008 1/40 L=-1.669 Lq=-0.1012 Le=-0.283 rA=0.149 rB=0.251 a_out=0 u_out=0 mem=20.859732627868652
p9-lamp c008 2/40 L=-2.155 Lq=-0.1262 Le=-0.321 rA=0.137 rB=0.263 a_out=2 u_out=2 mem=20.859732627868652
p9-lamp c008 3/40 L=-2.151 Lq=-0.1256 Le=-0.317 rA=0.137 rB=0.263 a_out=2 u_out=2 mem=20.859732627868652
p9-lamp c008 4/40 L=-1.790 Lq=-0.1073 Le=-0.291 rA=0.146 rB=0.254 a_out=1 u_out=1 mem=20.859732627868652
p9-lamp c008 5/40 L=-2.089 Lq=-0.1224 Le=-0.323 rA=0.139 rB=0.261 a_out=2 u_out=2 mem=20.859732627868652
p9-lamp c008 6/40 L=-2.221 Lq=-0.1294 Le=-0.328 rA=0.135 rB=0.265 a_out=2 u_out=2 mem=20.859732627868652
p9-lamp c008 7/40 L=-2.224 Lq=-0.1290 Le=-0.329 rA=0.136 rB=0.264 a_out=2 u_out=2 mem=20.859732627868652
p9-lamp c008 8/40 L=-2.380 Lq=-0.1370 Le=-0.347 rA=0.132 rB=0.268 a_out=2 u_out=2 mem=20.859732627868652
p9-lamp c008 9/40 L=-2.308 Lq=-0.1334 Le=-0.340 rA=0.133 rB=0.267 a_out=2 u_out=2 mem=20.859732627868652
p9-lamp c008 10/40 L=-2.341 Lq=-0.1350 Le=-0.343 rA=0.132 rB=0.268 a_out=2 u_out=2 mem=20.859732627868652
p9-lamp c008 11/40 L=-1.716 Lq=-0.1032 Le=-0.302 rA=0.148 rB=0.252 a_out=0 u_out=0 mem=20.859732627868652
p9-lamp c008 12/40 L=-2.361 Lq=-0.1359 Le=-0.355 rA=0.132 rB=0.268 a_out=2 u_out=2 mem=20.859732627868652
p9-lamp c008 13/40 L=-2.157 Lq=-0.1255 Le=-0.329 rA=0.137 rB=0.263 a_out=2 u_out=2 mem=20.859732627868652
p9-lamp c008 14/40 L=-2.339 Lq=-0.1346 Le=-0.345 rA=0.133 rB=0.267 a_out=2 u_out=2 mem=20.859732627868652
p9-lamp c008 15/40 L=-2.324 Lq=-0.1342 Le=-0.348 rA=0.133 rB=0.267 a_out=2 u_out=2 mem=20.859732627868652
p9-lamp c008 16/40 L=-2.502 Lq=-0.1429 Le=-0.355 rA=0.129 rB=0.271 a_out=3 u_out=3 mem=20.859732627868652
p9-lamp c008 17/40 L=-2.457 Lq=-0.1410 Le=-0.353 rA=0.130 rB=0.270 a_out=3 u_out=3 mem=20.859732627868652
p9-lamp c008 18/40 L=-2.321 Lq=-0.1340 Le=-0.345 rA=0.133 rB=0.267 a_out=2 u_out=2 mem=20.859732627868652
p9-lamp c008 19/40 L=-2.411 Lq=-0.1386 Le=-0.347 rA=0.131 rB=0.269 a_out=3 u_out=3 mem=20.859732627868652
p9-lamp c008 20/40 L=-2.673 Lq=-0.1516 Le=-0.368 rA=0.124 rB=0.276 a_out=3 u_out=3 mem=20.859732627868652
p9-lamp c008 21/40 L=-2.720 Lq=-0.1534 Le=-0.364 rA=0.123 rB=0.277 a_out=3 u_out=3 mem=20.859732627868652
p9-lamp c008 22/40 L=-2.652 Lq=-0.1502 Le=-0.366 rA=0.125 rB=0.275 a_out=3 u_out=3 mem=20.859732627868652
p9-lamp c008 23/40 L=-2.500 Lq=-0.1428 Le=-0.364 rA=0.129 rB=0.271 a_out=3 u_out=3 mem=20.859732627868652
p9-lamp c008 24/40 L=-2.548 Lq=-0.1453 Le=-0.358 rA=0.127 rB=0.273 a_out=3 u_out=3 mem=20.859732627868652
p9-lamp c008 25/40 L=-2.459 Lq=-0.1404 Le=-0.351 rA=0.130 rB=0.270 a_out=3 u_out=3 mem=20.859732627868652
p9-lamp c008 26/40 L=-2.873 Lq=-0.1607 Le=-0.375 rA=0.120 rB=0.280 a_out=4 u_out=4 mem=20.859732627868652
p9-lamp c008 27/40 L=-3.041 Lq=-0.1691 Le=-0.391 rA=0.115 rB=0.285 a_out=4 u_out=4 mem=20.859732627868652
p9-lamp c008 28/40 L=-2.950 Lq=-0.1646 Le=-0.383 rA=0.118 rB=0.282 a_out=4 u_out=4 mem=20.859732627868652
p9-lamp c008 29/40 L=-2.807 Lq=-0.1576 Le=-0.374 rA=0.121 rB=0.279 a_out=4 u_out=4 mem=20.859732627868652
p9-lamp c008 30/40 L=-2.890 Lq=-0.1618 Le=-0.381 rA=0.119 rB=0.281 a_out=4 u_out=4 mem=20.859732627868652
p9-lamp c008 31/40 L=-3.015 Lq=-0.1676 Le=-0.391 rA=0.116 rB=0.284 a_out=4 u_out=4 mem=20.859732627868652
p9-lamp c008 32/40 L=-3.077 Lq=-0.1711 Le=-0.394 rA=0.114 rB=0.286 a_out=5 u_out=5 mem=20.859732627868652
p9-lamp c008 33/40 L=-3.163 Lq=-0.1749 Le=-0.402 rA=0.113 rB=0.287 a_out=5 u_out=5 mem=20.859732627868652
p9-lamp c008 34/40 L=-3.101 Lq=-0.1718 Le=-0.395 rA=0.114 rB=0.286 a_out=5 u_out=5 mem=20.859732627868652
p9-lamp c008 35/40 L=-2.999 Lq=-0.1670 Le=-0.391 rA=0.117 rB=0.283 a_out=4 u_out=4 mem=20.859732627868652
p9-lamp c008 36/40 L=-2.548 Lq=-0.1452 Le=-0.371 rA=0.127 rB=0.273 a_out=3 u_out=3 mem=20.859732627868652
p9-lamp c008 37/40 L=-3.142 Lq=-0.1735 Le=-0.398 rA=0.113 rB=0.287 a_out=5 u_out=5 mem=20.859732627868652
p9-lamp c008 38/40 L=-3.095 Lq=-0.1719 Le=-0.399 rA=0.114 rB=0.286 a_out=5 u_out=5 mem=20.859732627868652
p9-lamp c008 39/40 L=-3.163 Lq=-0.1750 Le=-0.406 rA=0.113 rB=0.287 a_out=5 u_out=5 mem=20.859732627868652
p9-lamp c008 40/40 L=-3.364 Lq=-0.1846 Le=-0.410 rA=0.108 rB=0.292 a_out=5 u_out=5 mem=20.859732627868652
== p9-lamp attack c009 (8/8) ==
p9-lamp c009 1/40 L=-0.121 Lq=-0.0145 Le=-0.139 rA=0.193 rB=0.207 a_out=0 u_out=0 mem=20.859732627868652
p9-lamp c009 2/40 L=-0.237 Lq=-0.0211 Le=-0.165 rA=0.189 rB=0.211 a_out=0 u_out=0 mem=20.859732627868652
p9-lamp c009 3/40 L=-0.405 Lq=-0.0296 Le=-0.174 rA=0.185 rB=0.215 a_out=1 u_out=1 mem=20.859732627868652
p9-lamp c009 4/40 L=-0.635 Lq=-0.0417 Le=-0.196 rA=0.179 rB=0.221 a_out=2 u_out=2 mem=20.859732627868652
p9-lamp c009 5/40 L=-0.694 Lq=-0.0450 Le=-0.200 rA=0.178 rB=0.222 a_out=2 u_out=2 mem=20.859732627868652
p9-lamp c009 6/40 L=-0.833 Lq=-0.0524 Le=-0.212 rA=0.174 rB=0.226 a_out=2 u_out=2 mem=20.859732627868652
p9-lamp c009 7/40 L=-1.148 Lq=-0.0688 Le=-0.252 rA=0.166 rB=0.234 a_out=3 u_out=3 mem=20.859732627868652
p9-lamp c009 8/40 L=-1.002 Lq=-0.0612 Le=-0.226 rA=0.169 rB=0.231 a_out=3 u_out=3 mem=20.859732627868652
p9-lamp c009 9/40 L=-1.191 Lq=-0.0709 Le=-0.246 rA=0.165 rB=0.235 a_out=4 u_out=4 mem=20.859732627868652
p9-lamp c009 10/40 L=-1.187 Lq=-0.0709 Le=-0.243 rA=0.165 rB=0.235 a_out=4 u_out=4 mem=20.859732627868652
p9-lamp c009 11/40 L=-1.280 Lq=-0.0754 Le=-0.252 rA=0.162 rB=0.238 a_out=4 u_out=4 mem=20.859732627868652
p9-lamp c009 12/40 L=-1.326 Lq=-0.0777 Le=-0.254 rA=0.161 rB=0.239 a_out=4 u_out=4 mem=20.859732627868652
p9-lamp c009 13/40 L=-1.536 Lq=-0.0884 Le=-0.283 rA=0.156 rB=0.244 a_out=5 u_out=5 mem=20.859732627868652
p9-lamp c009 14/40 L=-1.575 Lq=-0.0902 Le=-0.269 rA=0.155 rB=0.245 a_out=5 u_out=5 mem=20.859732627868652
p9-lamp c009 15/40 L=-1.594 Lq=-0.0919 Le=-0.279 rA=0.154 rB=0.246 a_out=5 u_out=5 mem=20.859732627868652
p9-lamp c009 16/40 L=-1.544 Lq=-0.0891 Le=-0.276 rA=0.155 rB=0.245 a_out=5 u_out=5 mem=20.859732627868652
p9-lamp c009 17/40 L=-1.804 Lq=-0.1021 Le=-0.311 rA=0.149 rB=0.251 a_out=6 u_out=6 mem=20.859732627868652
p9-lamp c009 18/40 L=-1.788 Lq=-0.1015 Le=-0.305 rA=0.149 rB=0.251 a_out=6 u_out=6 mem=20.859732627868652
p9-lamp c009 19/40 L=-1.936 Lq=-0.1086 Le=-0.313 rA=0.146 rB=0.254 a_out=6 u_out=6 mem=20.859732627868652
p9-lamp c009 20/40 L=-1.984 Lq=-0.1111 Le=-0.329 rA=0.144 rB=0.256 a_out=6 u_out=6 mem=20.859732627868652
p9-lamp c009 21/40 L=-1.946 Lq=-0.1090 Le=-0.312 rA=0.145 rB=0.255 a_out=6 u_out=6 mem=20.859732627868652
p9-lamp c009 22/40 L=-2.181 Lq=-0.1210 Le=-0.347 rA=0.140 rB=0.260 a_out=7 u_out=7 mem=20.859732627868652
p9-lamp c009 23/40 L=-2.088 Lq=-0.1159 Le=-0.330 rA=0.142 rB=0.258 a_out=7 u_out=7 mem=20.859732627868652
p9-lamp c009 24/40 L=-2.134 Lq=-0.1185 Le=-0.332 rA=0.141 rB=0.259 a_out=7 u_out=7 mem=20.859732627868652
p9-lamp c009 25/40 L=-2.224 Lq=-0.1229 Le=-0.339 rA=0.139 rB=0.261 a_out=7 u_out=7 mem=20.859732627868652
p9-lamp c009 26/40 L=-2.185 Lq=-0.1208 Le=-0.344 rA=0.140 rB=0.260 a_out=7 u_out=7 mem=20.859732627868652
p9-lamp c009 27/40 L=-2.367 Lq=-0.1299 Le=-0.341 rA=0.135 rB=0.265 a_out=7 u_out=7 mem=20.859732627868652
p9-lamp c009 28/40 L=-2.370 Lq=-0.1298 Le=-0.351 rA=0.135 rB=0.265 a_out=7 u_out=7 mem=20.859732627868652
p9-lamp c009 29/40 L=-2.719 Lq=-0.1466 Le=-0.376 rA=0.127 rB=0.273 a_out=9 u_out=9 mem=20.859732627868652
p9-lamp c009 30/40 L=-2.629 Lq=-0.1423 Le=-0.366 rA=0.129 rB=0.271 a_out=8 u_out=8 mem=20.859732627868652
p9-lamp c009 31/40 L=-2.642 Lq=-0.1431 Le=-0.367 rA=0.128 rB=0.272 a_out=8 u_out=8 mem=20.859732627868652
p9-lamp c009 32/40 L=-2.622 Lq=-0.1418 Le=-0.365 rA=0.129 rB=0.271 a_out=8 u_out=8 mem=20.859732627868652
p9-lamp c009 33/40 L=-2.893 Lq=-0.1548 Le=-0.377 rA=0.123 rB=0.277 a_out=9 u_out=9 mem=20.859732627868652
p9-lamp c009 34/40 L=-2.935 Lq=-0.1570 Le=-0.383 rA=0.121 rB=0.279 a_out=9 u_out=9 mem=20.859732627868652
p9-lamp c009 35/40 L=-2.699 Lq=-0.1461 Le=-0.371 rA=0.127 rB=0.273 a_out=8 u_out=8 mem=20.859732627868652
p9-lamp c009 36/40 L=-2.821 Lq=-0.1515 Le=-0.378 rA=0.124 rB=0.276 a_out=9 u_out=9 mem=20.859732627868652
p9-lamp c009 37/40 L=-2.912 Lq=-0.1559 Le=-0.379 rA=0.122 rB=0.278 a_out=9 u_out=9 mem=20.859732627868652
p9-lamp c009 38/40 L=-3.015 Lq=-0.1606 Le=-0.387 rA=0.120 rB=0.280 a_out=9 u_out=9 mem=20.859732627868652
p9-lamp c009 39/40 L=-3.035 Lq=-0.1616 Le=-0.389 rA=0.119 rB=0.281 a_out=10 u_out=10 mem=20.859732627868652
p9-lamp c009 40/40 L=-3.106 Lq=-0.1649 Le=-0.396 rA=0.118 rB=0.282 a_out=10 u_out=10 mem=20.859732627868652
== extend p9-lamp ==
{'n': 8, 'path': '/root/autodl-tmp/multimodal_attack_project/V-CachePoll/out/p9/p9_lamp.json'}
[2026-09-17T05:21:18+08:00] STAGE_OK p9-lamp
[2026-09-17T05:21:18+08:00] NIGHT_DONE
